[5, 1, 0.05, 0.027256783001490394, False, 2, 1, 1724.969097841001, 1724.8460186390923]
[5, 1, 0.05, 0.027256783001490394, False, 4, 2, 1737.1031113991448, 1736.7555893538502]
[5, 1, 0.05, 0.027256783001490394, False, 6, 3, 25987.637970580767, 1628.6612816965137]
[5, 1, 0.05, 0.027256783001490394, False, 8, 4, 25788.7183487561, 1526.0050151853168]
[6, 1, 0.05, 0.024881924824899426, False, 2, 1, 2003.8486547794976, 2003.6660395874856]
[6, 1, 0.05, 0.024881924824899426, False, 4, 2, 2074.5678659507857, 2074.0673589214357]
[6, 1, 0.05, 0.024881924824899426, False, 6, 3, 25940.796440991675, 1962.1375501377267]
[6, 1, 0.05, 0.024881924824899426, False, 8, 4, 25727.90933445069, 1840.9299783751285]
[7, 1, 0.05, 0.023036186123921516, False, 2, 1, 2263.903240053955, 2263.6495964090095]
[7, 1, 0.05, 0.023036186123921516, False, 4, 2, 2405.2810544332283, 2404.591354430136]
[7, 1, 0.05, 0.023036186123921516, False, 6, 3, 25892.872488628913, 2295.8653116643104]
[7, 1, 0.05, 0.023036186123921516, False, 8, 4, 25665.81154601123, 2157.342462278703]
[8, 1, 0.05, 0.021548378993417577, False, 2, 1, 2505.487374948014, 2505.1519267050635]
[8, 1, 0.05, 0.021548378993417577, False, 4, 2, 2723.8905869184277, 2722.9745365721037]
[8, 1, 0.05, 0.021548378993417577, False, 6, 3, 2630.42593497241, 2629.312447006794]
[8, 1, 0.05, 0.021548378993417577, False, 8, 4, 25601.91685011108, 2474.837001378062]
[9, 1, 0.05, 0.020316006546431092, False, 2, 1, 2730.352478170488, 2729.925295095406]
[9, 1, 0.05, 0.020316006546431092, False, 4, 2, 3034.4757748893717, 3033.2964869880907]
[9, 1, 0.05, 0.020316006546431092, False, 6, 3, 2959.309889263555, 2957.8541822612397]
[9, 1, 0.05, 0.020316006546431092, False, 8, 4, 25535.80586987816, 2793.0548203449393]
[10, 1, 0.05, 0.019273456093684076, False, 2, 1, 2939.9930887403607, 2939.4651339191364]
[10, 1, 0.05, 0.019273456093684076, False, 4, 2, 3339.452300309485, 3337.9725221803783]
[10, 1, 0.05, 0.019273456093684076, False, 6, 3, 3281.637886633681, 3279.793665313844]
[10, 1, 0.05, 0.019273456093684076, False, 8, 4, 25467.106141722186, 3111.6461521784267]
[11, 1, 0.05, 0.01837651935079526, False, 2, 1, 3136.3956531091635, 3135.7587072115502]
[11, 1, 0.05, 0.01837651935079526, False, 4, 2, 3635.7477034712747, 3633.9295218990646]
[11, 1, 0.05, 0.01837651935079526, False, 6, 3, 3600.5468179395384, 3598.2630685011354]
[11, 1, 0.05, 0.01837651935079526, False, 8, 4, 25395.468271712867, 3430.3702673860416]
[12, 1, 0.05, 0.017594177772660285, False, 2, 1, 3320.947182689676, 3320.193809358653]
[12, 1, 0.05, 0.017594177772660285, False, 4, 2, 3923.4007967689386, 3921.2062344400565]
[12, 1, 0.05, 0.017594177772660285, False, 6, 3, 3915.7264931521822, 3912.9506764107077]
[12, 1, 0.05, 0.017594177772660285, False, 8, 4, 3752.6789297982814, 3748.9731203374827]
[13, 1, 0.05, 0.01690393922672755, False, 2, 1, 3494.8588887070277, 3493.98237123635]
[13, 1, 0.05, 0.01690393922672755, False, 4, 2, 4197.546535770433, 4194.938312155308]
[13, 1, 0.05, 0.01690393922672755, False, 6, 3, 4226.8654382813365, 4223.54385481115]
[13, 1, 0.05, 0.01690393922672755, False, 8, 4, 4071.2718731295363, 4067.220195730274]
[14, 1, 0.05, 0.016289043420900352, False, 2, 1, 3659.1866078090034, 3658.1808815748377]
[14, 1, 0.05, 0.016289043420900352, False, 4, 2, 4461.687117486074, 4459.09727812068]
[14, 1, 0.05, 0.016289043420900352, False, 6, 3, 4528.518766402616, 4524.600382985967]
[14, 1, 0.05, 0.016289043420900352, False, 8, 4, 4381.641604927198, 4376.819217229857]
[15, 1, 0.05, 0.015736711003153693, False, 8, 4, 4381.641604927198, 4376.819217229857]
[16, 1, 0.05, 0.015237004909823318, False, 8, 4, 4381.641604927198, 4376.819217229857]
[17, 1, 0.05, 0.01478206603794269, False, 8, 4, 4381.641604927198, 4376.819217229857]
[18, 1, 0.05, 0.014365585995611716, False, 8, 4, 4381.641604927198, 4376.819217229857]
[19, 1, 0.05, 0.013982434653505876, False, 8, 4, 4381.641604927198, 4376.819217229857]
[20, 1, 0.05, 0.013628391500745197, False, 8, 4, 4381.641604927198, 4376.819217229857]
[21, 1, 0.05, 0.013299948259748407, False, 8, 4, 4381.641604927198, 4376.819217229857]
[22, 1, 0.05, 0.01299416144755314, False, 8, 4, 4381.641604927198, 4376.819217229857]
[23, 1, 0.05, 0.012708540603026322, False, 8, 4, 4381.641604927198, 4376.819217229857]
[24, 1, 0.05, 0.012440962412449713, False, 8, 4, 4381.641604927198, 4376.819217229857]
[25, 1, 0.05, 0.012189603927858655, False, 8, 4, 4381.641604927198, 4376.819217229857]
[26, 1, 0.05, 0.011952890055984334, False, 8, 4, 4381.641604927198, 4376.819217229857]
[27, 1, 0.05, 0.01172945184844019, False, 8, 4, 4381.641604927198, 4376.819217229857]
[28, 1, 0.05, 0.011518093061960758, False, 8, 4, 4381.641604927198, 4376.819217229857]
[29, 1, 0.05, 0.011317763118140162, False, 8, 4, 4381.641604927198, 4376.819217229857]
[30, 1, 0.05, 0.011127535063902934, False, 8, 4, 4381.641604927198, 4376.819217229857]
[31, 1, 0.05, 0.010946587475249077, False, 8, 4, 4381.641604927198, 4376.819217229857]
[32, 1, 0.05, 0.010774189496708789, False, 8, 4, 4381.641604927198, 4376.819217229857]
[33, 1, 0.05, 0.010609688393950009, False, 8, 4, 4381.641604927198, 4376.819217229857]
[34, 1, 0.05, 0.010452499135376637, False, 8, 4, 4381.641604927198, 4376.819217229857]
[35, 1, 0.05, 0.01030209562308518, False, 8, 4, 4381.641604927198, 4376.819217229857]
[36, 1, 0.05, 0.010158003273215546, False, 8, 4, 4381.641604927198, 4376.819217229857]
[37, 1, 0.05, 0.010019792706966842, False, 8, 4, 4381.641604927198, 4376.819217229857]
[38, 1, 0.05, 0.009887074360991779, False, 8, 4, 4381.641604927198, 4376.819217229857]
[39, 1, 0.05, 0.009759493862916224, False, 8, 4, 4381.641604927198, 4376.819217229857]
[40, 1, 0.05, 0.009636728046842038, False, 8, 4, 4381.641604927198, 4376.819217229857]
[41, 1, 0.05, 0.009518481506729072, False, 8, 4, 4381.641604927198, 4376.819217229857]
[42, 1, 0.05, 0.009404483603898318, False, 8, 4, 4381.641604927198, 4376.819217229857]
[43, 1, 0.05, 0.009294485859595735, False, 8, 4, 4381.641604927198, 4376.819217229857]
[44, 1, 0.05, 0.00918825967539763, False, 8, 4, 4381.641604927198, 4376.819217229857]
[45, 1, 0.05, 0.00908559433383013, False, 8, 4, 4381.641604927198, 4376.819217229857]
[46, 1, 0.05, 0.008986295239384488, False, 8, 4, 4381.641604927198, 4376.819217229857]
[47, 1, 0.05, 0.008890182366499022, False, 8, 4, 4381.641604927198, 4376.819217229857]
[48, 1, 0.05, 0.008797088886330143, False, 8, 4, 4381.641604927198, 4376.819217229857]
[49, 1, 0.05, 0.008706859948470468, False, 8, 4, 4381.641604927198, 4376.819217229857]
[50, 1, 0.05, 0.008619351597367028, False, 8, 4, 4381.641604927198, 4376.819217229857]
[51, 1, 0.05, 0.008534429806185038, False, 8, 4, 4381.641604927198, 4376.819217229857]
[52, 1, 0.05, 0.008451969613363775, False, 8, 4, 4381.641604927198, 4376.819217229857]
[53, 1, 0.05, 0.008371854349209099, False, 8, 4, 4381.641604927198, 4376.819217229857]
[54, 1, 0.05, 0.008293974941633142, False, 8, 4, 4381.641604927198, 4376.819217229857]
[55, 1, 0.05, 0.008218229291643701, False, 8, 4, 4381.641604927198, 4376.819217229857]
[56, 1, 0.05, 0.008144521710450176, False, 8, 4, 4381.641604927198, 4376.819217229857]
[57, 1, 0.05, 0.008072762411127971, False, 8, 4, 4381.641604927198, 4376.819217229857]
[5, 2, 0.05, 0.027256783001490394, False, 2, 1, 2314.2952174752277, 2313.982841384695]
[5, 2, 0.05, 0.027256783001490394, False, 4, 2, 2330.115071991774, 2329.429522322361]
[5, 2, 0.05, 0.027256783001490394, False, 6, 3, 24774.011236724546, 2134.1483496217147]
[5, 2, 0.05, 0.027256783001490394, False, 8, 4, 24247.737734155216, 1957.5025068294754]
[6, 2, 0.05, 0.024881924824899426, False, 2, 1, 2638.131505170085, 2637.6933080962863]
[6, 2, 0.05, 0.024881924824899426, False, 4, 2, 2754.61548418339, 2753.6190714107524]
[6, 2, 0.05, 0.024881924824899426, False, 6, 3, 24647.912858739004, 2553.774695648482]
[6, 2, 0.05, 0.024881924824899426, False, 8, 4, 24094.634011359056, 2347.5753081860585]
[7, 2, 0.05, 0.023036186123921516, False, 2, 1, 2929.899082253295, 2929.32051806047]
[7, 2, 0.05, 0.023036186123921516, False, 4, 2, 3162.2040557290907, 3160.8415734024397]
[7, 2, 0.05, 0.023036186123921516, False, 6, 3, 24520.30761505675, 2968.471432248391]
[7, 2, 0.05, 0.023036186123921516, False, 8, 4, 23954.333986205962, 2735.7100975716894]
[8, 2, 0.05, 0.021548378993417577, False, 2, 1, 3191.9501183757807, 3191.2196737327567]
[8, 2, 0.05, 0.021548378993417577, False, 4, 2, 3544.7365804584906, 3542.9590063628993]
[8, 2, 0.05, 0.021548378993417577, False, 6, 3, 3380.192671063393, 3377.6920095345354]
[8, 2, 0.05, 0.021548378993417577, False, 8, 4, 23811.631446958876, 3121.230248956509]
[9, 2, 0.05, 0.020316006546431092, False, 2, 1, 3428.5319994938045, 3427.64057007526]
[9, 2, 0.05, 0.020316006546431092, False, 4, 2, 3910.2986997116273, 3908.057039652008]
[9, 2, 0.05, 0.020316006546431092, False, 6, 3, 3777.409983134796, 3774.1875918502383]
[9, 2, 0.05, 0.020316006546431092, False, 8, 4, 23665.704815923036, 3503.74458303896]
[10, 2, 0.05, 0.019273456093684076, False, 2, 1, 3643.0206517858105, 3641.961184633895]
[10, 2, 0.05, 0.019273456093684076, False, 4, 2, 4263.603390427116, 4260.848494017405]
[10, 2, 0.05, 0.019273456093684076, False, 6, 3, 4159.780549087599, 4155.758804306046]
[10, 2, 0.05, 0.019273456093684076, False, 8, 4, 23515.876786372653, 3882.857035285642]
[11, 2, 0.05, 0.01837651935079526, False, 2, 1, 3839.191696160499, 3837.958525215826]
[11, 2, 0.05, 0.01837651935079526, False, 4, 2, 4600.335413536561, 4597.023585396832]
[11, 2, 0.05, 0.01837651935079526, False, 6, 3, 4533.467782901273, 4528.563152523031]
[11, 2, 0.05, 0.01837651935079526, False, 8, 4, 4264.903155473895, 4258.329027323922]
[12, 2, 0.05, 0.017594177772660285, False, 2, 1, 4019.605392202083, 4018.1940487392644]
[12, 2, 0.05, 0.017594177772660285, False, 4, 2, 4921.07904189532, 4917.169582822836]
[12, 2, 0.05, 0.017594177772660285, False, 6, 3, 4897.797224060147, 4891.925804415243]
[12, 2, 0.05, 0.017594177772660285, False, 8, 4, 4637.778810251182, 4629.889738337172]
[13, 2, 0.05, 0.01690393922672755, False, 2, 1, 4186.3711694570175, 4184.778120530356]
[13, 2, 0.05, 0.01690393922672755, False, 4, 2, 5218.8948904274475, 5214.357746870319]
[13, 2, 0.05, 0.01690393922672755, False, 6, 3, 5252.590829963541, 5245.669851707921]
[13, 2, 0.05, 0.01690393922672755, False, 8, 4, 5006.636251050688, 4997.291003230144]
[14, 2, 0.05, 0.016289043420900352, False, 2, 1, 4341.234813417666, 4339.457250404685]
[14, 2, 0.05, 0.016289043420900352, False, 4, 2, 5500.732948953884, 5495.536294340459]
[14, 2, 0.05, 0.016289043420900352, False, 6, 3, 5589.8349244922165, 5581.797414212053]
[14, 2, 0.05, 0.016289043420900352, False, 8, 4, 5359.1433063676095, 5348.229869774672]
[15, 2, 0.05, 0.015736711003153693, False, 8, 4, 5359.1433063676095, 5348.229869774672]
[16, 2, 0.05, 0.015237004909823318, False, 8, 4, 5359.1433063676095, 5348.229869774672]
[17, 2, 0.05, 0.01478206603794269, False, 8, 4, 5359.1433063676095, 5348.229869774672]
[18, 2, 0.05, 0.014365585995611716, False, 8, 4, 5359.1433063676095, 5348.229869774672]
[19, 2, 0.05, 0.013982434653505876, False, 8, 4, 5359.1433063676095, 5348.229869774672]
[20, 2, 0.05, 0.013628391500745197, False, 8, 4, 5359.1433063676095, 5348.229869774672]
[21, 2, 0.05, 0.013299948259748407, False, 8, 4, 5359.1433063676095, 5348.229869774672]
[22, 2, 0.05, 0.01299416144755314, False, 8, 4, 5359.1433063676095, 5348.229869774672]
[23, 2, 0.05, 0.012708540603026322, False, 8, 4, 5359.1433063676095, 5348.229869774672]
[24, 2, 0.05, 0.012440962412449713, False, 8, 4, 5359.1433063676095, 5348.229869774672]
[25, 2, 0.05, 0.012189603927858655, False, 8, 4, 5359.1433063676095, 5348.229869774672]
[26, 2, 0.05, 0.011952890055984334, False, 8, 4, 5359.1433063676095, 5348.229869774672]
[27, 2, 0.05, 0.01172945184844019, False, 8, 4, 5359.1433063676095, 5348.229869774672]
[28, 2, 0.05, 0.011518093061960758, False, 8, 4, 5359.1433063676095, 5348.229869774672]
[29, 2, 0.05, 0.011317763118140162, False, 8, 4, 5359.1433063676095, 5348.229869774672]
[30, 2, 0.05, 0.011127535063902934, False, 8, 4, 5359.1433063676095, 5348.229869774672]
[31, 2, 0.05, 0.010946587475249077, False, 8, 4, 5359.1433063676095, 5348.229869774672]
[32, 2, 0.05, 0.010774189496708789, False, 8, 4, 5359.1433063676095, 5348.229869774672]
[33, 2, 0.05, 0.010609688393950009, False, 8, 4, 5359.1433063676095, 5348.229869774672]
[34, 2, 0.05, 0.010452499135376637, False, 8, 4, 5359.1433063676095, 5348.229869774672]
[35, 2, 0.05, 0.01030209562308518, False, 8, 4, 5359.1433063676095, 5348.229869774672]
[36, 2, 0.05, 0.010158003273215546, False, 8, 4, 5359.1433063676095, 5348.229869774672]
[37, 2, 0.05, 0.010019792706966842, False, 8, 4, 5359.1433063676095, 5348.229869774672]
[38, 2, 0.05, 0.009887074360991779, False, 8, 4, 5359.1433063676095, 5348.229869774672]
[39, 2, 0.05, 0.009759493862916224, False, 8, 4, 5359.1433063676095, 5348.229869774672]
[40, 2, 0.05, 0.009636728046842038, False, 8, 4, 5359.1433063676095, 5348.229869774672]
[41, 2, 0.05, 0.009518481506729072, False, 8, 4, 5359.1433063676095, 5348.229869774672]
[42, 2, 0.05, 0.009404483603898318, False, 8, 4, 5359.1433063676095, 5348.229869774672]
[43, 2, 0.05, 0.009294485859595735, False, 8, 4, 5359.1433063676095, 5348.229869774672]
[44, 2, 0.05, 0.00918825967539763, False, 8, 4, 5359.1433063676095, 5348.229869774672]
[45, 2, 0.05, 0.00908559433383013, False, 8, 4, 5359.1433063676095, 5348.229869774672]
[46, 2, 0.05, 0.008986295239384488, False, 8, 4, 5359.1433063676095, 5348.229869774672]
[47, 2, 0.05, 0.008890182366499022, False, 8, 4, 5359.1433063676095, 5348.229869774672]
[48, 2, 0.05, 0.008797088886330143, False, 8, 4, 5359.1433063676095, 5348.229869774672]
[49, 2, 0.05, 0.008706859948470468, False, 8, 4, 5359.1433063676095, 5348.229869774672]
[50, 2, 0.05, 0.008619351597367028, False, 8, 4, 5359.1433063676095, 5348.229869774672]
[51, 2, 0.05, 0.008534429806185038, False, 8, 4, 5359.1433063676095, 5348.229869774672]
[52, 2, 0.05, 0.008451969613363775, False, 8, 4, 5359.1433063676095, 5348.229869774672]
[53, 2, 0.05, 0.008371854349209099, False, 8, 4, 5359.1433063676095, 5348.229869774672]
[54, 2, 0.05, 0.008293974941633142, False, 8, 4, 5359.1433063676095, 5348.229869774672]
[55, 2, 0.05, 0.008218229291643701, False, 8, 4, 5359.1433063676095, 5348.229869774672]
[56, 2, 0.05, 0.008144521710450176, False, 8, 4, 5359.1433063676095, 5348.229869774672]
[57, 2, 0.05, 0.008072762411127971, False, 8, 4, 5359.1433063676095, 5348.229869774672]
[5, 3, 0.05, 0.027256783001490394, False, 2, 1, 2679.245849264913, 2678.736862376502]
[5, 3, 0.05, 0.027256783001490394, False, 4, 2, 2694.0133378596556, 2692.889759745006]
[5, 3, 0.05, 0.027256783001490394, False, 6, 3, 23066.042694437863, 2432.4116637901348]
[5, 3, 0.05, 0.027256783001490394, False, 8, 4, 22244.68817407072, 2203.403254221434]
[6, 3, 0.05, 0.024881924824899426, False, 2, 1, 3018.6175543676145, 3017.9274294362835]
[6, 3, 0.05, 0.024881924824899426, False, 4, 2, 3164.665278344841, 3163.057043272825]
[6, 3, 0.05, 0.024881924824899426, False, 6, 3, 22866.336428216062, 2898.6015628631912]
[6, 3, 0.05, 0.024881924824899426, False, 8, 4, 21941.755491084026, 2631.7605298419294]
[7, 3, 0.05, 0.023036186123921516, False, 2, 1, 3318.0836006477894, 3317.1990653875664]
[7, 3, 0.05, 0.023036186123921516, False, 4, 2, 3610.8545386028695, 3608.687757719577]
[7, 3, 0.05, 0.023036186123921516, False, 6, 3, 3358.6722511775683, 3355.761322239598]
[7, 3, 0.05, 0.023036186123921516, False, 8, 4, 21643.193028976653, 3054.4982716041077]
[8, 3, 0.05, 0.021548378993417577, False, 2, 1, 3581.64298661466, 3580.5552970962294]
[8, 3, 0.05, 0.021548378993417577, False, 4, 2, 4022.798193099257, 4020.0137919820645]
[8, 3, 0.05, 0.021548378993417577, False, 6, 3, 3807.3512795231536, 3803.4552119935274]
[8, 3, 0.05, 0.021548378993417577, False, 8, 4, 21346.66008996095, 3471.2358863501186]
[9, 3, 0.05, 0.020316006546431092, False, 2, 1, 3815.3673144808645, 3814.070648401299]
[9, 3, 0.05, 0.020316006546431092, False, 4, 2, 4411.776613326941, 4408.314969320234]
[9, 3, 0.05, 0.020316006546431092, False, 6, 3, 4237.771182309824, 4232.789399578545]
[9, 3, 0.05, 0.020316006546431092, False, 8, 4, 21050.519371620256, 3881.624354228302]
[10, 3, 0.05, 0.019273456093684076, False, 2, 1, 4023.894983853657, 4022.3857519643498]
[10, 3, 0.05, 0.019273456093684076, False, 4, 2, 4784.260801600786, 4780.061670920158]
[10, 3, 0.05, 0.019273456093684076, False, 6, 3, 4645.515947117178, 4639.335542326728]
[10, 3, 0.05, 0.019273456093684076, False, 8, 4, 4293.659768868577, 4285.2936214057145]
[11, 3, 0.05, 0.01837651935079526, False, 2, 1, 4212.106468246913, 4210.382159055881]
[11, 3, 0.05, 0.01837651935079526, False, 4, 2, 5135.172282268277, 5130.186249245351]
[11, 3, 0.05, 0.01837651935079526, False, 6, 3, 5039.610567162682, 5032.1140192549365]
[11, 3, 0.05, 0.01837651935079526, False, 8, 4, 4692.232635890454, 4682.054867864084]
[12, 3, 0.05, 0.017594177772660285, False, 2, 1, 4383.217409711201, 4381.2764272054455]
[12, 3, 0.05, 0.017594177772660285, False, 4, 2, 5465.668413971859, 5459.850998170115]
[12, 3, 0.05, 0.017594177772660285, False, 6, 3, 5420.1409462447355, 5411.212626174046]
[12, 3, 0.05, 0.017594177772660285, False, 8, 4, 5083.861027781151, 5071.6693382192]
[13, 3, 0.05, 0.01690393922672755, False, 2, 1, 4539.798163426495, 4537.639505394391]
[13, 3, 0.05, 0.01690393922672755, False, 4, 2, 5767.652508950634, 5760.9782039563415]
[13, 3, 0.05, 0.01690393922672755, False, 6, 3, 5787.126348438568, 5776.652788368027]
[13, 3, 0.05, 0.01690393922672755, False, 8, 4, 5468.324469434067, 5453.917893316875]
[14, 3, 0.05, 0.016289043420900352, False, 2, 1, 4683.919140473694, 4681.542162554771]
[14, 3, 0.05, 0.016289043420900352, False, 4, 2, 6050.12574881873, 6042.56347691589]
[14, 3, 0.05, 0.016289043420900352, False, 6, 3, 6131.782449548813, 6119.040313941181]
[14, 3, 0.05, 0.016289043420900352, False, 8, 4, 5831.093618272916, 5814.319817815454]
[15, 3, 0.05, 0.015736711003153693, False, 8, 4, 5831.093618272916, 5814.319817815454]
[16, 3, 0.05, 0.015237004909823318, False, 8, 4, 5831.093618272916, 5814.319817815454]
[17, 3, 0.05, 0.01478206603794269, False, 8, 4, 5831.093618272916, 5814.319817815454]
[18, 3, 0.05, 0.014365585995611716, False, 8, 4, 5831.093618272916, 5814.319817815454]
[19, 3, 0.05, 0.013982434653505876, False, 8, 4, 5831.093618272916, 5814.319817815454]
[20, 3, 0.05, 0.013628391500745197, False, 8, 4, 5831.093618272916, 5814.319817815454]
[21, 3, 0.05, 0.013299948259748407, False, 8, 4, 5831.093618272916, 5814.319817815454]
[22, 3, 0.05, 0.01299416144755314, False, 8, 4, 5831.093618272916, 5814.319817815454]
[23, 3, 0.05, 0.012708540603026322, False, 8, 4, 5831.093618272916, 5814.319817815454]
[24, 3, 0.05, 0.012440962412449713, False, 8, 4, 5831.093618272916, 5814.319817815454]
[25, 3, 0.05, 0.012189603927858655, False, 8, 4, 5831.093618272916, 5814.319817815454]
[26, 3, 0.05, 0.011952890055984334, False, 8, 4, 5831.093618272916, 5814.319817815454]
[27, 3, 0.05, 0.01172945184844019, False, 8, 4, 5831.093618272916, 5814.319817815454]
[28, 3, 0.05, 0.011518093061960758, False, 8, 4, 5831.093618272916, 5814.319817815454]
[29, 3, 0.05, 0.011317763118140162, False, 8, 4, 5831.093618272916, 5814.319817815454]
[30, 3, 0.05, 0.011127535063902934, False, 8, 4, 5831.093618272916, 5814.319817815454]
[31, 3, 0.05, 0.010946587475249077, False, 8, 4, 5831.093618272916, 5814.319817815454]
[32, 3, 0.05, 0.010774189496708789, False, 8, 4, 5831.093618272916, 5814.319817815454]
[33, 3, 0.05, 0.010609688393950009, False, 8, 4, 5831.093618272916, 5814.319817815454]
[34, 3, 0.05, 0.010452499135376637, False, 8, 4, 5831.093618272916, 5814.319817815454]
[35, 3, 0.05, 0.01030209562308518, False, 8, 4, 5831.093618272916, 5814.319817815454]
[36, 3, 0.05, 0.010158003273215546, False, 8, 4, 5831.093618272916, 5814.319817815454]
[37, 3, 0.05, 0.010019792706966842, False, 8, 4, 5831.093618272916, 5814.319817815454]
[38, 3, 0.05, 0.009887074360991779, False, 8, 4, 5831.093618272916, 5814.319817815454]
[39, 3, 0.05, 0.009759493862916224, False, 8, 4, 5831.093618272916, 5814.319817815454]
[40, 3, 0.05, 0.009636728046842038, False, 8, 4, 5831.093618272916, 5814.319817815454]
[41, 3, 0.05, 0.009518481506729072, False, 8, 4, 5831.093618272916, 5814.319817815454]
[42, 3, 0.05, 0.009404483603898318, False, 8, 4, 5831.093618272916, 5814.319817815454]
[43, 3, 0.05, 0.009294485859595735, False, 8, 4, 5831.093618272916, 5814.319817815454]
[44, 3, 0.05, 0.00918825967539763, False, 8, 4, 5831.093618272916, 5814.319817815454]
[45, 3, 0.05, 0.00908559433383013, False, 8, 4, 5831.093618272916, 5814.319817815454]
[46, 3, 0.05, 0.008986295239384488, False, 8, 4, 5831.093618272916, 5814.319817815454]
[47, 3, 0.05, 0.008890182366499022, False, 8, 4, 5831.093618272916, 5814.319817815454]
[48, 3, 0.05, 0.008797088886330143, False, 8, 4, 5831.093618272916, 5814.319817815454]
[49, 3, 0.05, 0.008706859948470468, False, 8, 4, 5831.093618272916, 5814.319817815454]
[50, 3, 0.05, 0.008619351597367028, False, 8, 4, 5831.093618272916, 5814.319817815454]
[51, 3, 0.05, 0.008534429806185038, False, 8, 4, 5831.093618272916, 5814.319817815454]
[52, 3, 0.05, 0.008451969613363775, False, 8, 4, 5831.093618272916, 5814.319817815454]
[53, 3, 0.05, 0.008371854349209099, False, 8, 4, 5831.093618272916, 5814.319817815454]
[54, 3, 0.05, 0.008293974941633142, False, 8, 4, 5831.093618272916, 5814.319817815454]
[55, 3, 0.05, 0.008218229291643701, False, 8, 4, 5831.093618272916, 5814.319817815454]
[56, 3, 0.05, 0.008144521710450176, False, 8, 4, 5831.093618272916, 5814.319817815454]
[57, 3, 0.05, 0.008072762411127971, False, 8, 4, 5831.093618272916, 5814.319817815454]
[5, 4, 0.05, 0.027256783001490394, False, 2, 1, 2910.5031421581057, 2909.8147100254064]
[5, 4, 0.05, 0.027256783001490394, False, 4, 2, 2924.451652230711, 2922.907167323605]
[5, 4, 0.05, 0.027256783001490394, False, 6, 3, 20758.438486680614, 2608.7986320810223]
[5, 4, 0.05, 0.027256783001490394, False, 8, 4, 19400.68369849975, 2340.1851739712783]
[6, 4, 0.05, 0.024881924824899426, False, 2, 1, 3254.908723098164, 3253.994584455632]
[6, 4, 0.05, 0.024881924824899426, False, 4, 2, 3420.131423177437, 3417.938511247584]
[6, 4, 0.05, 0.024881924824899426, False, 6, 3, 20415.231247651656, 3098.250622491614]
[6, 4, 0.05, 0.024881924824899426, False, 8, 4, 19044.897289442426, 2788.45365041766]
[7, 4, 0.05, 0.023036186123921516, False, 2, 1, 3554.8812522777375, 3553.7303126846364]
[7, 4, 0.05, 0.023036186123921516, False, 4, 2, 3884.6296200634056, 3881.6936533769986]
[7, 4, 0.05, 0.023036186123921516, False, 6, 3, 3579.537338177817, 3575.110497991346]
[7, 4, 0.05, 0.023036186123921516, False, 8, 4, 18702.617532576045, 3228.935856567723]
[8, 4, 0.05, 0.021548378993417577, False, 2, 1, 3815.544192396208, 3814.1506988546257]
[8, 4, 0.05, 0.021548378993417577, False, 4, 2, 4308.281909128307, 4304.532852033131]
[8, 4, 0.05, 0.021548378993417577, False, 6, 3, 4044.8762071722663, 4039.079871625123]
[8, 4, 0.05, 0.021548378993417577, False, 8, 4, 18367.177365401654, 3661.2407861726815]
[9, 4, 0.05, 0.020316006546431092, False, 2, 1, 4044.1570245191865, 4042.5181021195585]
[9, 4, 0.05, 0.020316006546431092, False, 4, 2, 4704.720070487447, 4700.085182952892]
[9, 4, 0.05, 0.020316006546431092, False, 6, 3, 4487.690516617663, 4480.360356229333]
[9, 4, 0.05, 0.020316006546431092, False, 8, 4, 4094.3285328844986, 4085.0598894714576]
[10, 4, 0.05, 0.019273456093684076, False, 2, 1, 4246.132832717666, 4244.247632396997]
[10, 4, 0.05, 0.019273456093684076, False, 4, 2, 5081.655610667485, 5076.059727611341]
[10, 4, 0.05, 0.019273456093684076, False, 6, 3, 4906.07034147358, 4897.059781740839]
[10, 4, 0.05, 0.019273456093684076, False, 8, 4, 4511.539957665988, 4500.052780723928]
[11, 4, 0.05, 0.01837651935079526, False, 2, 1, 4427.000424580923, 4424.868633392619]
[11, 4, 0.05, 0.01837651935079526, False, 4, 2, 5433.614592120383, 5426.99766963775]
[11, 4, 0.05, 0.01837651935079526, False, 6, 3, 5308.3305282205865, 5297.481516220605]
[11, 4, 0.05, 0.01837651935079526, False, 8, 4, 4920.040361194182, 4906.072678293378]
[12, 4, 0.05, 0.017594177772660285, False, 2, 1, 4590.3285421035935, 4587.950351434444]
[12, 4, 0.05, 0.017594177772660285, False, 4, 2, 5762.2088171474425, 5754.51648880172]
[12, 4, 0.05, 0.017594177772660285, False, 6, 3, 5694.532670714334, 5681.690180322743]
[12, 4, 0.05, 0.017594177772660285, False, 8, 4, 5319.620999586242, 5302.911172516156]
[13, 4, 0.05, 0.01690393922672755, False, 2, 1, 4738.919373697151, 4736.29517114585]
[13, 4, 0.05, 0.01690393922672755, False, 4, 2, 6058.781550211125, 6049.985640831914]
[13, 4, 0.05, 0.01690393922672755, False, 6, 3, 6064.844211747321, 6049.857208856983]
[13, 4, 0.05, 0.01690393922672755, False, 8, 4, 5710.092363515327, 5690.376429056456]
[14, 4, 0.05, 0.016289043420900352, False, 2, 1, 4874.994438352845, 4872.124597649689]
[14, 4, 0.05, 0.016289043420900352, False, 4, 2, 6333.642186503334, 6323.704034320364]
[14, 4, 0.05, 0.016289043420900352, False, 6, 3, 6409.109776197172, 6391.869092020779]
[14, 4, 0.05, 0.016289043420900352, False, 8, 4, 6075.7261859151295, 6052.815330250725]
[15, 4, 0.05, 0.015736711003153693, False, 8, 4, 6075.7261859151295, 6052.815330250725]
[16, 4, 0.05, 0.015237004909823318, False, 8, 4, 6075.7261859151295, 6052.815330250725]
[17, 4, 0.05, 0.01478206603794269, False, 8, 4, 6075.7261859151295, 6052.815330250725]
[18, 4, 0.05, 0.014365585995611716, False, 8, 4, 6075.7261859151295, 6052.815330250725]
[19, 4, 0.05, 0.013982434653505876, False, 8, 4, 6075.7261859151295, 6052.815330250725]
[20, 4, 0.05, 0.013628391500745197, False, 8, 4, 6075.7261859151295, 6052.815330250725]
[21, 4, 0.05, 0.013299948259748407, False, 8, 4, 6075.7261859151295, 6052.815330250725]
[22, 4, 0.05, 0.01299416144755314, False, 8, 4, 6075.7261859151295, 6052.815330250725]
[23, 4, 0.05, 0.012708540603026322, False, 8, 4, 6075.7261859151295, 6052.815330250725]
[24, 4, 0.05, 0.012440962412449713, False, 8, 4, 6075.7261859151295, 6052.815330250725]
[25, 4, 0.05, 0.012189603927858655, False, 8, 4, 6075.7261859151295, 6052.815330250725]
[26, 4, 0.05, 0.011952890055984334, False, 8, 4, 6075.7261859151295, 6052.815330250725]
[27, 4, 0.05, 0.01172945184844019, False, 8, 4, 6075.7261859151295, 6052.815330250725]
[28, 4, 0.05, 0.011518093061960758, False, 8, 4, 6075.7261859151295, 6052.815330250725]
[29, 4, 0.05, 0.011317763118140162, False, 8, 4, 6075.7261859151295, 6052.815330250725]
[30, 4, 0.05, 0.011127535063902934, False, 8, 4, 6075.7261859151295, 6052.815330250725]
[31, 4, 0.05, 0.010946587475249077, False, 8, 4, 6075.7261859151295, 6052.815330250725]
[32, 4, 0.05, 0.010774189496708789, False, 8, 4, 6075.7261859151295, 6052.815330250725]
[33, 4, 0.05, 0.010609688393950009, False, 8, 4, 6075.7261859151295, 6052.815330250725]
[34, 4, 0.05, 0.010452499135376637, False, 8, 4, 6075.7261859151295, 6052.815330250725]
[35, 4, 0.05, 0.01030209562308518, False, 8, 4, 6075.7261859151295, 6052.815330250725]
[36, 4, 0.05, 0.010158003273215546, False, 8, 4, 6075.7261859151295, 6052.815330250725]
[37, 4, 0.05, 0.010019792706966842, False, 8, 4, 6075.7261859151295, 6052.815330250725]
[38, 4, 0.05, 0.009887074360991779, False, 8, 4, 6075.7261859151295, 6052.815330250725]
[39, 4, 0.05, 0.009759493862916224, False, 8, 4, 6075.7261859151295, 6052.815330250725]
[40, 4, 0.05, 0.009636728046842038, False, 8, 4, 6075.7261859151295, 6052.815330250725]
[41, 4, 0.05, 0.009518481506729072, False, 8, 4, 6075.7261859151295, 6052.815330250725]
[42, 4, 0.05, 0.009404483603898318, False, 8, 4, 6075.7261859151295, 6052.815330250725]
[43, 4, 0.05, 0.009294485859595735, False, 8, 4, 6075.7261859151295, 6052.815330250725]
[44, 4, 0.05, 0.00918825967539763, False, 8, 4, 6075.7261859151295, 6052.815330250725]
[45, 4, 0.05, 0.00908559433383013, False, 8, 4, 6075.7261859151295, 6052.815330250725]
[46, 4, 0.05, 0.008986295239384488, False, 8, 4, 6075.7261859151295, 6052.815330250725]
[47, 4, 0.05, 0.008890182366499022, False, 8, 4, 6075.7261859151295, 6052.815330250725]
[48, 4, 0.05, 0.008797088886330143, False, 8, 4, 6075.7261859151295, 6052.815330250725]
[49, 4, 0.05, 0.008706859948470468, False, 8, 4, 6075.7261859151295, 6052.815330250725]
[50, 4, 0.05, 0.008619351597367028, False, 8, 4, 6075.7261859151295, 6052.815330250725]
[51, 4, 0.05, 0.008534429806185038, False, 8, 4, 6075.7261859151295, 6052.815330250725]
[52, 4, 0.05, 0.008451969613363775, False, 8, 4, 6075.7261859151295, 6052.815330250725]
[53, 4, 0.05, 0.008371854349209099, False, 8, 4, 6075.7261859151295, 6052.815330250725]
[54, 4, 0.05, 0.008293974941633142, False, 8, 4, 6075.7261859151295, 6052.815330250725]
[55, 4, 0.05, 0.008218229291643701, False, 8, 4, 6075.7261859151295, 6052.815330250725]
[56, 4, 0.05, 0.008144521710450176, False, 8, 4, 6075.7261859151295, 6052.815330250725]
[57, 4, 0.05, 0.008072762411127971, False, 8, 4, 6075.7261859151295, 6052.815330250725]
[5, 5, 0.05, 0.027256783001490394, False, 2, 1, 3064.432691548835, 3063.5831630587]
[5, 5, 0.05, 0.027256783001490394, False, 4, 2, 3065.750449189894, 3063.7674784038636]
[5, 5, 0.05, 0.027256783001490394, False, 6, 3, 18287.94334686374, 2717.322423908742]
[5, 5, 0.05, 0.027256783001490394, False, 8, 4, 16855.27398501303, 2426.4604355303486]
[6, 5, 0.05, 0.024881924824899426, False, 2, 1, 3409.563008574945, 3408.4492916456375]
[6, 5, 0.05, 0.024881924824899426, False, 4, 2, 3573.4514952042473, 3570.645060511511]
[6, 5, 0.05, 0.024881924824899426, False, 6, 3, 3224.820624921992, 3220.6408480086798]
[6, 5, 0.05, 0.024881924824899426, False, 8, 4, 16476.31774795251, 2885.978426293678]
[7, 5, 0.05, 0.023036186123921516, False, 2, 1, 3707.4785669422904, 3706.0911451325937]
[7, 5, 0.05, 0.023036186123921516, False, 4, 2, 4047.2224664419177, 4043.4800759201657]
[7, 5, 0.05, 0.023036186123921516, False, 6, 3, 3714.739045611291, 3709.042080480988]
[7, 5, 0.05, 0.023036186123921516, False, 8, 4, 16104.221508695166, 3335.5794476579194]
[8, 5, 0.05, 0.021548378993417577, False, 2, 1, 3964.075949564916, 3962.411112069467]
[8, 5, 0.05, 0.021548378993417577, False, 4, 2, 4476.134527947998, 4471.375522452622]
[8, 5, 0.05, 0.021548378993417577, False, 6, 3, 4189.771787078199, 4182.323622842699]
[8, 5, 0.05, 0.021548378993417577, False, 8, 4, 3783.9419699323503, 3774.5379623084978]
[9, 5, 0.05, 0.020316006546431092, False, 2, 1, 4186.449747391998, 4184.503560762538]
[9, 5, 0.05, 0.020316006546431092, False, 4, 2, 4875.5134766387055, 4869.653782909806]
[9, 5, 0.05, 0.020316006546431092, False, 6, 3, 4639.526386342483, 4630.124873077755]
[9, 5, 0.05, 0.020316006546431092, False, 8, 4, 4214.973462697722, 4203.020933079955]
[10, 5, 0.05, 0.019273456093684076, False, 2, 1, 4381.252789520189, 4379.024208643579]
[10, 5, 0.05, 0.019273456093684076, False, 4, 2, 5253.590270087058, 5246.540722201711]
[10, 5, 0.05, 0.019273456093684076, False, 6, 3, 5061.782185626628, 5050.246206666301]
[10, 5, 0.05, 0.019273456093684076, False, 8, 4, 4635.53731229024, 4620.703467896981]
[11, 5, 0.05, 0.01837651935079526, False, 2, 1, 4554.611369592347, 4552.099770331091]
[11, 5, 0.05, 0.01837651935079526, False, 4, 2, 5604.669519343656, 5596.360870122397]
[11, 5, 0.05, 0.01837651935079526, False, 6, 3, 5465.703081257444, 5451.835818121459]
[11, 5, 0.05, 0.01837651935079526, False, 8, 4, 5045.507685437722, 5027.459616988096]
[12, 5, 0.05, 0.017594177772660285, False, 2, 1, 4710.2953083467, 4707.500133050825]
[12, 5, 0.05, 0.017594177772660285, False, 4, 2, 5930.659674724766, 5921.029544805022]
[12, 5, 0.05, 0.017594177772660285, False, 6, 3, 5850.394743443193, 5833.989487422152]
[12, 5, 0.05, 0.017594177772660285, False, 8, 4, 5444.690024048097, 5423.09275739007]
[13, 5, 0.05, 0.01690393922672755, False, 2, 1, 4851.227584976655, 4848.148068778663]
[13, 5, 0.05, 0.01690393922672755, False, 4, 2, 6222.601432635825, 6211.62136974422]
[13, 5, 0.05, 0.01690393922672755, False, 6, 3, 6217.232876917349, 6198.0997318015225]
[13, 5, 0.05, 0.01690393922672755, False, 8, 4, 5832.903197635015, 5807.419318259227]
[14, 5, 0.05, 0.016289043420900352, False, 2, 1, 4979.699324735732, 4976.334318101723]
[14, 5, 0.05, 0.016289043420900352, False, 4, 2, 6491.597457048263, 6479.224023260454]
[14, 5, 0.05, 0.016289043420900352, False, 6, 3, 6555.699272055364, 6533.705020532688]
[14, 5, 0.05, 0.016289043420900352, False, 8, 4, 6193.823183396007, 6164.219935720779]
[15, 5, 0.05, 0.015736711003153693, False, 8, 4, 6193.823183396007, 6164.219935720779]
[16, 5, 0.05, 0.015237004909823318, False, 8, 4, 6193.823183396007, 6164.219935720779]
[17, 5, 0.05, 0.01478206603794269, False, 8, 4, 6193.823183396007, 6164.219935720779]
[18, 5, 0.05, 0.014365585995611716, False, 8, 4, 6193.823183396007, 6164.219935720779]
[19, 5, 0.05, 0.013982434653505876, False, 8, 4, 6193.823183396007, 6164.219935720779]
[20, 5, 0.05, 0.013628391500745197, False, 8, 4, 6193.823183396007, 6164.219935720779]
[21, 5, 0.05, 0.013299948259748407, False, 8, 4, 6193.823183396007, 6164.219935720779]
[22, 5, 0.05, 0.01299416144755314, False, 8, 4, 6193.823183396007, 6164.219935720779]
[23, 5, 0.05, 0.012708540603026322, False, 8, 4, 6193.823183396007, 6164.219935720779]
[24, 5, 0.05, 0.012440962412449713, False, 8, 4, 6193.823183396007, 6164.219935720779]
[25, 5, 0.05, 0.012189603927858655, False, 8, 4, 6193.823183396007, 6164.219935720779]
[26, 5, 0.05, 0.011952890055984334, False, 8, 4, 6193.823183396007, 6164.219935720779]
[27, 5, 0.05, 0.01172945184844019, False, 8, 4, 6193.823183396007, 6164.219935720779]
[28, 5, 0.05, 0.011518093061960758, False, 8, 4, 6193.823183396007, 6164.219935720779]
[29, 5, 0.05, 0.011317763118140162, False, 8, 4, 6193.823183396007, 6164.219935720779]
[30, 5, 0.05, 0.011127535063902934, False, 8, 4, 6193.823183396007, 6164.219935720779]
[31, 5, 0.05, 0.010946587475249077, False, 8, 4, 6193.823183396007, 6164.219935720779]
[32, 5, 0.05, 0.010774189496708789, False, 8, 4, 6193.823183396007, 6164.219935720779]
[33, 5, 0.05, 0.010609688393950009, False, 8, 4, 6193.823183396007, 6164.219935720779]
[34, 5, 0.05, 0.010452499135376637, False, 8, 4, 6193.823183396007, 6164.219935720779]
[35, 5, 0.05, 0.01030209562308518, False, 8, 4, 6193.823183396007, 6164.219935720779]
[36, 5, 0.05, 0.010158003273215546, False, 8, 4, 6193.823183396007, 6164.219935720779]
[37, 5, 0.05, 0.010019792706966842, False, 8, 4, 6193.823183396007, 6164.219935720779]
[38, 5, 0.05, 0.009887074360991779, False, 8, 4, 6193.823183396007, 6164.219935720779]
[39, 5, 0.05, 0.009759493862916224, False, 8, 4, 6193.823183396007, 6164.219935720779]
[40, 5, 0.05, 0.009636728046842038, False, 8, 4, 6193.823183396007, 6164.219935720779]
[41, 5, 0.05, 0.009518481506729072, False, 8, 4, 6193.823183396007, 6164.219935720779]
[42, 5, 0.05, 0.009404483603898318, False, 8, 4, 6193.823183396007, 6164.219935720779]
[43, 5, 0.05, 0.009294485859595735, False, 8, 4, 6193.823183396007, 6164.219935720779]
[44, 5, 0.05, 0.00918825967539763, False, 8, 4, 6193.823183396007, 6164.219935720779]
[45, 5, 0.05, 0.00908559433383013, False, 8, 4, 6193.823183396007, 6164.219935720779]
[46, 5, 0.05, 0.008986295239384488, False, 8, 4, 6193.823183396007, 6164.219935720779]
[47, 5, 0.05, 0.008890182366499022, False, 8, 4, 6193.823183396007, 6164.219935720779]
[48, 5, 0.05, 0.008797088886330143, False, 8, 4, 6193.823183396007, 6164.219935720779]
[49, 5, 0.05, 0.008706859948470468, False, 8, 4, 6193.823183396007, 6164.219935720779]
[50, 5, 0.05, 0.008619351597367028, False, 8, 4, 6193.823183396007, 6164.219935720779]
[51, 5, 0.05, 0.008534429806185038, False, 8, 4, 6193.823183396007, 6164.219935720779]
[52, 5, 0.05, 0.008451969613363775, False, 8, 4, 6193.823183396007, 6164.219935720779]
[53, 5, 0.05, 0.008371854349209099, False, 8, 4, 6193.823183396007, 6164.219935720779]
[54, 5, 0.05, 0.008293974941633142, False, 8, 4, 6193.823183396007, 6164.219935720779]
[55, 5, 0.05, 0.008218229291643701, False, 8, 4, 6193.823183396007, 6164.219935720779]
[56, 5, 0.05, 0.008144521710450176, False, 8, 4, 6193.823183396007, 6164.219935720779]
[57, 5, 0.05, 0.008072762411127971, False, 8, 4, 6193.823183396007, 6164.219935720779]
[5, 6, 0.05, 0.027256783001490394, False, 2, 1, 3166.157110604226, 3165.1513976758183]
[5, 6, 0.05, 0.027256783001490394, False, 4, 2, 3160.0830853555403, 3157.6446791960966]
[5, 6, 0.05, 0.027256783001490394, False, 6, 3, 2792.7539583427124, 2789.1704675780857]
[5, 6, 0.05, 0.027256783001490394, False, 8, 4, 14513.308748741034, 2480.4946935840107]
[6, 6, 0.05, 0.024881924824899426, False, 2, 1, 3508.9912504793356, 3507.6800375026455]
[6, 6, 0.05, 0.024881924824899426, False, 4, 2, 3675.4750565700265, 3672.0359965528946]
[6, 6, 0.05, 0.024881924824899426, False, 6, 3, 3304.5995238070477, 3299.427392632966]
[6, 6, 0.05, 0.024881924824899426, False, 8, 4, 14113.993338946864, 2945.1003861536674]
[7, 6, 0.05, 0.023036186123921516, False, 2, 1, 3802.835310333967, 3801.208337691316]
[7, 6, 0.05, 0.023036186123921516, False, 4, 2, 4154.228229765036, 4149.656521346969]
[7, 6, 0.05, 0.023036186123921516, False, 6, 3, 3799.609975133013, 3792.5553679441527]
[7, 6, 0.05, 0.023036186123921516, False, 8, 4, 3407.140015261672, 3398.20981308097]
[8, 6, 0.05, 0.021548378993417577, False, 2, 1, 4054.141963007516, 4052.1951636758968]
[8, 6, 0.05, 0.021548378993417577, False, 4, 2, 4584.9783318431055, 4579.181514673263]
[8, 6, 0.05, 0.021548378993417577, False, 6, 3, 4277.657013970409, 4268.430819623595]
[8, 6, 0.05, 0.021548378993417577, False, 8, 4, 3851.242965724796, 3839.5369421842324]
[9, 6, 0.05, 0.020316006546431092, False, 2, 1, 4271.496345498918, 4269.228047064525]
[9, 6, 0.05, 0.020316006546431092, False, 4, 2, 4983.978995386701, 4976.857862869002]
[9, 6, 0.05, 0.020316006546431092, False, 6, 3, 4728.026764298, 4716.3811668582]
[9, 6, 0.05, 0.020316006546431092, False, 8, 4, 4284.100349158983, 4269.221562752803]
[10, 6, 0.05, 0.019273456093684076, False, 2, 1, 4461.123021409157, 4458.533017497201]
[10, 6, 0.05, 0.019273456093684076, False, 4, 2, 5360.280299201153, 5351.730175054123]
[10, 6, 0.05, 0.019273456093684076, False, 6, 3, 5148.611092709778, 5134.325569997158]
[10, 6, 0.05, 0.019273456093684076, False, 8, 4, 4705.233479729007, 4686.786298713759]
[11, 6, 0.05, 0.01837651935079526, False, 2, 1, 4629.18766808755, 4626.275235343811]
[11, 6, 0.05, 0.01837651935079526, False, 4, 2, 5707.470616430502, 5697.405627254599]
[11, 6, 0.05, 0.01837651935079526, False, 6, 3, 5549.080777842543, 5531.914960530407]
[11, 6, 0.05, 0.01837651935079526, False, 8, 4, 5114.39714080524, 5091.983636806434]
[12, 6, 0.05, 0.017594177772660285, False, 2, 1, 4779.732343031624, 4776.4974839157285]
[12, 6, 0.05, 0.017594177772660285, False, 4, 2, 6027.68352803165, 6016.02418850168]
[12, 6, 0.05, 0.017594177772660285, False, 6, 3, 5929.88455408375, 5909.606192507917]
[12, 6, 0.05, 0.017594177772660285, False, 8, 4, 5511.402257685482, 5484.624759059863]
[13, 6, 0.05, 0.01690393922672755, False, 2, 1, 4915.7143082781295, 4912.156674902705]
[13, 6, 0.05, 0.01690393922672755, False, 4, 2, 6312.3427610449735, 6299.055632335372]
[13, 6, 0.05, 0.01690393922672755, False, 6, 3, 6291.690743524082, 6268.08096063035]
[13, 6, 0.05, 0.01690393922672755, False, 8, 4, 5896.071223742823, 5864.53287433279]
[14, 6, 0.05, 0.016289043420900352, False, 2, 1, 5038.8098800024, 5035.442326833835]
[14, 6, 0.05, 0.016289043420900352, False, 4, 2, 6573.076441372366, 6558.108424782514]
[14, 6, 0.05, 0.016289043420900352, False, 6, 3, 6624.194098476636, 6597.114889054617]
[14, 6, 0.05, 0.016289043420900352, False, 8, 4, 6251.626378999332, 6215.064412837244]
[15, 6, 0.05, 0.015736711003153693, False, 8, 4, 6251.626378999332, 6215.064412837244]
[16, 6, 0.05, 0.015237004909823318, False, 8, 4, 6251.626378999332, 6215.064412837244]
[17, 6, 0.05, 0.01478206603794269, False, 8, 4, 6251.626378999332, 6215.064412837244]
[18, 6, 0.05, 0.014365585995611716, False, 8, 4, 6251.626378999332, 6215.064412837244]
[19, 6, 0.05, 0.013982434653505876, False, 8, 4, 6251.626378999332, 6215.064412837244]
[20, 6, 0.05, 0.013628391500745197, False, 8, 4, 6251.626378999332, 6215.064412837244]
[21, 6, 0.05, 0.013299948259748407, False, 8, 4, 6251.626378999332, 6215.064412837244]
[22, 6, 0.05, 0.01299416144755314, False, 8, 4, 6251.626378999332, 6215.064412837244]
[23, 6, 0.05, 0.012708540603026322, False, 8, 4, 6251.626378999332, 6215.064412837244]
[24, 6, 0.05, 0.012440962412449713, False, 8, 4, 6251.626378999332, 6215.064412837244]
[25, 6, 0.05, 0.012189603927858655, False, 8, 4, 6251.626378999332, 6215.064412837244]
[26, 6, 0.05, 0.011952890055984334, False, 8, 4, 6251.626378999332, 6215.064412837244]
[27, 6, 0.05, 0.01172945184844019, False, 8, 4, 6251.626378999332, 6215.064412837244]
[28, 6, 0.05, 0.011518093061960758, False, 8, 4, 6251.626378999332, 6215.064412837244]
[29, 6, 0.05, 0.011317763118140162, False, 8, 4, 6251.626378999332, 6215.064412837244]
[30, 6, 0.05, 0.011127535063902934, False, 8, 4, 6251.626378999332, 6215.064412837244]
[31, 6, 0.05, 0.010946587475249077, False, 8, 4, 6251.626378999332, 6215.064412837244]
[32, 6, 0.05, 0.010774189496708789, False, 8, 4, 6251.626378999332, 6215.064412837244]
[33, 6, 0.05, 0.010609688393950009, False, 8, 4, 6251.626378999332, 6215.064412837244]
[34, 6, 0.05, 0.010452499135376637, False, 8, 4, 6251.626378999332, 6215.064412837244]
[35, 6, 0.05, 0.01030209562308518, False, 8, 4, 6251.626378999332, 6215.064412837244]
[36, 6, 0.05, 0.010158003273215546, False, 8, 4, 6251.626378999332, 6215.064412837244]
[37, 6, 0.05, 0.010019792706966842, False, 8, 4, 6251.626378999332, 6215.064412837244]
[38, 6, 0.05, 0.009887074360991779, False, 8, 4, 6251.626378999332, 6215.064412837244]
[39, 6, 0.05, 0.009759493862916224, False, 8, 4, 6251.626378999332, 6215.064412837244]
[40, 6, 0.05, 0.009636728046842038, False, 8, 4, 6251.626378999332, 6215.064412837244]
[41, 6, 0.05, 0.009518481506729072, False, 8, 4, 6251.626378999332, 6215.064412837244]
[42, 6, 0.05, 0.009404483603898318, False, 8, 4, 6251.626378999332, 6215.064412837244]
[43, 6, 0.05, 0.009294485859595735, False, 8, 4, 6251.626378999332, 6215.064412837244]
[44, 6, 0.05, 0.00918825967539763, False, 8, 4, 6251.626378999332, 6215.064412837244]
[45, 6, 0.05, 0.00908559433383013, False, 8, 4, 6251.626378999332, 6215.064412837244]
[46, 6, 0.05, 0.008986295239384488, False, 8, 4, 6251.626378999332, 6215.064412837244]
[47, 6, 0.05, 0.008890182366499022, False, 8, 4, 6251.626378999332, 6215.064412837244]
[48, 6, 0.05, 0.008797088886330143, False, 8, 4, 6251.626378999332, 6215.064412837244]
[49, 6, 0.05, 0.008706859948470468, False, 8, 4, 6251.626378999332, 6215.064412837244]
[50, 6, 0.05, 0.008619351597367028, False, 8, 4, 6251.626378999332, 6215.064412837244]
[51, 6, 0.05, 0.008534429806185038, False, 8, 4, 6251.626378999332, 6215.064412837244]
[52, 6, 0.05, 0.008451969613363775, False, 8, 4, 6251.626378999332, 6215.064412837244]
[53, 6, 0.05, 0.008371854349209099, False, 8, 4, 6251.626378999332, 6215.064412837244]
[54, 6, 0.05, 0.008293974941633142, False, 8, 4, 6251.626378999332, 6215.064412837244]
[55, 6, 0.05, 0.008218229291643701, False, 8, 4, 6251.626378999332, 6215.064412837244]
[56, 6, 0.05, 0.008144521710450176, False, 8, 4, 6251.626378999332, 6215.064412837244]
[57, 6, 0.05, 0.008072762411127971, False, 8, 4, 6251.626378999332, 6215.064412837244]
[5, 7, 0.05, 0.027256783001490394, False, 2, 1, 3234.2297745885103, 3233.06280892376]
[5, 7, 0.05, 0.027256783001490394, False, 4, 2, 3225.4137582089043, 3222.4995196952477]
[5, 7, 0.05, 0.027256783001490394, False, 6, 3, 2839.423083136029, 2835.0889887034346]
[5, 7, 0.05, 0.027256783001490394, False, 8, 4, 12558.59078837977, 2516.5878041370406]
[6, 7, 0.05, 0.024881924824899426, False, 2, 1, 3575.1227334888736, 3573.607705198146]
[6, 7, 0.05, 0.024881924824899426, False, 4, 2, 3743.825023653748, 3739.718492447894]
[6, 7, 0.05, 0.024881924824899426, False, 6, 3, 3355.0391690229562, 3348.7831405287307]
[6, 7, 0.05, 0.024881924824899426, False, 8, 4, 2992.1423860454734, 2984.242831527938]
[7, 7, 0.05, 0.023036186123921516, False, 2, 1, 3866.1498327647178, 3864.27712562483]
[7, 7, 0.05, 0.023036186123921516, False, 4, 2, 4223.224400236907, 4217.769462854543]
[7, 7, 0.05, 0.023036186123921516, False, 6, 3, 3852.1553572547145, 3843.628689727767]
[7, 7, 0.05, 0.023036186123921516, False, 8, 4, 3449.8120656480182, 3439.0424675598138]
[8, 7, 0.05, 0.021548378993417577, False, 2, 1, 4113.893662100857, 4111.659890394485]
[8, 7, 0.05, 0.021548378993417577, False, 4, 2, 4652.183266623201, 4645.2719567904205]
[8, 7, 0.05, 0.021548378993417577, False, 6, 3, 4331.187017990093, 4320.054245106593]
[8, 7, 0.05, 0.021548378993417577, False, 8, 4, 3894.8058054886187, 3880.6905522144143]
[9, 7, 0.05, 0.020316006546431092, False, 2, 1, 4327.288792717794, 4324.692874930486]
[9, 7, 0.05, 0.020316006546431092, False, 4, 2, 5047.756750520402, 5039.272063801653]
[9, 7, 0.05, 0.020316006546431092, False, 6, 3, 4780.8383360912085, 4766.812941567978]
[9, 7, 0.05, 0.020316006546431092, False, 8, 4, 4326.381504001554, 4308.440578598845]
[10, 7, 0.05, 0.019273456093684076, False, 2, 1, 4512.764159859358, 4509.806351556139]
[10, 7, 0.05, 0.019273456093684076, False, 4, 2, 5419.380589233869, 5409.198356045323]
[10, 7, 0.05, 0.019273456093684076, False, 6, 3, 5199.100187363707, 5181.931127789394]
[10, 7, 0.05, 0.019273456093684076, False, 8, 4, 4744.586433408192, 4722.349574227113]
[11, 7, 0.05, 0.01837651935079526, False, 2, 1, 4676.638127577324, 4673.31777877758]
[11, 7, 0.05, 0.01837651935079526, False, 4, 2, 5761.230595414424, 5749.256453328584]
[11, 7, 0.05, 0.01837651935079526, False, 6, 3, 5595.958270266279, 5575.371656146506]
[11, 7, 0.05, 0.01837651935079526, False, 8, 4, 5149.304157998698, 5122.303808867931]
[12, 7, 0.05, 0.017594177772660285, False, 2, 1, 4822.857435213787, 4819.173437415638]
[12, 7, 0.05, 0.017594177772660285, False, 4, 2, 6075.624637090235, 6061.773524071282]
[12, 7, 0.05, 0.017594177772660285, False, 6, 3, 5971.940030602177, 5947.674091395355]
[12, 7, 0.05, 0.017594177772660285, False, 8, 4, 5539.771330815624, 5508.1123929160285]
[13, 7, 0.05, 0.01690393922672755, False, 2, 1, 4953.91997976932, 4950.39202308793]
[13, 7, 0.05, 0.01690393922672755, False, 4, 2, 6353.498437014984, 6337.7352836741]
[13, 7, 0.05, 0.01690393922672755, False, 6, 3, 6326.96871464379, 6298.763430722597]
[13, 7, 0.05, 0.01690393922672755, False, 8, 4, 5916.8811952821015, 5879.595987587849]
[14, 7, 0.05, 0.016289043420900352, False, 2, 1, 5073.154603230889, 5069.310893444328]
[14, 7, 0.05, 0.016289043420900352, False, 4, 2, 6607.572703416685, 6589.849731423651]
[14, 7, 0.05, 0.016289043420900352, False, 6, 3, 6650.536899936644, 6618.225864638143]
[14, 7, 0.05, 0.016289043420900352, False, 8, 4, 6263.461393406597, 6220.264413290524]
[15, 7, 0.05, 0.015736711003153693, False, 8, 4, 6263.461393406597, 6220.264413290524]
[16, 7, 0.05, 0.015237004909823318, False, 8, 4, 6263.461393406597, 6220.264413290524]
[17, 7, 0.05, 0.01478206603794269, False, 8, 4, 6263.461393406597, 6220.264413290524]
[18, 7, 0.05, 0.014365585995611716, False, 8, 4, 6263.461393406597, 6220.264413290524]
[19, 7, 0.05, 0.013982434653505876, False, 8, 4, 6263.461393406597, 6220.264413290524]
[20, 7, 0.05, 0.013628391500745197, False, 8, 4, 6263.461393406597, 6220.264413290524]
[21, 7, 0.05, 0.013299948259748407, False, 8, 4, 6263.461393406597, 6220.264413290524]
[22, 7, 0.05, 0.01299416144755314, False, 8, 4, 6263.461393406597, 6220.264413290524]
[23, 7, 0.05, 0.012708540603026322, False, 8, 4, 6263.461393406597, 6220.264413290524]
[24, 7, 0.05, 0.012440962412449713, False, 8, 4, 6263.461393406597, 6220.264413290524]
[25, 7, 0.05, 0.012189603927858655, False, 8, 4, 6263.461393406597, 6220.264413290524]
[26, 7, 0.05, 0.011952890055984334, False, 8, 4, 6263.461393406597, 6220.264413290524]
[27, 7, 0.05, 0.01172945184844019, False, 8, 4, 6263.461393406597, 6220.264413290524]
[28, 7, 0.05, 0.011518093061960758, False, 8, 4, 6263.461393406597, 6220.264413290524]
[29, 7, 0.05, 0.011317763118140162, False, 8, 4, 6263.461393406597, 6220.264413290524]
[30, 7, 0.05, 0.011127535063902934, False, 8, 4, 6263.461393406597, 6220.264413290524]
[31, 7, 0.05, 0.010946587475249077, False, 8, 4, 6263.461393406597, 6220.264413290524]
[32, 7, 0.05, 0.010774189496708789, False, 8, 4, 6263.461393406597, 6220.264413290524]
[33, 7, 0.05, 0.010609688393950009, False, 8, 4, 6263.461393406597, 6220.264413290524]
[34, 7, 0.05, 0.010452499135376637, False, 8, 4, 6263.461393406597, 6220.264413290524]
[35, 7, 0.05, 0.01030209562308518, False, 8, 4, 6263.461393406597, 6220.264413290524]
[36, 7, 0.05, 0.010158003273215546, False, 8, 4, 6263.461393406597, 6220.264413290524]
[37, 7, 0.05, 0.010019792706966842, False, 8, 4, 6263.461393406597, 6220.264413290524]
[38, 7, 0.05, 0.009887074360991779, False, 8, 4, 6263.461393406597, 6220.264413290524]
[39, 7, 0.05, 0.009759493862916224, False, 8, 4, 6263.461393406597, 6220.264413290524]
[40, 7, 0.05, 0.009636728046842038, False, 8, 4, 6263.461393406597, 6220.264413290524]
[41, 7, 0.05, 0.009518481506729072, False, 8, 4, 6263.461393406597, 6220.264413290524]
[42, 7, 0.05, 0.009404483603898318, False, 8, 4, 6263.461393406597, 6220.264413290524]
[43, 7, 0.05, 0.009294485859595735, False, 8, 4, 6263.461393406597, 6220.264413290524]
[44, 7, 0.05, 0.00918825967539763, False, 8, 4, 6263.461393406597, 6220.264413290524]
[45, 7, 0.05, 0.00908559433383013, False, 8, 4, 6263.461393406597, 6220.264413290524]
[46, 7, 0.05, 0.008986295239384488, False, 8, 4, 6263.461393406597, 6220.264413290524]
[47, 7, 0.05, 0.008890182366499022, False, 8, 4, 6263.461393406597, 6220.264413290524]
[48, 7, 0.05, 0.008797088886330143, False, 8, 4, 6263.461393406597, 6220.264413290524]
[49, 7, 0.05, 0.008706859948470468, False, 8, 4, 6263.461393406597, 6220.264413290524]
[50, 7, 0.05, 0.008619351597367028, False, 8, 4, 6263.461393406597, 6220.264413290524]
[51, 7, 0.05, 0.008534429806185038, False, 8, 4, 6263.461393406597, 6220.264413290524]
[52, 7, 0.05, 0.008451969613363775, False, 8, 4, 6263.461393406597, 6220.264413290524]
[53, 7, 0.05, 0.008371854349209099, False, 8, 4, 6263.461393406597, 6220.264413290524]
[54, 7, 0.05, 0.008293974941633142, False, 8, 4, 6263.461393406597, 6220.264413290524]
[55, 7, 0.05, 0.008218229291643701, False, 8, 4, 6263.461393406597, 6220.264413290524]
[56, 7, 0.05, 0.008144521710450176, False, 8, 4, 6263.461393406597, 6220.264413290524]
[57, 7, 0.05, 0.008072762411127971, False, 8, 4, 6263.461393406597, 6220.264413290524]
[5, 8, 0.05, 0.027256783001490394, False, 2, 1, 3283.3215390168357, 3281.9914013210264]
[5, 8, 0.05, 0.027256783001490394, False, 4, 2, 3268.2898747606464, 3264.854353702174]
[5, 8, 0.05, 0.027256783001490394, False, 6, 3, 2872.5028530259506, 2867.3792158911046]
[5, 8, 0.05, 0.027256783001490394, False, 8, 4, 2547.540277879424, 2541.3440036796173]
[6, 8, 0.05, 0.024881924824899426, False, 2, 1, 3622.2094965840165, 3620.488147083745]
[6, 8, 0.05, 0.024881924824899426, False, 4, 2, 3787.703058624184, 3782.871645115152]
[6, 8, 0.05, 0.024881924824899426, False, 6, 3, 3390.11750882011, 3382.7318979199226]
[6, 8, 0.05, 0.024881924824899426, False, 8, 4, 3018.6533588538487, 3009.3228298218755]
[7, 8, 0.05, 0.023036186123921516, False, 2, 1, 3910.195595440468, 3908.0723520228617]
[7, 8, 0.05, 0.023036186123921516, False, 4, 2, 4266.309733434057, 4259.90371598642]
[7, 8, 0.05, 0.023036186123921516, False, 6, 3, 3887.755368734216, 3877.705604838454]
[7, 8, 0.05, 0.023036186123921516, False, 8, 4, 3475.6545118203053, 3462.914553016055]
[8, 8, 0.05, 0.021548378993417577, False, 2, 1, 4154.377177874847, 4151.848756824539]
[8, 8, 0.05, 0.021548378993417577, False, 4, 2, 4692.741237563036, 4684.640157430145]
[8, 8, 0.05, 0.021548378993417577, False, 6, 3, 4365.020704607839, 4351.908116653755]
[8, 8, 0.05, 0.021548378993417577, False, 8, 4, 3918.5334181966464, 3901.8345114821655]
[9, 8, 0.05, 0.020316006546431092, False, 2, 1, 4363.948963516765, 4361.014339879199]
[9, 8, 0.05, 0.020316006546431092, False, 4, 2, 5085.148450396854, 5075.2273848621535]
[9, 8, 0.05, 0.020316006546431092, False, 6, 3, 4811.052772429639, 4794.5458783339145]
[9, 8, 0.05, 0.020316006546431092, False, 8, 4, 4346.571657640693, 4325.807895360994]
[10, 8, 0.05, 0.019273456093684076, False, 2, 1, 4545.488095035228, 4542.147500743196]
[10, 8, 0.05, 0.019273456093684076, False, 4, 2, 5452.735722017691, 5440.856776631948]
[10, 8, 0.05, 0.019273456093684076, False, 6, 3, 5224.086915186739, 5203.900303963141]
[10, 8, 0.05, 0.019273456093684076, False, 8, 4, 4760.2590926116545, 4734.515663054663]
[11, 8, 0.05, 0.01837651935079526, False, 2, 1, 4704.873073983221, 4701.121385604345]
[11, 8, 0.05, 0.01837651935079526, False, 4, 2, 5789.6970814587785, 5775.75779542773]
[11, 8, 0.05, 0.01837651935079526, False, 6, 3, 5614.332546738154, 5590.155439862846]
[11, 8, 0.05, 0.01837651935079526, False, 8, 4, 5159.084238906655, 5127.835528504879]
[12, 8, 0.05, 0.017594177772660285, False, 2, 1, 4846.0367760069985, 4842.393462162912]
[12, 8, 0.05, 0.017594177772660285, False, 4, 2, 6098.4854846292565, 6082.394233658292]
[12, 8, 0.05, 0.017594177772660285, False, 6, 3, 5982.389699471599, 5953.928404386985]
[12, 8, 0.05, 0.017594177772660285, False, 8, 4, 5542.389921622612, 5505.103810113037]
[13, 8, 0.05, 0.01690393922672755, False, 2, 1, 4973.069953495525, 4969.0666486849195]
[13, 8, 0.05, 0.01690393922672755, False, 4, 2, 6370.096805933351, 6351.820297731158]
[13, 8, 0.05, 0.01690393922672755, False, 6, 3, 6328.769683503288, 6295.748384154362]
[13, 8, 0.05, 0.01690393922672755, False, 8, 4, 5910.3711524824785, 5866.534640801785]
[14, 8, 0.05, 0.016289043420900352, False, 2, 1, 5087.848687099054, 5083.481899827743]
[14, 8, 0.05, 0.016289043420900352, False, 4, 2, 6616.226205396066, 6595.694800335461]
[14, 8, 0.05, 0.016289043420900352, False, 6, 3, 6642.904501508212, 6605.158817774565]
[14, 8, 0.05, 0.016289043420900352, False, 8, 4, 6246.476579451851, 6195.7837769990465]
[15, 8, 0.05, 0.015736711003153693, False, 8, 4, 6246.476579451851, 6195.7837769990465]
[16, 8, 0.05, 0.015237004909823318, False, 8, 4, 6246.476579451851, 6195.7837769990465]
[17, 8, 0.05, 0.01478206603794269, False, 8, 4, 6246.476579451851, 6195.7837769990465]
[18, 8, 0.05, 0.014365585995611716, False, 8, 4, 6246.476579451851, 6195.7837769990465]
[19, 8, 0.05, 0.013982434653505876, False, 8, 4, 6246.476579451851, 6195.7837769990465]
[20, 8, 0.05, 0.013628391500745197, False, 8, 4, 6246.476579451851, 6195.7837769990465]
[21, 8, 0.05, 0.013299948259748407, False, 8, 4, 6246.476579451851, 6195.7837769990465]
[22, 8, 0.05, 0.01299416144755314, False, 8, 4, 6246.476579451851, 6195.7837769990465]
[23, 8, 0.05, 0.012708540603026322, False, 8, 4, 6246.476579451851, 6195.7837769990465]
[24, 8, 0.05, 0.012440962412449713, False, 8, 4, 6246.476579451851, 6195.7837769990465]
[25, 8, 0.05, 0.012189603927858655, False, 8, 4, 6246.476579451851, 6195.7837769990465]
[26, 8, 0.05, 0.011952890055984334, False, 8, 4, 6246.476579451851, 6195.7837769990465]
[27, 8, 0.05, 0.01172945184844019, False, 8, 4, 6246.476579451851, 6195.7837769990465]
[28, 8, 0.05, 0.011518093061960758, False, 8, 4, 6246.476579451851, 6195.7837769990465]
[29, 8, 0.05, 0.011317763118140162, False, 8, 4, 6246.476579451851, 6195.7837769990465]
[30, 8, 0.05, 0.011127535063902934, False, 8, 4, 6246.476579451851, 6195.7837769990465]
[31, 8, 0.05, 0.010946587475249077, False, 8, 4, 6246.476579451851, 6195.7837769990465]
[32, 8, 0.05, 0.010774189496708789, False, 8, 4, 6246.476579451851, 6195.7837769990465]
[33, 8, 0.05, 0.010609688393950009, False, 8, 4, 6246.476579451851, 6195.7837769990465]
[34, 8, 0.05, 0.010452499135376637, False, 8, 4, 6246.476579451851, 6195.7837769990465]
[35, 8, 0.05, 0.01030209562308518, False, 8, 4, 6246.476579451851, 6195.7837769990465]
[36, 8, 0.05, 0.010158003273215546, False, 8, 4, 6246.476579451851, 6195.7837769990465]
[37, 8, 0.05, 0.010019792706966842, False, 8, 4, 6246.476579451851, 6195.7837769990465]
[38, 8, 0.05, 0.009887074360991779, False, 8, 4, 6246.476579451851, 6195.7837769990465]
[39, 8, 0.05, 0.009759493862916224, False, 8, 4, 6246.476579451851, 6195.7837769990465]
[40, 8, 0.05, 0.009636728046842038, False, 8, 4, 6246.476579451851, 6195.7837769990465]
[41, 8, 0.05, 0.009518481506729072, False, 8, 4, 6246.476579451851, 6195.7837769990465]
[42, 8, 0.05, 0.009404483603898318, False, 8, 4, 6246.476579451851, 6195.7837769990465]
[43, 8, 0.05, 0.009294485859595735, False, 8, 4, 6246.476579451851, 6195.7837769990465]
[44, 8, 0.05, 0.00918825967539763, False, 8, 4, 6246.476579451851, 6195.7837769990465]
[45, 8, 0.05, 0.00908559433383013, False, 8, 4, 6246.476579451851, 6195.7837769990465]
[46, 8, 0.05, 0.008986295239384488, False, 8, 4, 6246.476579451851, 6195.7837769990465]
[47, 8, 0.05, 0.008890182366499022, False, 8, 4, 6246.476579451851, 6195.7837769990465]
[48, 8, 0.05, 0.008797088886330143, False, 8, 4, 6246.476579451851, 6195.7837769990465]
[49, 8, 0.05, 0.008706859948470468, False, 8, 4, 6246.476579451851, 6195.7837769990465]
[50, 8, 0.05, 0.008619351597367028, False, 8, 4, 6246.476579451851, 6195.7837769990465]
[51, 8, 0.05, 0.008534429806185038, False, 8, 4, 6246.476579451851, 6195.7837769990465]
[52, 8, 0.05, 0.008451969613363775, False, 8, 4, 6246.476579451851, 6195.7837769990465]
[53, 8, 0.05, 0.008371854349209099, False, 8, 4, 6246.476579451851, 6195.7837769990465]
[54, 8, 0.05, 0.008293974941633142, False, 8, 4, 6246.476579451851, 6195.7837769990465]
[55, 8, 0.05, 0.008218229291643701, False, 8, 4, 6246.476579451851, 6195.7837769990465]
[56, 8, 0.05, 0.008144521710450176, False, 8, 4, 6246.476579451851, 6195.7837769990465]
[57, 8, 0.05, 0.008072762411127971, False, 8, 4, 6246.476579451851, 6195.7837769990465]
[5, 9, 0.05, 0.027256783001490394, False, 2, 1, 3318.7972391178337, 3317.298427728717]
[5, 9, 0.05, 0.027256783001490394, False, 4, 2, 3298.778031150484, 3294.796935160779]
[5, 9, 0.05, 0.027256783001490394, False, 6, 3, 2895.3779159838623, 2889.4205924324997]
[5, 9, 0.05, 0.027256783001490394, False, 8, 4, 2564.530755868645, 2557.2798475125255]
[6, 9, 0.05, 0.024881924824899426, False, 2, 1, 3655.1249833012894, 3653.1882628162766]
[6, 9, 0.05, 0.024881924824899426, False, 4, 2, 3818.149579927645, 3812.5663621410763]
[6, 9, 0.05, 0.024881924824899426, False, 6, 3, 3412.4329236607377, 3403.847690915748]
[6, 9, 0.05, 0.024881924824899426, False, 8, 4, 3034.818439133776, 3024.2723204902995]
[7, 9, 0.05, 0.023036186123921516, False, 2, 1, 3939.5163295385773, 3937.1276894177063]
[7, 9, 0.05, 0.023036186123921516, False, 4, 2, 4295.268449626181, 4287.884665581674]
[7, 9, 0.05, 0.023036186123921516, False, 6, 3, 3907.8953921588845, 3896.2204242413623]
[7, 9, 0.05, 0.023036186123921516, False, 8, 4, 3489.80913050115, 3475.346543854494]
[8, 9, 0.05, 0.021548378993417577, False, 2, 1, 4179.715225650599, 4176.870270992699]
[8, 9, 0.05, 0.021548378993417577, False, 4, 2, 4718.786600524717, 4709.471793094473]
[8, 9, 0.05, 0.021548378993417577, False, 6, 3, 4381.776396525814, 4366.563910493467]
[8, 9, 0.05, 0.021548378993417577, False, 8, 4, 3929.1385833798963, 3910.140513709189]
[9, 9, 0.05, 0.020316006546431092, False, 2, 1, 4385.117927734022, 4381.814570917078]
[9, 9, 0.05, 0.020316006546431092, False, 4, 2, 5106.623438857101, 5095.232910842287]
[9, 9, 0.05, 0.020316006546431092, False, 6, 3, 4823.080422536669, 4803.963574798497]
[9, 9, 0.05, 0.020316006546431092, False, 8, 4, 4352.6380938961365, 4328.496619565711]
[10, 9, 0.05, 0.019273456093684076, False, 2, 1, 4562.412984524729, 4558.650407297483]
[10, 9, 0.05, 0.019273456093684076, False, 4, 2, 5468.270290669349, 5454.643516332272]
[10, 9, 0.05, 0.019273456093684076, False, 6, 3, 5230.057230088539, 5206.72393028166]
[10, 9, 0.05, 0.019273456093684076, False, 8, 4, 4759.976849525366, 4730.095629832851]
[11, 9, 0.05, 0.01837651935079526, False, 2, 1, 4717.575412676135, 4713.868909233062]
[11, 9, 0.05, 0.01837651935079526, False, 4, 2, 5798.4037243516, 5782.426205815906]
[11, 9, 0.05, 0.01837651935079526, False, 6, 3, 5612.950943927479, 5585.060285004546]
[11, 9, 0.05, 0.01837651935079526, False, 8, 4, 5151.035384873831, 5114.830033104305]
[12, 9, 0.05, 0.017594177772660285, False, 2, 1, 4855.592384481164, 4851.484196450891]
[12, 9, 0.05, 0.017594177772660285, False, 4, 2, 6099.6052084124685, 6081.17451890763]
[12, 9, 0.05, 0.017594177772660285, False, 6, 3, 5972.102684373362, 5939.329718387126]
[12, 9, 0.05, 0.017594177772660285, False, 8, 4, 5525.617252333016, 5482.517375911638]
[13, 9, 0.05, 0.01690393922672755, False, 2, 1, 4979.054353082986, 4974.541418457314]
[13, 9, 0.05, 0.01690393922672755, False, 4, 2, 6363.009835360277, 6342.089999465856]
[13, 9, 0.05, 0.01690393922672755, False, 6, 3, 6308.432029957595, 6270.485329164029]
[13, 9, 0.05, 0.01690393922672755, False, 8, 4, 5883.540340928828, 5832.9900777969615]
[14, 9, 0.05, 0.016289043420900352, False, 2, 1, 5090.325159976399, 5085.40350849407]
[14, 9, 0.05, 0.016289043420900352, False, 4, 2, 6600.866879578929, 6577.38741146786]
[14, 9, 0.05, 0.016289043420900352, False, 6, 3, 6611.549718381193, 6568.2715835123]
[14, 9, 0.05, 0.016289043420900352, False, 8, 4, 6209.024758764197, 6150.175772939674]
[15, 9, 0.05, 0.015736711003153693, False, 8, 4, 6209.024758764197, 6150.175772939674]
[16, 9, 0.05, 0.015237004909823318, False, 8, 4, 6209.024758764197, 6150.175772939674]
[17, 9, 0.05, 0.01478206603794269, False, 8, 4, 6209.024758764197, 6150.175772939674]
[18, 9, 0.05, 0.014365585995611716, False, 8, 4, 6209.024758764197, 6150.175772939674]
[19, 9, 0.05, 0.013982434653505876, False, 8, 4, 6209.024758764197, 6150.175772939674]
[20, 9, 0.05, 0.013628391500745197, False, 8, 4, 6209.024758764197, 6150.175772939674]
[21, 9, 0.05, 0.013299948259748407, False, 8, 4, 6209.024758764197, 6150.175772939674]
[22, 9, 0.05, 0.01299416144755314, False, 8, 4, 6209.024758764197, 6150.175772939674]
[23, 9, 0.05, 0.012708540603026322, False, 8, 4, 6209.024758764197, 6150.175772939674]
[24, 9, 0.05, 0.012440962412449713, False, 8, 4, 6209.024758764197, 6150.175772939674]
[25, 9, 0.05, 0.012189603927858655, False, 8, 4, 6209.024758764197, 6150.175772939674]
[26, 9, 0.05, 0.011952890055984334, False, 8, 4, 6209.024758764197, 6150.175772939674]
[27, 9, 0.05, 0.01172945184844019, False, 8, 4, 6209.024758764197, 6150.175772939674]
[28, 9, 0.05, 0.011518093061960758, False, 8, 4, 6209.024758764197, 6150.175772939674]
[29, 9, 0.05, 0.011317763118140162, False, 8, 4, 6209.024758764197, 6150.175772939674]
[30, 9, 0.05, 0.011127535063902934, False, 8, 4, 6209.024758764197, 6150.175772939674]
[31, 9, 0.05, 0.010946587475249077, False, 8, 4, 6209.024758764197, 6150.175772939674]
[32, 9, 0.05, 0.010774189496708789, False, 8, 4, 6209.024758764197, 6150.175772939674]
[33, 9, 0.05, 0.010609688393950009, False, 8, 4, 6209.024758764197, 6150.175772939674]
[34, 9, 0.05, 0.010452499135376637, False, 8, 4, 6209.024758764197, 6150.175772939674]
[35, 9, 0.05, 0.01030209562308518, False, 8, 4, 6209.024758764197, 6150.175772939674]
[36, 9, 0.05, 0.010158003273215546, False, 8, 4, 6209.024758764197, 6150.175772939674]
[37, 9, 0.05, 0.010019792706966842, False, 8, 4, 6209.024758764197, 6150.175772939674]
[38, 9, 0.05, 0.009887074360991779, False, 8, 4, 6209.024758764197, 6150.175772939674]
[39, 9, 0.05, 0.009759493862916224, False, 8, 4, 6209.024758764197, 6150.175772939674]
[40, 9, 0.05, 0.009636728046842038, False, 8, 4, 6209.024758764197, 6150.175772939674]
[41, 9, 0.05, 0.009518481506729072, False, 8, 4, 6209.024758764197, 6150.175772939674]
[42, 9, 0.05, 0.009404483603898318, False, 8, 4, 6209.024758764197, 6150.175772939674]
[43, 9, 0.05, 0.009294485859595735, False, 8, 4, 6209.024758764197, 6150.175772939674]
[44, 9, 0.05, 0.00918825967539763, False, 8, 4, 6209.024758764197, 6150.175772939674]
[45, 9, 0.05, 0.00908559433383013, False, 8, 4, 6209.024758764197, 6150.175772939674]
[46, 9, 0.05, 0.008986295239384488, False, 8, 4, 6209.024758764197, 6150.175772939674]
[47, 9, 0.05, 0.008890182366499022, False, 8, 4, 6209.024758764197, 6150.175772939674]
[48, 9, 0.05, 0.008797088886330143, False, 8, 4, 6209.024758764197, 6150.175772939674]
[49, 9, 0.05, 0.008706859948470468, False, 8, 4, 6209.024758764197, 6150.175772939674]
[50, 9, 0.05, 0.008619351597367028, False, 8, 4, 6209.024758764197, 6150.175772939674]
[51, 9, 0.05, 0.008534429806185038, False, 8, 4, 6209.024758764197, 6150.175772939674]
[52, 9, 0.05, 0.008451969613363775, False, 8, 4, 6209.024758764197, 6150.175772939674]
[53, 9, 0.05, 0.008371854349209099, False, 8, 4, 6209.024758764197, 6150.175772939674]
[54, 9, 0.05, 0.008293974941633142, False, 8, 4, 6209.024758764197, 6150.175772939674]
[55, 9, 0.05, 0.008218229291643701, False, 8, 4, 6209.024758764197, 6150.175772939674]
[56, 9, 0.05, 0.008144521710450176, False, 8, 4, 6209.024758764197, 6150.175772939674]
[57, 9, 0.05, 0.008072762411127971, False, 8, 4, 6209.024758764197, 6150.175772939674]
[5, 1, 0.06375, 0.027256783001490394, False, 2, 1, 1742.9325466341227, 1742.8056700879313]
[5, 1, 0.06375, 0.027256783001490394, False, 4, 2, 1747.230611655772, 1746.8767544645393]
[5, 1, 0.06375, 0.027256783001490394, False, 6, 3, 26197.11306971336, 1652.607965798215]
[5, 1, 0.06375, 0.027256783001490394, False, 8, 4, 26074.768233958508, 1560.787902965954]
[6, 1, 0.06375, 0.024881924824899426, False, 2, 1, 2046.3504926510493, 2046.155969856948]
[6, 1, 0.06375, 0.024881924824899426, False, 4, 2, 2097.617158157806, 2097.0996196098895]
[6, 1, 0.06375, 0.024881924824899426, False, 6, 3, 26168.412748525996, 1997.6532603706758]
[6, 1, 0.06375, 0.024881924824899426, False, 8, 4, 26037.124951946927, 1888.3395814712253]
[7, 1, 0.06375, 0.023036186123921516, False, 2, 1, 2334.911721376361, 2334.6331288904144]
[7, 1, 0.06375, 0.023036186123921516, False, 4, 2, 2444.6344710919284, 2443.9100284571705]
[7, 1, 0.06375, 0.023036186123921516, False, 6, 3, 26138.979516288142, 2345.0872327933685]
[7, 1, 0.06375, 0.023036186123921516, False, 8, 4, 25996.827061067, 2219.0598536871285]
[8, 1, 0.06375, 0.021548378993417577, False, 2, 1, 2608.265205859849, 2607.885920842101]
[8, 1, 0.06375, 0.021548378993417577, False, 4, 2, 2783.593339954084, 2782.614994907898]
[8, 1, 0.06375, 0.021548378993417577, False, 6, 3, 2695.540529211418, 2694.356951123155]
[8, 1, 0.06375, 0.021548378993417577, False, 8, 4, 25954.212775843003, 2552.526086582304]
[9, 1, 0.06375, 0.020316006546431092, False, 2, 1, 2867.3568516843, 2866.86043936422]
[9, 1, 0.06375, 0.020316006546431092, False, 4, 2, 3117.4125987395323, 3116.132343518018]
[9, 1, 0.06375, 0.020316006546431092, False, 6, 3, 3043.0877312265243, 3041.5216535363907]
[9, 1, 0.06375, 0.020316006546431092, False, 8, 4, 25909.993011684983, 2888.393834224334]
[10, 1, 0.06375, 0.019273456093684076, False, 2, 1, 3113.0175620604336, 3112.387991511939]
[10, 1, 0.06375, 0.019273456093684076, False, 4, 2, 3448.105540379135, 3446.4738714337745]
[10, 1, 0.06375, 0.019273456093684076, False, 6, 3, 3386.7572232720786, 3384.7524290686624]
[10, 1, 0.06375, 0.019273456093684076, False, 8, 4, 25863.904406310583, 3226.307854376842]
[11, 1, 0.06375, 0.01837651935079526, False, 2, 1, 3346.656678890005, 3345.87846844423]
[11, 1, 0.06375, 0.01837651935079526, False, 4, 2, 3772.8882619271253, 3770.852367572199]
[11, 1, 0.06375, 0.01837651935079526, False, 6, 3, 3729.1748965752527, 3726.6669816625854]
[11, 1, 0.06375, 0.01837651935079526, False, 8, 4, 25815.695551161694, 3566.0171425292774]
[12, 1, 0.06375, 0.017594177772660285, False, 2, 1, 3569.2460702472818, 3568.304350697906]
[12, 1, 0.06375, 0.017594177772660285, False, 4, 2, 4091.511288360114, 4089.0163738061246]
[12, 1, 0.06375, 0.017594177772660285, False, 6, 3, 4069.931801395355, 4066.8529264173103]
[12, 1, 0.06375, 0.017594177772660285, False, 8, 4, 25765.11686462236, 3907.2630370154566]
[13, 1, 0.06375, 0.01690393922672755, False, 2, 1, 3781.67300816639, 3780.553563546113]
[13, 1, 0.06375, 0.01690393922672755, False, 4, 2, 4399.113086230888, 4396.584390066785]
[13, 1, 0.06375, 0.01690393922672755, False, 6, 3, 4408.77260224291, 4405.051878481385]
[13, 1, 0.06375, 0.01690393922672755, False, 8, 4, 4254.819278845009, 4249.8073999244125]
[14, 1, 0.06375, 0.016289043420900352, False, 2, 1, 3984.7415844742327, 3983.4308657479205]
[14, 1, 0.06375, 0.016289043420900352, False, 4, 2, 4699.5540629475645, 4696.549789267463]
[14, 1, 0.06375, 0.016289043420900352, False, 6, 3, 4740.754900973886, 4736.320523742661]
[14, 1, 0.06375, 0.016289043420900352, False, 8, 4, 4592.318237651779, 4586.347747382756]
[15, 1, 0.06375, 0.015736711003153693, False, 8, 4, 4592.318237651779, 4586.347747382756]
[16, 1, 0.06375, 0.015237004909823318, False, 8, 4, 4592.318237651779, 4586.347747382756]
[17, 1, 0.06375, 0.01478206603794269, False, 8, 4, 4592.318237651779, 4586.347747382756]
[18, 1, 0.06375, 0.014365585995611716, False, 8, 4, 4592.318237651779, 4586.347747382756]
[19, 1, 0.06375, 0.013982434653505876, False, 8, 4, 4592.318237651779, 4586.347747382756]
[20, 1, 0.06375, 0.013628391500745197, False, 8, 4, 4592.318237651779, 4586.347747382756]
[21, 1, 0.06375, 0.013299948259748407, False, 8, 4, 4592.318237651779, 4586.347747382756]
[22, 1, 0.06375, 0.01299416144755314, False, 8, 4, 4592.318237651779, 4586.347747382756]
[23, 1, 0.06375, 0.012708540603026322, False, 8, 4, 4592.318237651779, 4586.347747382756]
[24, 1, 0.06375, 0.012440962412449713, False, 8, 4, 4592.318237651779, 4586.347747382756]
[25, 1, 0.06375, 0.012189603927858655, False, 8, 4, 4592.318237651779, 4586.347747382756]
[26, 1, 0.06375, 0.011952890055984334, False, 8, 4, 4592.318237651779, 4586.347747382756]
[27, 1, 0.06375, 0.01172945184844019, False, 8, 4, 4592.318237651779, 4586.347747382756]
[28, 1, 0.06375, 0.011518093061960758, False, 8, 4, 4592.318237651779, 4586.347747382756]
[29, 1, 0.06375, 0.011317763118140162, False, 8, 4, 4592.318237651779, 4586.347747382756]
[30, 1, 0.06375, 0.011127535063902934, False, 8, 4, 4592.318237651779, 4586.347747382756]
[31, 1, 0.06375, 0.010946587475249077, False, 8, 4, 4592.318237651779, 4586.347747382756]
[32, 1, 0.06375, 0.010774189496708789, False, 8, 4, 4592.318237651779, 4586.347747382756]
[33, 1, 0.06375, 0.010609688393950009, False, 8, 4, 4592.318237651779, 4586.347747382756]
[34, 1, 0.06375, 0.010452499135376637, False, 8, 4, 4592.318237651779, 4586.347747382756]
[35, 1, 0.06375, 0.01030209562308518, False, 8, 4, 4592.318237651779, 4586.347747382756]
[36, 1, 0.06375, 0.010158003273215546, False, 8, 4, 4592.318237651779, 4586.347747382756]
[37, 1, 0.06375, 0.010019792706966842, False, 8, 4, 4592.318237651779, 4586.347747382756]
[38, 1, 0.06375, 0.009887074360991779, False, 8, 4, 4592.318237651779, 4586.347747382756]
[39, 1, 0.06375, 0.009759493862916224, False, 8, 4, 4592.318237651779, 4586.347747382756]
[40, 1, 0.06375, 0.009636728046842038, False, 8, 4, 4592.318237651779, 4586.347747382756]
[41, 1, 0.06375, 0.009518481506729072, False, 8, 4, 4592.318237651779, 4586.347747382756]
[42, 1, 0.06375, 0.009404483603898318, False, 8, 4, 4592.318237651779, 4586.347747382756]
[43, 1, 0.06375, 0.009294485859595735, False, 8, 4, 4592.318237651779, 4586.347747382756]
[44, 1, 0.06375, 0.00918825967539763, False, 8, 4, 4592.318237651779, 4586.347747382756]
[45, 1, 0.06375, 0.00908559433383013, False, 8, 4, 4592.318237651779, 4586.347747382756]
[46, 1, 0.06375, 0.008986295239384488, False, 8, 4, 4592.318237651779, 4586.347747382756]
[47, 1, 0.06375, 0.008890182366499022, False, 8, 4, 4592.318237651779, 4586.347747382756]
[48, 1, 0.06375, 0.008797088886330143, False, 8, 4, 4592.318237651779, 4586.347747382756]
[49, 1, 0.06375, 0.008706859948470468, False, 8, 4, 4592.318237651779, 4586.347747382756]
[50, 1, 0.06375, 0.008619351597367028, False, 8, 4, 4592.318237651779, 4586.347747382756]
[51, 1, 0.06375, 0.008534429806185038, False, 8, 4, 4592.318237651779, 4586.347747382756]
[52, 1, 0.06375, 0.008451969613363775, False, 8, 4, 4592.318237651779, 4586.347747382756]
[53, 1, 0.06375, 0.008371854349209099, False, 8, 4, 4592.318237651779, 4586.347747382756]
[5, 2, 0.06375, 0.027256783001490394, False, 2, 1, 2484.2967666322093, 2483.9093051909163]
[5, 2, 0.06375, 0.027256783001490394, False, 4, 2, 2487.9295025246656, 2487.1080811281677]
[5, 2, 0.06375, 0.027256783001490394, False, 6, 3, 25391.081153595118, 2295.538473738434]
[5, 2, 0.06375, 0.027256783001490394, False, 8, 4, 25022.493985163317, 2117.8468832264216]
[6, 2, 0.06375, 0.024881924824899426, False, 2, 1, 2861.470804769589, 2860.909510465024]
[6, 2, 0.06375, 0.024881924824899426, False, 4, 2, 2956.2798713776333, 2955.0680393138346]
[6, 2, 0.06375, 0.024881924824899426, False, 6, 3, 25303.519199012597, 2755.3749427923826]
[6, 2, 0.06375, 0.024881924824899426, False, 8, 4, 24911.486895807484, 2546.262626744419]
[7, 2, 0.06375, 0.023036186123921516, False, 2, 1, 3207.68304695212, 3206.9201668868864]
[7, 2, 0.06375, 0.023036186123921516, False, 4, 2, 3410.593959544912, 3408.913288093223]
[7, 2, 0.06375, 0.023036186123921516, False, 6, 3, 25214.427548657277, 3212.3517263572853]
[7, 2, 0.06375, 0.023036186123921516, False, 8, 4, 24798.910617407455, 2974.029704154367]
[8, 2, 0.06375, 0.021548378993417577, False, 2, 1, 3524.343060633058, 3523.354075717274]
[8, 2, 0.06375, 0.021548378993417577, False, 4, 2, 3842.8406142695044, 3840.6159998780586]
[8, 2, 0.06375, 0.021548378993417577, False, 6, 3, 3668.8418877158842, 3665.770955973696]
[8, 2, 0.06375, 0.021548378993417577, False, 8, 4, 24683.889630423106, 3400.6060364692216]
[9, 2, 0.06375, 0.020316006546431092, False, 2, 1, 3814.9203009628354, 3813.683822581986]
[9, 2, 0.06375, 0.020316006546431092, False, 4, 2, 4259.7687140189, 4256.924689820318]
[9, 2, 0.06375, 0.020316006546431092, False, 6, 3, 4112.7089108298205, 4108.704500449614]
[9, 2, 0.06375, 0.020316006546431092, False, 8, 4, 24565.732368878565, 3825.508309610337]
[10, 2, 0.06375, 0.019273456093684076, False, 2, 1, 4082.2204936587073, 4080.7180997560563]
[10, 2, 0.06375, 0.019273456093684076, False, 4, 2, 4665.871515792011, 4662.331789157987]
[10, 2, 0.06375, 0.019273456093684076, False, 6, 3, 4543.409924549047, 4538.364153523069]
[10, 2, 0.06375, 0.019273456093684076, False, 8, 4, 24443.85222330781, 4248.253741319288]
[11, 2, 0.06375, 0.01837651935079526, False, 2, 1, 4329.665565765859, 4327.881228660999]
[11, 2, 0.06375, 0.01837651935079526, False, 4, 2, 5056.629720361343, 5052.3223578209745]
[11, 2, 0.06375, 0.01837651935079526, False, 6, 3, 4966.27408382175, 4960.0651875488065]
[11, 2, 0.06375, 0.01837651935079526, False, 8, 4, 24317.723407094778, 4668.52472333977]
[12, 2, 0.06375, 0.017594177772660285, False, 2, 1, 4559.71476598189, 4557.634663060616]
[12, 2, 0.06375, 0.017594177772660285, False, 4, 2, 5432.3003354409475, 5427.156126222609]
[12, 2, 0.06375, 0.017594177772660285, False, 6, 3, 5380.979163836358, 5373.483532421349]
[12, 2, 0.06375, 0.017594177772660285, False, 8, 4, 5096.246313022801, 5085.976095677793]
[13, 2, 0.06375, 0.01690393922672755, False, 2, 1, 4774.402970451827, 4772.0151625887565]
[13, 2, 0.06375, 0.01690393922672755, False, 4, 2, 5785.944313358685, 5779.90430938387]
[13, 2, 0.06375, 0.01690393922672755, False, 6, 3, 5787.269675034059, 5778.362958129404]
[13, 2, 0.06375, 0.01690393922672755, False, 8, 4, 5512.917444961331, 5500.705712626842]
[14, 2, 0.06375, 0.016289043420900352, False, 2, 1, 4975.460898485612, 4972.7550518354965]
[14, 2, 0.06375, 0.016289043420900352, False, 4, 2, 6123.643802011515, 6116.64867339579]
[14, 2, 0.06375, 0.016289043420900352, False, 6, 3, 6177.682330889195, 6166.600876255493]
[14, 2, 0.06375, 0.016289043420900352, False, 8, 4, 5915.097795446953, 5900.766872013442]
[15, 2, 0.06375, 0.015736711003153693, False, 8, 4, 5915.097795446953, 5900.766872013442]
[16, 2, 0.06375, 0.015237004909823318, False, 8, 4, 5915.097795446953, 5900.766872013442]
[17, 2, 0.06375, 0.01478206603794269, False, 8, 4, 5915.097795446953, 5900.766872013442]
[18, 2, 0.06375, 0.014365585995611716, False, 8, 4, 5915.097795446953, 5900.766872013442]
[19, 2, 0.06375, 0.013982434653505876, False, 8, 4, 5915.097795446953, 5900.766872013442]
[20, 2, 0.06375, 0.013628391500745197, False, 8, 4, 5915.097795446953, 5900.766872013442]
[21, 2, 0.06375, 0.013299948259748407, False, 8, 4, 5915.097795446953, 5900.766872013442]
[22, 2, 0.06375, 0.01299416144755314, False, 8, 4, 5915.097795446953, 5900.766872013442]
[23, 2, 0.06375, 0.012708540603026322, False, 8, 4, 5915.097795446953, 5900.766872013442]
[24, 2, 0.06375, 0.012440962412449713, False, 8, 4, 5915.097795446953, 5900.766872013442]
[25, 2, 0.06375, 0.012189603927858655, False, 8, 4, 5915.097795446953, 5900.766872013442]
[26, 2, 0.06375, 0.011952890055984334, False, 8, 4, 5915.097795446953, 5900.766872013442]
[27, 2, 0.06375, 0.01172945184844019, False, 8, 4, 5915.097795446953, 5900.766872013442]
[28, 2, 0.06375, 0.011518093061960758, False, 8, 4, 5915.097795446953, 5900.766872013442]
[29, 2, 0.06375, 0.011317763118140162, False, 8, 4, 5915.097795446953, 5900.766872013442]
[30, 2, 0.06375, 0.011127535063902934, False, 8, 4, 5915.097795446953, 5900.766872013442]
[31, 2, 0.06375, 0.010946587475249077, False, 8, 4, 5915.097795446953, 5900.766872013442]
[32, 2, 0.06375, 0.010774189496708789, False, 8, 4, 5915.097795446953, 5900.766872013442]
[33, 2, 0.06375, 0.010609688393950009, False, 8, 4, 5915.097795446953, 5900.766872013442]
[34, 2, 0.06375, 0.010452499135376637, False, 8, 4, 5915.097795446953, 5900.766872013442]
[35, 2, 0.06375, 0.01030209562308518, False, 8, 4, 5915.097795446953, 5900.766872013442]
[36, 2, 0.06375, 0.010158003273215546, False, 8, 4, 5915.097795446953, 5900.766872013442]
[37, 2, 0.06375, 0.010019792706966842, False, 8, 4, 5915.097795446953, 5900.766872013442]
[38, 2, 0.06375, 0.009887074360991779, False, 8, 4, 5915.097795446953, 5900.766872013442]
[39, 2, 0.06375, 0.009759493862916224, False, 8, 4, 5915.097795446953, 5900.766872013442]
[40, 2, 0.06375, 0.009636728046842038, False, 8, 4, 5915.097795446953, 5900.766872013442]
[41, 2, 0.06375, 0.009518481506729072, False, 8, 4, 5915.097795446953, 5900.766872013442]
[42, 2, 0.06375, 0.009404483603898318, False, 8, 4, 5915.097795446953, 5900.766872013442]
[43, 2, 0.06375, 0.009294485859595735, False, 8, 4, 5915.097795446953, 5900.766872013442]
[44, 2, 0.06375, 0.00918825967539763, False, 8, 4, 5915.097795446953, 5900.766872013442]
[45, 2, 0.06375, 0.00908559433383013, False, 8, 4, 5915.097795446953, 5900.766872013442]
[46, 2, 0.06375, 0.008986295239384488, False, 8, 4, 5915.097795446953, 5900.766872013442]
[47, 2, 0.06375, 0.008890182366499022, False, 8, 4, 5915.097795446953, 5900.766872013442]
[48, 2, 0.06375, 0.008797088886330143, False, 8, 4, 5915.097795446953, 5900.766872013442]
[49, 2, 0.06375, 0.008706859948470468, False, 8, 4, 5915.097795446953, 5900.766872013442]
[50, 2, 0.06375, 0.008619351597367028, False, 8, 4, 5915.097795446953, 5900.766872013442]
[51, 2, 0.06375, 0.008534429806185038, False, 8, 4, 5915.097795446953, 5900.766872013442]
[52, 2, 0.06375, 0.008451969613363775, False, 8, 4, 5915.097795446953, 5900.766872013442]
[53, 2, 0.06375, 0.008371854349209099, False, 8, 4, 5915.097795446953, 5900.766872013442]
[5, 3, 0.06375, 0.027256783001490394, False, 2, 1, 2994.6412592943634, 2993.929778268702]
[5, 3, 0.06375, 0.027256783001490394, False, 4, 2, 2992.601617757297, 2991.1132981604933]
[5, 3, 0.06375, 0.027256783001490394, False, 6, 3, 24079.489968034635, 2712.9731115979234]
[5, 3, 0.06375, 0.027256783001490394, False, 8, 4, 23466.695889601306, 2465.4032250047317]
[6, 3, 0.06375, 0.024881924824899426, False, 2, 1, 3404.2216671360143, 3403.23036120295]
[6, 3, 0.06375, 0.024881924824899426, False, 4, 2, 3530.4003456860305, 3528.242389670711]
[6, 3, 0.06375, 0.024881924824899426, False, 6, 3, 23931.825891619683, 3241.131077859387]
[6, 3, 0.06375, 0.024881924824899426, False, 8, 4, 23286.515802522845, 2952.10891785921]
[7, 3, 0.06375, 0.023036186123921516, False, 2, 1, 3771.3343538202475, 3770.0330658586836]
[7, 3, 0.06375, 0.023036186123921516, False, 4, 2, 4044.5747888421774, 4041.6330374787467]
[7, 3, 0.06375, 0.023036186123921516, False, 6, 3, 23782.93891562987, 3761.4125000228487]
[7, 3, 0.06375, 0.023036186123921516, False, 8, 4, 23105.759306296008, 3434.535381254648]
[8, 3, 0.06375, 0.021548378993417577, False, 2, 1, 4099.379130446699, 4097.744489974749]
[8, 3, 0.06375, 0.021548378993417577, False, 4, 2, 4524.839836008759, 4521.015175281559]
[8, 3, 0.06375, 0.021548378993417577, False, 6, 3, 4278.958325071625, 4273.177855889213]
[8, 3, 0.06375, 0.021548378993417577, False, 8, 4, 22923.072529240875, 3912.1574980246446]
[9, 3, 0.06375, 0.020316006546431092, False, 2, 1, 4394.180207960005, 4392.194093825469]
[9, 3, 0.06375, 0.020316006546431092, False, 4, 2, 4981.617605742434, 4976.8112147559095]
[9, 3, 0.06375, 0.020316006546431092, False, 6, 3, 4774.721871007615, 4767.364754125454]
[9, 3, 0.06375, 0.020316006546431092, False, 8, 4, 22737.447812027545, 4384.503535922051]
[10, 3, 0.06375, 0.019273456093684076, False, 2, 1, 4660.279153188847, 4657.927846479892]
[10, 3, 0.06375, 0.019273456093684076, False, 4, 2, 5421.671550337764, 5415.783808470296]
[10, 3, 0.06375, 0.019273456093684076, False, 6, 3, 5249.8421500502545, 5240.731399056772]
[10, 3, 0.06375, 0.019273456093684076, False, 8, 4, 22548.08522558811, 4851.086936492488]
[11, 3, 0.06375, 0.01837651935079526, False, 2, 1, 4902.733365607183, 4900.006013727354]
[11, 3, 0.06375, 0.01837651935079526, False, 4, 2, 5839.725503433297, 5832.670480702285]
[11, 3, 0.06375, 0.01837651935079526, False, 6, 3, 5711.892224092987, 5700.843869425254]
[11, 3, 0.06375, 0.01837651935079526, False, 8, 4, 5325.112356094693, 5311.626445555386]
[12, 3, 0.06375, 0.017594177772660285, False, 2, 1, 5124.943768919518, 5121.831964917324]
[12, 3, 0.06375, 0.017594177772660285, False, 4, 2, 6236.8109661873805, 6228.51009660339]
[12, 3, 0.06375, 0.017594177772660285, False, 6, 3, 6160.7447458713805, 6147.577786985534]
[12, 3, 0.06375, 0.017594177772660285, False, 8, 4, 5780.502841573298, 5764.277972615419]
[13, 3, 0.06375, 0.01690393922672755, False, 2, 1, 5329.139239593611, 5326.190367282326]
[13, 3, 0.06375, 0.01690393922672755, False, 4, 2, 6604.009307680093, 6594.406674764478]
[13, 3, 0.06375, 0.01690393922672755, False, 6, 3, 6596.345748120267, 6580.882176161875]
[13, 3, 0.06375, 0.01690393922672755, False, 8, 4, 6227.684001393846, 6208.4388940976205]
[14, 3, 0.06375, 0.016289043420900352, False, 2, 1, 5518.641193547061, 5515.3713197234365]
[14, 3, 0.06375, 0.016289043420900352, False, 4, 2, 6949.9238018130145, 6938.959695936346]
[14, 3, 0.06375, 0.016289043420900352, False, 6, 3, 7008.507571325665, 6990.601471726045]
[14, 3, 0.06375, 0.016289043420900352, False, 8, 4, 6652.770033851747, 6630.284513308307]
[15, 3, 0.06375, 0.015736711003153693, False, 8, 4, 6652.770033851747, 6630.284513308307]
[16, 3, 0.06375, 0.015237004909823318, False, 8, 4, 6652.770033851747, 6630.284513308307]
[17, 3, 0.06375, 0.01478206603794269, False, 8, 4, 6652.770033851747, 6630.284513308307]
[18, 3, 0.06375, 0.014365585995611716, False, 8, 4, 6652.770033851747, 6630.284513308307]
[19, 3, 0.06375, 0.013982434653505876, False, 8, 4, 6652.770033851747, 6630.284513308307]
[20, 3, 0.06375, 0.013628391500745197, False, 8, 4, 6652.770033851747, 6630.284513308307]
[21, 3, 0.06375, 0.013299948259748407, False, 8, 4, 6652.770033851747, 6630.284513308307]
[22, 3, 0.06375, 0.01299416144755314, False, 8, 4, 6652.770033851747, 6630.284513308307]
[23, 3, 0.06375, 0.012708540603026322, False, 8, 4, 6652.770033851747, 6630.284513308307]
[24, 3, 0.06375, 0.012440962412449713, False, 8, 4, 6652.770033851747, 6630.284513308307]
[25, 3, 0.06375, 0.012189603927858655, False, 8, 4, 6652.770033851747, 6630.284513308307]
[26, 3, 0.06375, 0.011952890055984334, False, 8, 4, 6652.770033851747, 6630.284513308307]
[27, 3, 0.06375, 0.01172945184844019, False, 8, 4, 6652.770033851747, 6630.284513308307]
[28, 3, 0.06375, 0.011518093061960758, False, 8, 4, 6652.770033851747, 6630.284513308307]
[29, 3, 0.06375, 0.011317763118140162, False, 8, 4, 6652.770033851747, 6630.284513308307]
[30, 3, 0.06375, 0.011127535063902934, False, 8, 4, 6652.770033851747, 6630.284513308307]
[31, 3, 0.06375, 0.010946587475249077, False, 8, 4, 6652.770033851747, 6630.284513308307]
[32, 3, 0.06375, 0.010774189496708789, False, 8, 4, 6652.770033851747, 6630.284513308307]
[33, 3, 0.06375, 0.010609688393950009, False, 8, 4, 6652.770033851747, 6630.284513308307]
[34, 3, 0.06375, 0.010452499135376637, False, 8, 4, 6652.770033851747, 6630.284513308307]
[35, 3, 0.06375, 0.01030209562308518, False, 8, 4, 6652.770033851747, 6630.284513308307]
[36, 3, 0.06375, 0.010158003273215546, False, 8, 4, 6652.770033851747, 6630.284513308307]
[37, 3, 0.06375, 0.010019792706966842, False, 8, 4, 6652.770033851747, 6630.284513308307]
[38, 3, 0.06375, 0.009887074360991779, False, 8, 4, 6652.770033851747, 6630.284513308307]
[39, 3, 0.06375, 0.009759493862916224, False, 8, 4, 6652.770033851747, 6630.284513308307]
[40, 3, 0.06375, 0.009636728046842038, False, 8, 4, 6652.770033851747, 6630.284513308307]
[41, 3, 0.06375, 0.009518481506729072, False, 8, 4, 6652.770033851747, 6630.284513308307]
[42, 3, 0.06375, 0.009404483603898318, False, 8, 4, 6652.770033851747, 6630.284513308307]
[43, 3, 0.06375, 0.009294485859595735, False, 8, 4, 6652.770033851747, 6630.284513308307]
[44, 3, 0.06375, 0.00918825967539763, False, 8, 4, 6652.770033851747, 6630.284513308307]
[45, 3, 0.06375, 0.00908559433383013, False, 8, 4, 6652.770033851747, 6630.284513308307]
[46, 3, 0.06375, 0.008986295239384488, False, 8, 4, 6652.770033851747, 6630.284513308307]
[47, 3, 0.06375, 0.008890182366499022, False, 8, 4, 6652.770033851747, 6630.284513308307]
[48, 3, 0.06375, 0.008797088886330143, False, 8, 4, 6652.770033851747, 6630.284513308307]
[49, 3, 0.06375, 0.008706859948470468, False, 8, 4, 6652.770033851747, 6630.284513308307]
[50, 3, 0.06375, 0.008619351597367028, False, 8, 4, 6652.770033851747, 6630.284513308307]
[51, 3, 0.06375, 0.008534429806185038, False, 8, 4, 6652.770033851747, 6630.284513308307]
[52, 3, 0.06375, 0.008451969613363775, False, 8, 4, 6652.770033851747, 6630.284513308307]
[53, 3, 0.06375, 0.008371854349209099, False, 8, 4, 6652.770033851747, 6630.284513308307]
[5, 4, 0.06375, 0.027256783001490394, False, 2, 1, 3342.50403171341, 3341.467342072258]
[5, 4, 0.06375, 0.027256783001490394, False, 4, 2, 3333.8255001885996, 3331.6538630792907]
[5, 4, 0.06375, 0.027256783001490394, False, 6, 3, 22551.21920963825, 2987.4136123255703]
[5, 4, 0.06375, 0.027256783001490394, False, 8, 4, 21472.60035661515, 2682.7089940046963]
[6, 4, 0.06375, 0.024881924824899426, False, 2, 1, 3765.5581358484988, 3764.1508761577393]
[6, 4, 0.06375, 0.024881924824899426, False, 4, 2, 3913.5879797649736, 3910.474687739366]
[6, 4, 0.06375, 0.024881924824899426, False, 6, 3, 22328.349127760812, 3556.767295486493]
[6, 4, 0.06375, 0.024881924824899426, False, 8, 4, 21147.04046547588, 3201.131061683602]
[7, 4, 0.06375, 0.023036186123921516, False, 2, 1, 4138.69735612729, 4136.89146497628]
[7, 4, 0.06375, 0.023036186123921516, False, 4, 2, 4462.402548305144, 4458.204749418065]
[7, 4, 0.06375, 0.023036186123921516, False, 6, 3, 4118.830882330081, 4112.542548950883]
[7, 4, 0.06375, 0.023036186123921516, False, 8, 4, 20827.674273388126, 3711.676938682563]
[8, 4, 0.06375, 0.021548378993417577, False, 2, 1, 4466.932130054097, 4464.708688752776]
[8, 4, 0.06375, 0.021548378993417577, False, 4, 2, 4968.544476516428, 4963.147855861691]
[8, 4, 0.06375, 0.021548378993417577, False, 6, 3, 4662.801972922358, 4654.564008391723]
[8, 4, 0.06375, 0.021548378993417577, False, 8, 4, 20511.912543444192, 4213.880292466832]
[9, 4, 0.06375, 0.020316006546431092, False, 2, 1, 4757.848925226249, 4755.195033433805]
[9, 4, 0.06375, 0.020316006546431092, False, 4, 2, 5445.404511115846, 5438.6941848167035]
[9, 4, 0.06375, 0.020316006546431092, False, 6, 3, 5183.41270231792, 5172.975327691256]
[9, 4, 0.06375, 0.020316006546431092, False, 8, 4, 20197.958349473407, 4707.314715622035]
[10, 4, 0.06375, 0.019273456093684076, False, 2, 1, 5017.191795535653, 5014.099208975888]
[10, 4, 0.06375, 0.019273456093684076, False, 4, 2, 5901.515328985295, 5893.374358251247]
[10, 4, 0.06375, 0.019273456093684076, False, 6, 3, 5677.282908929267, 5664.418664088938]
[10, 4, 0.06375, 0.019273456093684076, False, 8, 4, 5207.0934497562985, 5191.52196203073]
[11, 4, 0.06375, 0.01837651935079526, False, 2, 1, 5250.513672464367, 5247.533098543607]
[11, 4, 0.06375, 0.01837651935079526, False, 4, 2, 6330.5357601389815, 6320.86844356202]
[11, 4, 0.06375, 0.01837651935079526, False, 6, 3, 6153.681044423312, 6138.149296608727]
[11, 4, 0.06375, 0.01837651935079526, False, 8, 4, 5685.2928648541365, 5666.268451759095]
[12, 4, 0.06375, 0.017594177772660285, False, 2, 1, 5463.128207842847, 5459.781896182023]
[12, 4, 0.06375, 0.017594177772660285, False, 4, 2, 6733.942334703049, 6722.662401300557]
[12, 4, 0.06375, 0.017594177772660285, False, 6, 3, 6612.704516103254, 6594.269621818055]
[12, 4, 0.06375, 0.017594177772660285, False, 8, 4, 6154.25714133865, 6131.419142494153]
[13, 4, 0.06375, 0.01690393922672755, False, 2, 1, 5657.703081620093, 5653.991439826187]
[13, 4, 0.06375, 0.01690393922672755, False, 4, 2, 7100.297227362705, 7087.342673002168]
[13, 4, 0.06375, 0.01690393922672755, False, 6, 3, 7054.516094708356, 7032.947060187318]
[13, 4, 0.06375, 0.01690393922672755, False, 8, 4, 6614.246997885042, 6587.234606913291]
[14, 4, 0.06375, 0.016289043420900352, False, 2, 1, 5836.6404758168555, 5832.563876979988]
[14, 4, 0.06375, 0.016289043420900352, False, 4, 2, 7440.604506455383, 7425.903349844881]
[14, 4, 0.06375, 0.016289043420900352, False, 6, 3, 7467.756106609234, 7442.874215691319]
[14, 4, 0.06375, 0.016289043420900352, False, 8, 4, 7047.706478731894, 7016.246118462441]
[15, 4, 0.06375, 0.015736711003153693, False, 8, 4, 7047.706478731894, 7016.246118462441]
[16, 4, 0.06375, 0.015237004909823318, False, 8, 4, 7047.706478731894, 7016.246118462441]
[17, 4, 0.06375, 0.01478206603794269, False, 8, 4, 7047.706478731894, 7016.246118462441]
[18, 4, 0.06375, 0.014365585995611716, False, 8, 4, 7047.706478731894, 7016.246118462441]
[19, 4, 0.06375, 0.013982434653505876, False, 8, 4, 7047.706478731894, 7016.246118462441]
[20, 4, 0.06375, 0.013628391500745197, False, 8, 4, 7047.706478731894, 7016.246118462441]
[21, 4, 0.06375, 0.013299948259748407, False, 8, 4, 7047.706478731894, 7016.246118462441]
[22, 4, 0.06375, 0.01299416144755314, False, 8, 4, 7047.706478731894, 7016.246118462441]
[23, 4, 0.06375, 0.012708540603026322, False, 8, 4, 7047.706478731894, 7016.246118462441]
[24, 4, 0.06375, 0.012440962412449713, False, 8, 4, 7047.706478731894, 7016.246118462441]
[25, 4, 0.06375, 0.012189603927858655, False, 8, 4, 7047.706478731894, 7016.246118462441]
[26, 4, 0.06375, 0.011952890055984334, False, 8, 4, 7047.706478731894, 7016.246118462441]
[27, 4, 0.06375, 0.01172945184844019, False, 8, 4, 7047.706478731894, 7016.246118462441]
[28, 4, 0.06375, 0.011518093061960758, False, 8, 4, 7047.706478731894, 7016.246118462441]
[29, 4, 0.06375, 0.011317763118140162, False, 8, 4, 7047.706478731894, 7016.246118462441]
[30, 4, 0.06375, 0.011127535063902934, False, 8, 4, 7047.706478731894, 7016.246118462441]
[31, 4, 0.06375, 0.010946587475249077, False, 8, 4, 7047.706478731894, 7016.246118462441]
[32, 4, 0.06375, 0.010774189496708789, False, 8, 4, 7047.706478731894, 7016.246118462441]
[33, 4, 0.06375, 0.010609688393950009, False, 8, 4, 7047.706478731894, 7016.246118462441]
[34, 4, 0.06375, 0.010452499135376637, False, 8, 4, 7047.706478731894, 7016.246118462441]
[35, 4, 0.06375, 0.01030209562308518, False, 8, 4, 7047.706478731894, 7016.246118462441]
[36, 4, 0.06375, 0.010158003273215546, False, 8, 4, 7047.706478731894, 7016.246118462441]
[37, 4, 0.06375, 0.010019792706966842, False, 8, 4, 7047.706478731894, 7016.246118462441]
[38, 4, 0.06375, 0.009887074360991779, False, 8, 4, 7047.706478731894, 7016.246118462441]
[39, 4, 0.06375, 0.009759493862916224, False, 8, 4, 7047.706478731894, 7016.246118462441]
[40, 4, 0.06375, 0.009636728046842038, False, 8, 4, 7047.706478731894, 7016.246118462441]
[41, 4, 0.06375, 0.009518481506729072, False, 8, 4, 7047.706478731894, 7016.246118462441]
[42, 4, 0.06375, 0.009404483603898318, False, 8, 4, 7047.706478731894, 7016.246118462441]
[43, 4, 0.06375, 0.009294485859595735, False, 8, 4, 7047.706478731894, 7016.246118462441]
[44, 4, 0.06375, 0.00918825967539763, False, 8, 4, 7047.706478731894, 7016.246118462441]
[45, 4, 0.06375, 0.00908559433383013, False, 8, 4, 7047.706478731894, 7016.246118462441]
[46, 4, 0.06375, 0.008986295239384488, False, 8, 4, 7047.706478731894, 7016.246118462441]
[47, 4, 0.06375, 0.008890182366499022, False, 8, 4, 7047.706478731894, 7016.246118462441]
[48, 4, 0.06375, 0.008797088886330143, False, 8, 4, 7047.706478731894, 7016.246118462441]
[49, 4, 0.06375, 0.008706859948470468, False, 8, 4, 7047.706478731894, 7016.246118462441]
[50, 4, 0.06375, 0.008619351597367028, False, 8, 4, 7047.706478731894, 7016.246118462441]
[51, 4, 0.06375, 0.008534429806185038, False, 8, 4, 7047.706478731894, 7016.246118462441]
[52, 4, 0.06375, 0.008451969613363775, False, 8, 4, 7047.706478731894, 7016.246118462441]
[53, 4, 0.06375, 0.008371854349209099, False, 8, 4, 7047.706478731894, 7016.246118462441]
[5, 5, 0.06375, 0.027256783001490394, False, 2, 1, 3583.794256916648, 3582.452527986268]
[5, 5, 0.06375, 0.027256783001490394, False, 4, 2, 3568.8034125112767, 3565.959523869952]
[5, 5, 0.06375, 0.027256783001490394, False, 6, 3, 20436.928100527857, 3161.189110441605]
[5, 5, 0.06375, 0.027256783001490394, False, 8, 4, 19067.105054325064, 2817.466586367184]
[6, 5, 0.06375, 0.024881924824899426, False, 2, 1, 4012.240628385333, 4010.4513301326238]
[6, 5, 0.06375, 0.024881924824899426, False, 4, 2, 4171.846865311019, 4167.791723805295]
[6, 5, 0.06375, 0.024881924824899426, False, 6, 3, 3758.118941097592, 3752.0359984793663]
[6, 5, 0.06375, 0.024881924824899426, False, 8, 4, 18709.571037433034, 3354.97367341096]
[7, 5, 0.06375, 0.023036186123921516, False, 2, 1, 4385.983900481449, 4383.722419493894]
[7, 5, 0.06375, 0.023036186123921516, False, 4, 2, 4737.84203100441, 4732.4014294892295]
[7, 5, 0.06375, 0.023036186123921516, False, 6, 3, 4335.093495209724, 4326.824185714555]
[7, 5, 0.06375, 0.023036186123921516, False, 8, 4, 18362.66422744426, 3882.204444443626]
[8, 5, 0.06375, 0.021548378993417577, False, 2, 1, 4711.215780647056, 4708.46814048872]
[8, 5, 0.06375, 0.021548378993417577, False, 4, 2, 5254.288089005188, 5247.328640325362]
[8, 5, 0.06375, 0.021548378993417577, False, 6, 3, 4895.999403464625, 4885.186878977776]
[8, 5, 0.06375, 0.021548378993417577, False, 8, 4, 18023.256182614754, 4398.740162487885]
[9, 5, 0.06375, 0.020316006546431092, False, 2, 1, 4996.268080610528, 4993.526814033647]
[9, 5, 0.06375, 0.020316006546431092, False, 4, 2, 5736.8936229887, 5728.278315139824]
[9, 5, 0.06375, 0.020316006546431092, False, 6, 3, 5429.985288771265, 5416.325978376327]
[9, 5, 0.06375, 0.020316006546431092, False, 8, 4, 4920.5286019686455, 4904.193582111286]
[10, 5, 0.06375, 0.019273456093684076, False, 2, 1, 5248.609882811648, 5245.457622775446]
[10, 5, 0.06375, 0.019273456093684076, False, 4, 2, 6195.507987390886, 6185.094578613858]
[10, 5, 0.06375, 0.019273456093684076, False, 6, 3, 5933.453720250158, 5916.673912706911]
[10, 5, 0.06375, 0.019273456093684076, False, 8, 4, 5418.478456743503, 5398.134844528203]
[11, 5, 0.06375, 0.01837651935079526, False, 2, 1, 5474.619617847369, 5471.056827910166]
[11, 5, 0.06375, 0.01837651935079526, False, 4, 2, 6623.411689247889, 6611.0860738273195]
[11, 5, 0.06375, 0.01837651935079526, False, 6, 3, 6416.641704015656, 6396.447408661603]
[11, 5, 0.06375, 0.01837651935079526, False, 8, 4, 5905.174801669885, 5880.371223994499]
[12, 5, 0.06375, 0.017594177772660285, False, 2, 1, 5678.690139419465, 5674.7180299940355]
[12, 5, 0.06375, 0.017594177772660285, False, 4, 2, 7022.557786887154, 7008.216462672425]
[12, 5, 0.06375, 0.017594177772660285, False, 6, 3, 6879.819121066039, 6855.924653474629]
[12, 5, 0.06375, 0.017594177772660285, False, 8, 4, 6380.355940473285, 6350.634957829532]
[13, 5, 0.06375, 0.01690393922672755, False, 2, 1, 5864.281374735651, 5859.901373327871]
[13, 5, 0.06375, 0.01690393922672755, False, 4, 2, 7382.967268853566, 7366.553599875366]
[13, 5, 0.06375, 0.01690393922672755, False, 6, 3, 7323.312086545928, 7295.439542838339]
[13, 5, 0.06375, 0.01690393922672755, False, 8, 4, 6843.778256324502, 6808.67779617511]
[14, 5, 0.06375, 0.016289043420900352, False, 2, 1, 6034.1434655620515, 6029.356859504342]
[14, 5, 0.06375, 0.016289043420900352, False, 4, 2, 7716.323417052967, 7697.764001156491]
[14, 5, 0.06375, 0.016289043420900352, False, 6, 3, 7735.07567209226, 7703.022233522514]
[14, 5, 0.06375, 0.016289043420900352, False, 8, 4, 7276.438421490758, 7235.612599050162]
[15, 5, 0.06375, 0.015736711003153693, False, 8, 4, 7276.438421490758, 7235.612599050162]
[16, 5, 0.06375, 0.015237004909823318, False, 8, 4, 7276.438421490758, 7235.612599050162]
[17, 5, 0.06375, 0.01478206603794269, False, 8, 4, 7276.438421490758, 7235.612599050162]
[18, 5, 0.06375, 0.014365585995611716, False, 8, 4, 7276.438421490758, 7235.612599050162]
[19, 5, 0.06375, 0.013982434653505876, False, 8, 4, 7276.438421490758, 7235.612599050162]
[20, 5, 0.06375, 0.013628391500745197, False, 8, 4, 7276.438421490758, 7235.612599050162]
[21, 5, 0.06375, 0.013299948259748407, False, 8, 4, 7276.438421490758, 7235.612599050162]
[22, 5, 0.06375, 0.01299416144755314, False, 8, 4, 7276.438421490758, 7235.612599050162]
[23, 5, 0.06375, 0.012708540603026322, False, 8, 4, 7276.438421490758, 7235.612599050162]
[24, 5, 0.06375, 0.012440962412449713, False, 8, 4, 7276.438421490758, 7235.612599050162]
[25, 5, 0.06375, 0.012189603927858655, False, 8, 4, 7276.438421490758, 7235.612599050162]
[26, 5, 0.06375, 0.011952890055984334, False, 8, 4, 7276.438421490758, 7235.612599050162]
[27, 5, 0.06375, 0.01172945184844019, False, 8, 4, 7276.438421490758, 7235.612599050162]
[28, 5, 0.06375, 0.011518093061960758, False, 8, 4, 7276.438421490758, 7235.612599050162]
[29, 5, 0.06375, 0.011317763118140162, False, 8, 4, 7276.438421490758, 7235.612599050162]
[30, 5, 0.06375, 0.011127535063902934, False, 8, 4, 7276.438421490758, 7235.612599050162]
[31, 5, 0.06375, 0.010946587475249077, False, 8, 4, 7276.438421490758, 7235.612599050162]
[32, 5, 0.06375, 0.010774189496708789, False, 8, 4, 7276.438421490758, 7235.612599050162]
[33, 5, 0.06375, 0.010609688393950009, False, 8, 4, 7276.438421490758, 7235.612599050162]
[34, 5, 0.06375, 0.010452499135376637, False, 8, 4, 7276.438421490758, 7235.612599050162]
[35, 5, 0.06375, 0.01030209562308518, False, 8, 4, 7276.438421490758, 7235.612599050162]
[36, 5, 0.06375, 0.010158003273215546, False, 8, 4, 7276.438421490758, 7235.612599050162]
[37, 5, 0.06375, 0.010019792706966842, False, 8, 4, 7276.438421490758, 7235.612599050162]
[38, 5, 0.06375, 0.009887074360991779, False, 8, 4, 7276.438421490758, 7235.612599050162]
[39, 5, 0.06375, 0.009759493862916224, False, 8, 4, 7276.438421490758, 7235.612599050162]
[40, 5, 0.06375, 0.009636728046842038, False, 8, 4, 7276.438421490758, 7235.612599050162]
[41, 5, 0.06375, 0.009518481506729072, False, 8, 4, 7276.438421490758, 7235.612599050162]
[42, 5, 0.06375, 0.009404483603898318, False, 8, 4, 7276.438421490758, 7235.612599050162]
[43, 5, 0.06375, 0.009294485859595735, False, 8, 4, 7276.438421490758, 7235.612599050162]
[44, 5, 0.06375, 0.00918825967539763, False, 8, 4, 7276.438421490758, 7235.612599050162]
[45, 5, 0.06375, 0.00908559433383013, False, 8, 4, 7276.438421490758, 7235.612599050162]
[46, 5, 0.06375, 0.008986295239384488, False, 8, 4, 7276.438421490758, 7235.612599050162]
[47, 5, 0.06375, 0.008890182366499022, False, 8, 4, 7276.438421490758, 7235.612599050162]
[48, 5, 0.06375, 0.008797088886330143, False, 8, 4, 7276.438421490758, 7235.612599050162]
[49, 5, 0.06375, 0.008706859948470468, False, 8, 4, 7276.438421490758, 7235.612599050162]
[50, 5, 0.06375, 0.008619351597367028, False, 8, 4, 7276.438421490758, 7235.612599050162]
[51, 5, 0.06375, 0.008534429806185038, False, 8, 4, 7276.438421490758, 7235.612599050162]
[52, 5, 0.06375, 0.008451969613363775, False, 8, 4, 7276.438421490758, 7235.612599050162]
[53, 5, 0.06375, 0.008371854349209099, False, 8, 4, 7276.438421490758, 7235.612599050162]
[5, 6, 0.06375, 0.027256783001490394, False, 2, 1, 3756.6539062252305, 3755.030292281959]
[5, 6, 0.06375, 0.027256783001490394, False, 4, 2, 3722.851826183328, 3719.2968815091835]
[5, 6, 0.06375, 0.027256783001490394, False, 6, 3, 18337.365424902724, 3278.4871204744836]
[5, 6, 0.06375, 0.027256783001490394, False, 8, 4, 16906.38157197533, 2909.2538719193863]
[6, 6, 0.06375, 0.024881924824899426, False, 2, 1, 4186.228356573142, 4184.0888373341495]
[6, 6, 0.06375, 0.024881924824899426, False, 4, 2, 4339.854980777123, 4334.808612061881]
[6, 6, 0.06375, 0.024881924824899426, False, 6, 3, 3891.4917706735223, 3883.9063349273347]
[6, 6, 0.06375, 0.024881924824899426, False, 8, 4, 16527.649031380468, 3458.1722445381492]
[7, 6, 0.06375, 0.023036186123921516, False, 2, 1, 4557.871207533834, 4555.193964730688]
[7, 6, 0.06375, 0.023036186123921516, False, 4, 2, 4915.618035644731, 4908.874523774445]
[7, 6, 0.06375, 0.023036186123921516, False, 6, 3, 4480.9274244536155, 4470.612592095599]
[7, 6, 0.06375, 0.023036186123921516, False, 8, 4, 16159.735276453739, 3994.527758413788]
[8, 6, 0.06375, 0.021548378993417577, False, 2, 1, 4878.161650151516, 4875.429052777324]
[8, 6, 0.06375, 0.021548378993417577, False, 4, 2, 5437.328612073058, 5428.737241486238]
[8, 6, 0.06375, 0.021548378993417577, False, 6, 3, 5051.809887873125, 5038.345475849041]
[8, 6, 0.06375, 0.021548378993417577, False, 8, 4, 4533.106672092455, 4517.110791715815]
[9, 6, 0.06375, 0.020316006546431092, False, 2, 1, 5156.6264869375555, 5153.429592757943]
[9, 6, 0.06375, 0.020316006546431092, False, 4, 2, 5922.710536599869, 5912.11772544697]
[9, 6, 0.06375, 0.020316006546431092, False, 6, 3, 5592.2319226555355, 5575.253177405188]
[9, 6, 0.06375, 0.020316006546431092, False, 8, 4, 5046.717317854539, 5026.27167272871]
[10, 6, 0.06375, 0.019273456093684076, False, 2, 1, 5400.534034573143, 5396.871271379419]
[10, 6, 0.06375, 0.019273456093684076, False, 4, 2, 6382.062043537203, 6369.304014093912]
[10, 6, 0.06375, 0.019273456093684076, False, 6, 3, 6098.845091652574, 6078.028004552375]
[10, 6, 0.06375, 0.019273456093684076, False, 8, 4, 5547.0459505575955, 5521.595257023915]
[11, 6, 0.06375, 0.01837651935079526, False, 2, 1, 5617.656653494881, 5613.527844345719]
[11, 6, 0.06375, 0.01837651935079526, False, 4, 2, 6808.428235912401, 6793.3772010278335]
[11, 6, 0.06375, 0.01837651935079526, False, 6, 3, 6582.860089732372, 6557.855499519652]
[11, 6, 0.06375, 0.01837651935079526, False, 8, 4, 6033.926910200247, 6002.909403346684]
[12, 6, 0.06375, 0.017594177772660285, False, 2, 1, 5812.624914469875, 5808.029964831022]
[12, 6, 0.06375, 0.017594177772660285, False, 4, 2, 7204.092004928011, 7186.63277928843]
[12, 6, 0.06375, 0.017594177772660285, False, 6, 3, 7043.200117904999, 7013.6480929242225]
[12, 6, 0.06375, 0.017594177772660285, False, 8, 4, 6507.1071906650695, 6469.957615538509]
[13, 6, 0.06375, 0.01690393922672755, False, 2, 1, 5989.0433506225945, 5983.981776443994]
[13, 6, 0.06375, 0.01690393922672755, False, 4, 2, 7558.790009206467, 7538.866173087098]
[13, 6, 0.06375, 0.01690393922672755, False, 6, 3, 7481.356504344262, 7446.920402255542]
[13, 6, 0.06375, 0.01690393922672755, False, 8, 4, 6966.349044106908, 6922.499427351935]
[14, 6, 0.06375, 0.016289043420900352, False, 2, 1, 6149.746775917422, 6144.217400821168]
[14, 6, 0.06375, 0.016289043420900352, False, 4, 2, 7885.825255163966, 7862.556482714294]
[14, 6, 0.06375, 0.016289043420900352, False, 6, 3, 7885.157246324172, 7845.602410676025]
[14, 6, 0.06375, 0.016289043420900352, False, 8, 4, 7393.025077032834, 7342.085032867266]
[15, 6, 0.06375, 0.015736711003153693, False, 8, 4, 7393.025077032834, 7342.085032867266]
[16, 6, 0.06375, 0.015237004909823318, False, 8, 4, 7393.025077032834, 7342.085032867266]
[17, 6, 0.06375, 0.01478206603794269, False, 8, 4, 7393.025077032834, 7342.085032867266]
[18, 6, 0.06375, 0.014365585995611716, False, 8, 4, 7393.025077032834, 7342.085032867266]
[19, 6, 0.06375, 0.013982434653505876, False, 8, 4, 7393.025077032834, 7342.085032867266]
[20, 6, 0.06375, 0.013628391500745197, False, 8, 4, 7393.025077032834, 7342.085032867266]
[21, 6, 0.06375, 0.013299948259748407, False, 8, 4, 7393.025077032834, 7342.085032867266]
[22, 6, 0.06375, 0.01299416144755314, False, 8, 4, 7393.025077032834, 7342.085032867266]
[23, 6, 0.06375, 0.012708540603026322, False, 8, 4, 7393.025077032834, 7342.085032867266]
[24, 6, 0.06375, 0.012440962412449713, False, 8, 4, 7393.025077032834, 7342.085032867266]
[25, 6, 0.06375, 0.012189603927858655, False, 8, 4, 7393.025077032834, 7342.085032867266]
[26, 6, 0.06375, 0.011952890055984334, False, 8, 4, 7393.025077032834, 7342.085032867266]
[27, 6, 0.06375, 0.01172945184844019, False, 8, 4, 7393.025077032834, 7342.085032867266]
[28, 6, 0.06375, 0.011518093061960758, False, 8, 4, 7393.025077032834, 7342.085032867266]
[29, 6, 0.06375, 0.011317763118140162, False, 8, 4, 7393.025077032834, 7342.085032867266]
[30, 6, 0.06375, 0.011127535063902934, False, 8, 4, 7393.025077032834, 7342.085032867266]
[31, 6, 0.06375, 0.010946587475249077, False, 8, 4, 7393.025077032834, 7342.085032867266]
[32, 6, 0.06375, 0.010774189496708789, False, 8, 4, 7393.025077032834, 7342.085032867266]
[33, 6, 0.06375, 0.010609688393950009, False, 8, 4, 7393.025077032834, 7342.085032867266]
[34, 6, 0.06375, 0.010452499135376637, False, 8, 4, 7393.025077032834, 7342.085032867266]
[35, 6, 0.06375, 0.01030209562308518, False, 8, 4, 7393.025077032834, 7342.085032867266]
[36, 6, 0.06375, 0.010158003273215546, False, 8, 4, 7393.025077032834, 7342.085032867266]
[37, 6, 0.06375, 0.010019792706966842, False, 8, 4, 7393.025077032834, 7342.085032867266]
[38, 6, 0.06375, 0.009887074360991779, False, 8, 4, 7393.025077032834, 7342.085032867266]
[39, 6, 0.06375, 0.009759493862916224, False, 8, 4, 7393.025077032834, 7342.085032867266]
[40, 6, 0.06375, 0.009636728046842038, False, 8, 4, 7393.025077032834, 7342.085032867266]
[41, 6, 0.06375, 0.009518481506729072, False, 8, 4, 7393.025077032834, 7342.085032867266]
[42, 6, 0.06375, 0.009404483603898318, False, 8, 4, 7393.025077032834, 7342.085032867266]
[43, 6, 0.06375, 0.009294485859595735, False, 8, 4, 7393.025077032834, 7342.085032867266]
[44, 6, 0.06375, 0.00918825967539763, False, 8, 4, 7393.025077032834, 7342.085032867266]
[45, 6, 0.06375, 0.00908559433383013, False, 8, 4, 7393.025077032834, 7342.085032867266]
[46, 6, 0.06375, 0.008986295239384488, False, 8, 4, 7393.025077032834, 7342.085032867266]
[47, 6, 0.06375, 0.008890182366499022, False, 8, 4, 7393.025077032834, 7342.085032867266]
[48, 6, 0.06375, 0.008797088886330143, False, 8, 4, 7393.025077032834, 7342.085032867266]
[49, 6, 0.06375, 0.008706859948470468, False, 8, 4, 7393.025077032834, 7342.085032867266]
[50, 6, 0.06375, 0.008619351597367028, False, 8, 4, 7393.025077032834, 7342.085032867266]
[51, 6, 0.06375, 0.008534429806185038, False, 8, 4, 7393.025077032834, 7342.085032867266]
[52, 6, 0.06375, 0.008451969613363775, False, 8, 4, 7393.025077032834, 7342.085032867266]
[53, 6, 0.06375, 0.008371854349209099, False, 8, 4, 7393.025077032834, 7342.085032867266]
[5, 7, 0.06375, 0.027256783001490394, False, 2, 1, 3878.928860772304, 3877.032764260188]
[5, 7, 0.06375, 0.027256783001490394, False, 4, 2, 3832.808303225727, 3828.5186743897184]
[5, 7, 0.06375, 0.027256783001490394, False, 6, 3, 3367.551029498505, 3361.1690095687636]
[5, 7, 0.06375, 0.027256783001490394, False, 8, 4, 14883.934713955372, 2970.4028125499194]
[6, 7, 0.06375, 0.024881924824899426, False, 2, 1, 4305.890175265215, 4303.406758428899]
[6, 7, 0.06375, 0.024881924824899426, False, 4, 2, 4458.697239041102, 4452.631349234578]
[6, 7, 0.06375, 0.024881924824899426, False, 6, 3, 3983.8519089120887, 3974.688068714164]
[6, 7, 0.06375, 0.024881924824899426, False, 8, 4, 14481.35863059997, 3524.6437682781875]
[7, 7, 0.06375, 0.023036186123921516, False, 2, 1, 4672.66673257742, 4669.573354932114]
[7, 7, 0.06375, 0.023036186123921516, False, 4, 2, 5040.148219103025, 5032.070059559627]
[7, 7, 0.06375, 0.023036186123921516, False, 6, 3, 4578.796796233266, 4566.328743575878]
[7, 7, 0.06375, 0.023036186123921516, False, 8, 4, 4079.069949835388, 4064.292585385483]
[8, 7, 0.06375, 0.021548378993417577, False, 2, 1, 4986.457508360613, 4983.303130186963]
[8, 7, 0.06375, 0.021548378993417577, False, 4, 2, 5563.930815697531, 5553.6722047546655]
[8, 7, 0.06375, 0.021548378993417577, False, 6, 3, 5152.674061183149, 5136.399253772464]
[8, 7, 0.06375, 0.021548378993417577, False, 8, 4, 4608.48175357002, 4588.978556966915]
[9, 7, 0.06375, 0.020316006546431092, False, 2, 1, 5258.668789070336, 5254.989891610097]
[9, 7, 0.06375, 0.020316006546431092, False, 4, 2, 6048.587751800919, 6035.971727214079]
[9, 7, 0.06375, 0.020316006546431092, False, 6, 3, 5693.237353903826, 5672.72299826042]
[9, 7, 0.06375, 0.020316006546431092, False, 8, 4, 5123.237015574989, 5098.34987696323]
[10, 7, 0.06375, 0.019273456093684076, False, 2, 1, 5496.351974168195, 5492.149467870205]
[10, 7, 0.06375, 0.019273456093684076, False, 4, 2, 6505.531690885735, 6490.370934444063]
[10, 7, 0.06375, 0.019273456093684076, False, 6, 3, 6197.25072008128, 6172.11598243427]
[10, 7, 0.06375, 0.019273456093684076, False, 8, 4, 5623.514362100626, 5592.595593507303]
[11, 7, 0.06375, 0.01837651935079526, False, 2, 1, 5707.061931828116, 5702.335830596913]
[11, 7, 0.06375, 0.01837651935079526, False, 4, 2, 6927.683691757988, 6909.834651821534]
[11, 7, 0.06375, 0.01837651935079526, False, 6, 3, 6676.491641344604, 6646.3247075216905]
[11, 7, 0.06375, 0.01837651935079526, False, 8, 4, 6108.956177931796, 6071.354757573264]
[12, 7, 0.06375, 0.017594177772660285, False, 2, 1, 5895.569212748311, 5890.319161388477]
[12, 7, 0.06375, 0.017594177772660285, False, 4, 2, 7316.813563204385, 7296.136955997787]
[12, 7, 0.06375, 0.017594177772660285, False, 6, 3, 7131.493822719087, 7095.899947336247]
[12, 7, 0.06375, 0.017594177772660285, False, 8, 4, 6579.101971690256, 6534.163693264917]
[13, 7, 0.06375, 0.01690393922672755, False, 2, 1, 6065.763548315965, 6059.989916295159]
[13, 7, 0.06375, 0.01690393922672755, False, 4, 2, 7663.17337027722, 7638.775614542075]
[13, 7, 0.06375, 0.01690393922672755, False, 6, 3, 7562.827130991336, 7521.428364569527]
[13, 7, 0.06375, 0.01690393922672755, False, 8, 4, 7033.72189516911, 6980.794841895503]
[14, 7, 0.06375, 0.016289043420900352, False, 2, 1, 6220.547304331599, 6214.250008652912]
[14, 7, 0.06375, 0.016289043420900352, False, 4, 2, 7979.1374300695625, 7951.638671712612]
[14, 7, 0.06375, 0.016289043420900352, False, 6, 3, 7958.296783078495, 7910.848089444211]
[14, 7, 0.06375, 0.016289043420900352, False, 8, 4, 7453.9125783837, 7392.569329676826]
[15, 7, 0.06375, 0.015736711003153693, False, 8, 4, 7453.9125783837, 7392.569329676826]
[16, 7, 0.06375, 0.015237004909823318, False, 8, 4, 7453.9125783837, 7392.569329676826]
[17, 7, 0.06375, 0.01478206603794269, False, 8, 4, 7453.9125783837, 7392.569329676826]
[18, 7, 0.06375, 0.014365585995611716, False, 8, 4, 7453.9125783837, 7392.569329676826]
[19, 7, 0.06375, 0.013982434653505876, False, 8, 4, 7453.9125783837, 7392.569329676826]
[20, 7, 0.06375, 0.013628391500745197, False, 8, 4, 7453.9125783837, 7392.569329676826]
[21, 7, 0.06375, 0.013299948259748407, False, 8, 4, 7453.9125783837, 7392.569329676826]
[22, 7, 0.06375, 0.01299416144755314, False, 8, 4, 7453.9125783837, 7392.569329676826]
[23, 7, 0.06375, 0.012708540603026322, False, 8, 4, 7453.9125783837, 7392.569329676826]
[24, 7, 0.06375, 0.012440962412449713, False, 8, 4, 7453.9125783837, 7392.569329676826]
[25, 7, 0.06375, 0.012189603927858655, False, 8, 4, 7453.9125783837, 7392.569329676826]
[26, 7, 0.06375, 0.011952890055984334, False, 8, 4, 7453.9125783837, 7392.569329676826]
[27, 7, 0.06375, 0.01172945184844019, False, 8, 4, 7453.9125783837, 7392.569329676826]
[28, 7, 0.06375, 0.011518093061960758, False, 8, 4, 7453.9125783837, 7392.569329676826]
[29, 7, 0.06375, 0.011317763118140162, False, 8, 4, 7453.9125783837, 7392.569329676826]
[30, 7, 0.06375, 0.011127535063902934, False, 8, 4, 7453.9125783837, 7392.569329676826]
[31, 7, 0.06375, 0.010946587475249077, False, 8, 4, 7453.9125783837, 7392.569329676826]
[32, 7, 0.06375, 0.010774189496708789, False, 8, 4, 7453.9125783837, 7392.569329676826]
[33, 7, 0.06375, 0.010609688393950009, False, 8, 4, 7453.9125783837, 7392.569329676826]
[34, 7, 0.06375, 0.010452499135376637, False, 8, 4, 7453.9125783837, 7392.569329676826]
[35, 7, 0.06375, 0.01030209562308518, False, 8, 4, 7453.9125783837, 7392.569329676826]
[36, 7, 0.06375, 0.010158003273215546, False, 8, 4, 7453.9125783837, 7392.569329676826]
[37, 7, 0.06375, 0.010019792706966842, False, 8, 4, 7453.9125783837, 7392.569329676826]
[38, 7, 0.06375, 0.009887074360991779, False, 8, 4, 7453.9125783837, 7392.569329676826]
[39, 7, 0.06375, 0.009759493862916224, False, 8, 4, 7453.9125783837, 7392.569329676826]
[40, 7, 0.06375, 0.009636728046842038, False, 8, 4, 7453.9125783837, 7392.569329676826]
[41, 7, 0.06375, 0.009518481506729072, False, 8, 4, 7453.9125783837, 7392.569329676826]
[42, 7, 0.06375, 0.009404483603898318, False, 8, 4, 7453.9125783837, 7392.569329676826]
[43, 7, 0.06375, 0.009294485859595735, False, 8, 4, 7453.9125783837, 7392.569329676826]
[44, 7, 0.06375, 0.00918825967539763, False, 8, 4, 7453.9125783837, 7392.569329676826]
[45, 7, 0.06375, 0.00908559433383013, False, 8, 4, 7453.9125783837, 7392.569329676826]
[46, 7, 0.06375, 0.008986295239384488, False, 8, 4, 7453.9125783837, 7392.569329676826]
[47, 7, 0.06375, 0.008890182366499022, False, 8, 4, 7453.9125783837, 7392.569329676826]
[48, 7, 0.06375, 0.008797088886330143, False, 8, 4, 7453.9125783837, 7392.569329676826]
[49, 7, 0.06375, 0.008706859948470468, False, 8, 4, 7453.9125783837, 7392.569329676826]
[50, 7, 0.06375, 0.008619351597367028, False, 8, 4, 7453.9125783837, 7392.569329676826]
[51, 7, 0.06375, 0.008534429806185038, False, 8, 4, 7453.9125783837, 7392.569329676826]
[52, 7, 0.06375, 0.008451969613363775, False, 8, 4, 7453.9125783837, 7392.569329676826]
[53, 7, 0.06375, 0.008371854349209099, False, 8, 4, 7453.9125783837, 7392.569329676826]
[5, 8, 0.06375, 0.027256783001490394, False, 2, 1, 3964.552243765675, 3962.37779896418]
[5, 8, 0.06375, 0.027256783001490394, False, 4, 2, 3913.1105489783235, 3908.0596754917124]
[5, 8, 0.06375, 0.027256783001490394, False, 6, 3, 3424.4626870283423, 3416.904175540671]
[5, 8, 0.06375, 0.027256783001490394, False, 8, 4, 13116.453570187588, 3012.5168540728546]
[6, 8, 0.06375, 0.024881924824899426, False, 2, 1, 4389.289077007639, 4386.454824945454]
[6, 8, 0.06375, 0.024881924824899426, False, 4, 2, 4543.695967055239, 4536.572606173595]
[6, 8, 0.06375, 0.024881924824899426, False, 6, 3, 4044.794089289586, 4033.9242653777274]
[6, 8, 0.06375, 0.024881924824899426, False, 8, 4, 3582.9230663385665, 3570.146071251415]
[7, 8, 0.06375, 0.023036186123921516, False, 2, 1, 4751.841610479475, 4748.840582847634]
[7, 8, 0.06375, 0.023036186123921516, False, 4, 2, 5126.560459799815, 5117.0910543977325]
[7, 8, 0.06375, 0.023036186123921516, False, 6, 3, 4642.156861909814, 4627.378537922355]
[7, 8, 0.06375, 0.023036186123921516, False, 8, 4, 4129.133680600597, 4111.547895916156]
[8, 8, 0.06375, 0.021548378993417577, False, 2, 1, 5061.6016308288945, 5058.016507993632]
[8, 8, 0.06375, 0.021548378993417577, False, 4, 2, 5648.153612925115, 5636.141963518301]
[8, 8, 0.06375, 0.021548378993417577, False, 6, 3, 5216.4413852125, 5197.172716692019]
[8, 8, 0.06375, 0.021548378993417577, False, 8, 4, 4659.51325296526, 4636.363219883377]
[9, 8, 0.06375, 0.020316006546431092, False, 2, 1, 5328.953912775953, 5324.78517136791]
[9, 8, 0.06375, 0.020316006546431092, False, 4, 2, 6128.542421590996, 6113.784873065735]
[9, 8, 0.06375, 0.020316006546431092, False, 6, 3, 5755.567455720934, 5731.321274356665]
[9, 8, 0.06375, 0.020316006546431092, False, 8, 4, 5173.725965477906, 5144.25191881285]
[10, 8, 0.06375, 0.019273456093684076, False, 2, 1, 5561.497840532577, 5556.747584196791]
[10, 8, 0.06375, 0.019273456093684076, False, 4, 2, 6579.637006767775, 6561.916488433636]
[10, 8, 0.06375, 0.019273456093684076, False, 6, 3, 6256.659697340017, 6227.021314776575]
[10, 8, 0.06375, 0.019273456093684076, False, 8, 4, 5671.119369425586, 5634.559187960817]
[11, 8, 0.06375, 0.01837651935079526, False, 2, 1, 5766.988005476634, 5761.656821976404]
[11, 8, 0.06375, 0.01837651935079526, False, 4, 2, 6995.043543358554, 6973.48679088102]
[11, 8, 0.06375, 0.01837651935079526, False, 6, 3, 6731.436749350849, 6695.949932851127]
[11, 8, 0.06375, 0.01837651935079526, False, 8, 4, 6151.199779297892, 6106.78504440032]
[12, 8, 0.06375, 0.017594177772660285, False, 2, 1, 5950.286387603009, 5944.374115611296]
[12, 8, 0.06375, 0.017594177772660285, False, 4, 2, 7376.2332638635, 7351.291951520399]
[12, 8, 0.06375, 0.017594177772660285, False, 6, 3, 7180.528831709739, 7138.762384759715]
[12, 8, 0.06375, 0.017594177772660285, False, 8, 4, 6614.157868902544, 6561.138962853571]
[13, 8, 0.06375, 0.01690393922672755, False, 2, 1, 6115.127671739231, 6108.63300687218]
[13, 8, 0.06375, 0.01690393922672755, False, 4, 2, 7713.466895669707, 7685.072368974457]
[13, 8, 0.06375, 0.01690393922672755, False, 6, 3, 7604.594903136463, 7556.142796586111]
[13, 8, 0.06375, 0.01690393922672755, False, 8, 4, 7059.760931848829, 6997.395855935357]
[14, 8, 0.06375, 0.016289043420900352, False, 2, 1, 6264.41393284498, 6257.334202949834]
[14, 8, 0.06375, 0.016289043420900352, False, 4, 2, 8020.197576062845, 7988.247107131521]
[14, 8, 0.06375, 0.016289043420900352, False, 6, 3, 7991.095829448764, 7935.707192790601]
[14, 8, 0.06375, 0.016289043420900352, False, 8, 4, 7469.0550256019205, 7396.873361782291]
[15, 8, 0.06375, 0.015736711003153693, False, 8, 4, 7469.0550256019205, 7396.873361782291]
[16, 8, 0.06375, 0.015237004909823318, False, 8, 4, 7469.0550256019205, 7396.873361782291]
[17, 8, 0.06375, 0.01478206603794269, False, 8, 4, 7469.0550256019205, 7396.873361782291]
[18, 8, 0.06375, 0.014365585995611716, False, 8, 4, 7469.0550256019205, 7396.873361782291]
[19, 8, 0.06375, 0.013982434653505876, False, 8, 4, 7469.0550256019205, 7396.873361782291]
[20, 8, 0.06375, 0.013628391500745197, False, 8, 4, 7469.0550256019205, 7396.873361782291]
[21, 8, 0.06375, 0.013299948259748407, False, 8, 4, 7469.0550256019205, 7396.873361782291]
[22, 8, 0.06375, 0.01299416144755314, False, 8, 4, 7469.0550256019205, 7396.873361782291]
[23, 8, 0.06375, 0.012708540603026322, False, 8, 4, 7469.0550256019205, 7396.873361782291]
[24, 8, 0.06375, 0.012440962412449713, False, 8, 4, 7469.0550256019205, 7396.873361782291]
[25, 8, 0.06375, 0.012189603927858655, False, 8, 4, 7469.0550256019205, 7396.873361782291]
[26, 8, 0.06375, 0.011952890055984334, False, 8, 4, 7469.0550256019205, 7396.873361782291]
[27, 8, 0.06375, 0.01172945184844019, False, 8, 4, 7469.0550256019205, 7396.873361782291]
[28, 8, 0.06375, 0.011518093061960758, False, 8, 4, 7469.0550256019205, 7396.873361782291]
[29, 8, 0.06375, 0.011317763118140162, False, 8, 4, 7469.0550256019205, 7396.873361782291]
[30, 8, 0.06375, 0.011127535063902934, False, 8, 4, 7469.0550256019205, 7396.873361782291]
[31, 8, 0.06375, 0.010946587475249077, False, 8, 4, 7469.0550256019205, 7396.873361782291]
[32, 8, 0.06375, 0.010774189496708789, False, 8, 4, 7469.0550256019205, 7396.873361782291]
[33, 8, 0.06375, 0.010609688393950009, False, 8, 4, 7469.0550256019205, 7396.873361782291]
[34, 8, 0.06375, 0.010452499135376637, False, 8, 4, 7469.0550256019205, 7396.873361782291]
[35, 8, 0.06375, 0.01030209562308518, False, 8, 4, 7469.0550256019205, 7396.873361782291]
[36, 8, 0.06375, 0.010158003273215546, False, 8, 4, 7469.0550256019205, 7396.873361782291]
[37, 8, 0.06375, 0.010019792706966842, False, 8, 4, 7469.0550256019205, 7396.873361782291]
[38, 8, 0.06375, 0.009887074360991779, False, 8, 4, 7469.0550256019205, 7396.873361782291]
[39, 8, 0.06375, 0.009759493862916224, False, 8, 4, 7469.0550256019205, 7396.873361782291]
[40, 8, 0.06375, 0.009636728046842038, False, 8, 4, 7469.0550256019205, 7396.873361782291]
[41, 8, 0.06375, 0.009518481506729072, False, 8, 4, 7469.0550256019205, 7396.873361782291]
[42, 8, 0.06375, 0.009404483603898318, False, 8, 4, 7469.0550256019205, 7396.873361782291]
[43, 8, 0.06375, 0.009294485859595735, False, 8, 4, 7469.0550256019205, 7396.873361782291]
[44, 8, 0.06375, 0.00918825967539763, False, 8, 4, 7469.0550256019205, 7396.873361782291]
[45, 8, 0.06375, 0.00908559433383013, False, 8, 4, 7469.0550256019205, 7396.873361782291]
[46, 8, 0.06375, 0.008986295239384488, False, 8, 4, 7469.0550256019205, 7396.873361782291]
[47, 8, 0.06375, 0.008890182366499022, False, 8, 4, 7469.0550256019205, 7396.873361782291]
[48, 8, 0.06375, 0.008797088886330143, False, 8, 4, 7469.0550256019205, 7396.873361782291]
[49, 8, 0.06375, 0.008706859948470468, False, 8, 4, 7469.0550256019205, 7396.873361782291]
[50, 8, 0.06375, 0.008619351597367028, False, 8, 4, 7469.0550256019205, 7396.873361782291]
[51, 8, 0.06375, 0.008534429806185038, False, 8, 4, 7469.0550256019205, 7396.873361782291]
[52, 8, 0.06375, 0.008451969613363775, False, 8, 4, 7469.0550256019205, 7396.873361782291]
[53, 8, 0.06375, 0.008371854349209099, False, 8, 4, 7469.0550256019205, 7396.873361782291]
[5, 9, 0.06375, 0.027256783001490394, False, 2, 1, 4028.4790358116516, 4026.024462751615]
[5, 9, 0.06375, 0.027256783001490394, False, 4, 2, 3969.5865940167364, 3963.7216078582646]
[5, 9, 0.06375, 0.027256783001490394, False, 6, 3, 3465.42810844128, 3456.623806638894]
[5, 9, 0.06375, 0.027256783001490394, False, 8, 4, 11667.842534691308, 3043.628828298604]
[6, 9, 0.06375, 0.024881924824899426, False, 2, 1, 4450.488186603914, 4447.757727171453]
[6, 9, 0.06375, 0.024881924824899426, False, 4, 2, 4600.764657012393, 4592.502679372879]
[6, 9, 0.06375, 0.024881924824899426, False, 6, 3, 4088.3002385068735, 4075.6522916386366]
[6, 9, 0.06375, 0.024881924824899426, False, 8, 4, 3616.865904092806, 3601.9263300652374]
[7, 9, 0.06375, 0.023036186123921516, False, 2, 1, 4810.100066827417, 4806.726435768112]
[7, 9, 0.06375, 0.023036186123921516, False, 4, 2, 5182.263611875973, 5171.297417181619]
[7, 9, 0.06375, 0.023036186123921516, False, 6, 3, 4686.45081650321, 4669.284516117158]
[7, 9, 0.06375, 0.023036186123921516, False, 8, 4, 4162.512115883713, 4141.985248291809]
[8, 9, 0.06375, 0.021548378993417577, False, 2, 1, 5115.562436252851, 5111.542211251211]
[8, 9, 0.06375, 0.021548378993417577, False, 4, 2, 5700.810544901709, 5686.928945222097]
[8, 9, 0.06375, 0.021548378993417577, False, 6, 3, 5259.831414565682, 5237.49351794209]
[8, 9, 0.06375, 0.021548378993417577, False, 8, 4, 4690.569364744118, 4663.579474977065]
[9, 9, 0.06375, 0.020316006546431092, False, 2, 1, 5378.058231245315, 5373.391766817381]
[9, 9, 0.06375, 0.020316006546431092, False, 4, 2, 6176.596597052373, 6159.573792826733]
[9, 9, 0.06375, 0.020316006546431092, False, 6, 3, 5795.890067764997, 5767.836733269492]
[9, 9, 0.06375, 0.020316006546431092, False, 8, 4, 5200.691009206839, 5166.368996409501]
[10, 9, 0.06375, 0.019273456093684076, False, 2, 1, 5605.564302623878, 5600.254129245772]
[10, 9, 0.06375, 0.019273456093684076, False, 4, 2, 6622.557952640454, 6601.473254536237]
[10, 9, 0.06375, 0.019273456093684076, False, 6, 3, 6291.183027525942, 6256.942550055869]
[10, 9, 0.06375, 0.019273456093684076, False, 8, 4, 5692.469935418189, 5649.958944296766]
[11, 9, 0.06375, 0.01837651935079526, False, 2, 1, 5805.979880816364, 5800.026439680234]
[11, 9, 0.06375, 0.01837651935079526, False, 4, 2, 7031.2098431473305, 7006.464066799564]
[11, 9, 0.06375, 0.01837651935079526, False, 6, 3, 6758.084524079811, 6717.145735802249]
[11, 9, 0.06375, 0.01837651935079526, False, 8, 4, 6165.755127852894, 6114.210528632965]
[12, 9, 0.06375, 0.017594177772660285, False, 2, 1, 5984.229173604407, 5977.631819134756]
[12, 9, 0.06375, 0.017594177772660285, False, 4, 2, 7405.511757058811, 7376.94743701381]
[12, 9, 0.06375, 0.017594177772660285, False, 6, 3, 7197.6757802043085, 7149.5704661352875]
[12, 9, 0.06375, 0.017594177772660285, False, 8, 4, 6620.303439807077, 6558.894744148966]
[13, 9, 0.06375, 0.01690393922672755, False, 2, 1, 6143.54454311553, 6136.295997119949]
[13, 9, 0.06375, 0.01690393922672755, False, 4, 2, 7735.048237068376, 7702.604637810023]
[13, 9, 0.06375, 0.01690393922672755, False, 6, 3, 7610.697872528482, 7554.9945871130985]
[13, 9, 0.06375, 0.01690393922672755, False, 8, 4, 7055.889228122605, 6983.799611095319]
[14, 9, 0.06375, 0.016289043420900352, False, 2, 1, 6286.976700660512, 6279.068351055847]
[14, 9, 0.06375, 0.016289043420900352, False, 4, 2, 8033.507606762649, 7997.084596663382]
[14, 9, 0.06375, 0.016289043420900352, False, 6, 3, 7984.725492687942, 7921.181072845378]
[14, 9, 0.06375, 0.016289043420900352, False, 8, 4, 7453.12407852205, 7369.833299567208]
[15, 9, 0.06375, 0.015736711003153693, False, 8, 4, 7453.12407852205, 7369.833299567208]
[16, 9, 0.06375, 0.015237004909823318, False, 8, 4, 7453.12407852205, 7369.833299567208]
[17, 9, 0.06375, 0.01478206603794269, False, 8, 4, 7453.12407852205, 7369.833299567208]
[18, 9, 0.06375, 0.014365585995611716, False, 8, 4, 7453.12407852205, 7369.833299567208]
[19, 9, 0.06375, 0.013982434653505876, False, 8, 4, 7453.12407852205, 7369.833299567208]
[20, 9, 0.06375, 0.013628391500745197, False, 8, 4, 7453.12407852205, 7369.833299567208]
[21, 9, 0.06375, 0.013299948259748407, False, 8, 4, 7453.12407852205, 7369.833299567208]
[22, 9, 0.06375, 0.01299416144755314, False, 8, 4, 7453.12407852205, 7369.833299567208]
[23, 9, 0.06375, 0.012708540603026322, False, 8, 4, 7453.12407852205, 7369.833299567208]
[24, 9, 0.06375, 0.012440962412449713, False, 8, 4, 7453.12407852205, 7369.833299567208]
[25, 9, 0.06375, 0.012189603927858655, False, 8, 4, 7453.12407852205, 7369.833299567208]
[26, 9, 0.06375, 0.011952890055984334, False, 8, 4, 7453.12407852205, 7369.833299567208]
[27, 9, 0.06375, 0.01172945184844019, False, 8, 4, 7453.12407852205, 7369.833299567208]
[28, 9, 0.06375, 0.011518093061960758, False, 8, 4, 7453.12407852205, 7369.833299567208]
[29, 9, 0.06375, 0.011317763118140162, False, 8, 4, 7453.12407852205, 7369.833299567208]
[30, 9, 0.06375, 0.011127535063902934, False, 8, 4, 7453.12407852205, 7369.833299567208]
[31, 9, 0.06375, 0.010946587475249077, False, 8, 4, 7453.12407852205, 7369.833299567208]
[32, 9, 0.06375, 0.010774189496708789, False, 8, 4, 7453.12407852205, 7369.833299567208]
[33, 9, 0.06375, 0.010609688393950009, False, 8, 4, 7453.12407852205, 7369.833299567208]
[34, 9, 0.06375, 0.010452499135376637, False, 8, 4, 7453.12407852205, 7369.833299567208]
[35, 9, 0.06375, 0.01030209562308518, False, 8, 4, 7453.12407852205, 7369.833299567208]
[36, 9, 0.06375, 0.010158003273215546, False, 8, 4, 7453.12407852205, 7369.833299567208]
[37, 9, 0.06375, 0.010019792706966842, False, 8, 4, 7453.12407852205, 7369.833299567208]
[38, 9, 0.06375, 0.009887074360991779, False, 8, 4, 7453.12407852205, 7369.833299567208]
[39, 9, 0.06375, 0.009759493862916224, False, 8, 4, 7453.12407852205, 7369.833299567208]
[40, 9, 0.06375, 0.009636728046842038, False, 8, 4, 7453.12407852205, 7369.833299567208]
[41, 9, 0.06375, 0.009518481506729072, False, 8, 4, 7453.12407852205, 7369.833299567208]
[42, 9, 0.06375, 0.009404483603898318, False, 8, 4, 7453.12407852205, 7369.833299567208]
[43, 9, 0.06375, 0.009294485859595735, False, 8, 4, 7453.12407852205, 7369.833299567208]
[44, 9, 0.06375, 0.00918825967539763, False, 8, 4, 7453.12407852205, 7369.833299567208]
[45, 9, 0.06375, 0.00908559433383013, False, 8, 4, 7453.12407852205, 7369.833299567208]
[46, 9, 0.06375, 0.008986295239384488, False, 8, 4, 7453.12407852205, 7369.833299567208]
[47, 9, 0.06375, 0.008890182366499022, False, 8, 4, 7453.12407852205, 7369.833299567208]
[48, 9, 0.06375, 0.008797088886330143, False, 8, 4, 7453.12407852205, 7369.833299567208]
[49, 9, 0.06375, 0.008706859948470468, False, 8, 4, 7453.12407852205, 7369.833299567208]
[50, 9, 0.06375, 0.008619351597367028, False, 8, 4, 7453.12407852205, 7369.833299567208]
[51, 9, 0.06375, 0.008534429806185038, False, 8, 4, 7453.12407852205, 7369.833299567208]
[52, 9, 0.06375, 0.008451969613363775, False, 8, 4, 7453.12407852205, 7369.833299567208]
[53, 9, 0.06375, 0.008371854349209099, False, 8, 4, 7453.12407852205, 7369.833299567208]
[5, 1, 0.07750000000000001, 0.027256783001490394, False, 2, 1, 1714.7675032595887, 1714.6469474623204]
[5, 1, 0.07750000000000001, 0.027256783001490394, False, 4, 2, 1713.865298081784, 1713.5328087528408]
[5, 1, 0.07750000000000001, 0.027256783001490394, False, 6, 3, 26310.12123685686, 1632.178304547468]
[5, 1, 0.07750000000000001, 0.027256783001490394, False, 8, 4, 26223.42212349063, 1551.1977470751558]
[6, 1, 0.07750000000000001, 0.024881924824899426, False, 2, 1, 2029.2771067028812, 2029.0877401494881]
[6, 1, 0.07750000000000001, 0.024881924824899426, False, 4, 2, 2065.563130165634, 2065.0708808626637]
[6, 1, 0.07750000000000001, 0.024881924824899426, False, 6, 3, 26289.819160771603, 1977.9076359169976]
[6, 1, 0.07750000000000001, 0.024881924824899426, False, 8, 4, 26196.665104010266, 1880.8643748804525]
[7, 1, 0.07750000000000001, 0.023036186123921516, False, 2, 1, 2332.84350328214, 2332.5659583919146]
[7, 1, 0.07750000000000001, 0.023036186123921516, False, 4, 2, 2416.624433199357, 2415.9269670870117]
[7, 1, 0.07750000000000001, 0.023036186123921516, False, 6, 3, 26268.975540410607, 2327.6478682246675]
[7, 1, 0.07750000000000001, 0.023036186123921516, False, 8, 4, 26169.217741530578, 2215.0647145897615]
[8, 1, 0.07750000000000001, 0.021548378993417577, False, 2, 1, 2624.7377059096543, 2624.351352199299]
[8, 1, 0.07750000000000001, 0.021548378993417577, False, 4, 2, 2763.0431949170193, 2762.0891815990835]
[8, 1, 0.07750000000000001, 0.021548378993417577, False, 6, 3, 26247.41079158184, 2680.8692890122506]
[8, 1, 0.07750000000000001, 0.021548378993417577, False, 8, 4, 26140.845639630807, 2553.388870719946]
[9, 1, 0.07750000000000001, 0.020316006546431092, False, 2, 1, 2905.3276991130215, 2904.811127402402]
[9, 1, 0.07750000000000001, 0.020316006546431092, False, 4, 2, 3106.887209935822, 3105.6228976218335]
[9, 1, 0.07750000000000001, 0.020316006546431092, False, 6, 3, 3035.8291352939, 3034.281572161666]
[9, 1, 0.07750000000000001, 0.020316006546431092, False, 8, 4, 26111.349538232833, 2895.487016616181]
[10, 1, 0.07750000000000001, 0.019273456093684076, False, 2, 1, 3174.9467035680705, 3174.278015113665]
[10, 1, 0.07750000000000001, 0.019273456093684076, False, 4, 2, 3449.844046609629, 3448.213063991848]
[10, 1, 0.07750000000000001, 0.019273456093684076, False, 6, 3, 3388.056143152971, 3386.0591827258204]
[10, 1, 0.07750000000000001, 0.019273456093684076, False, 8, 4, 26080.547117961512, 3241.0277596641886]
[11, 1, 0.07750000000000001, 0.01837651935079526, False, 2, 1, 3434.517392138031, 3433.6745122403318]
[11, 1, 0.07750000000000001, 0.01837651935079526, False, 4, 2, 3789.406974841333, 3787.3472581123247]
[11, 1, 0.07750000000000001, 0.01837651935079526, False, 6, 3, 3740.9851574236263, 3738.4671927061963]
[11, 1, 0.07750000000000001, 0.01837651935079526, False, 8, 4, 26048.26239968533, 3589.7776410021515]
[12, 1, 0.07750000000000001, 0.017594177772660285, False, 2, 1, 3684.643076025559, 3683.603895497822]
[12, 1, 0.07750000000000001, 0.017594177772660285, False, 4, 2, 4125.224879331987, 4122.670335542769]
[12, 1, 0.07750000000000001, 0.017594177772660285, False, 6, 3, 4094.250005862338, 4091.13432948114]
[12, 1, 0.07750000000000001, 0.017594177772660285, False, 8, 4, 26013.698017825052, 3941.4663840994617]
[13, 1, 0.07750000000000001, 0.01690393922672755, False, 2, 1, 3925.902360726515, 3924.6448784457743]
[13, 1, 0.07750000000000001, 0.01690393922672755, False, 4, 2, 4452.978513656611, 4450.365568169156]
[13, 1, 0.07750000000000001, 0.01690393922672755, False, 6, 3, 4447.523000136844, 4443.72810120901]
[13, 1, 0.07750000000000001, 0.01690393922672755, False, 8, 4, 4300.935532102757, 4295.793355697347]
[14, 1, 0.07750000000000001, 0.016289043420900352, False, 2, 1, 4158.841508264105, 4157.343938700291]
[14, 1, 0.07750000000000001, 0.016289043420900352, False, 4, 2, 4775.766514474644, 4772.626078229622]
[14, 1, 0.07750000000000001, 0.016289043420900352, False, 6, 3, 4796.556774501106, 4791.996611553487]
[14, 1, 0.07750000000000001, 0.016289043420900352, False, 8, 4, 4652.743884357021, 4646.579155273662]
[15, 1, 0.07750000000000001, 0.015736711003153693, False, 8, 4, 4652.743884357021, 4646.579155273662]
[16, 1, 0.07750000000000001, 0.015237004909823318, False, 8, 4, 4652.743884357021, 4646.579155273662]
[17, 1, 0.07750000000000001, 0.01478206603794269, False, 8, 4, 4652.743884357021, 4646.579155273662]
[18, 1, 0.07750000000000001, 0.014365585995611716, False, 8, 4, 4652.743884357021, 4646.579155273662]
[19, 1, 0.07750000000000001, 0.013982434653505876, False, 8, 4, 4652.743884357021, 4646.579155273662]
[20, 1, 0.07750000000000001, 0.013628391500745197, False, 8, 4, 4652.743884357021, 4646.579155273662]
[21, 1, 0.07750000000000001, 0.013299948259748407, False, 8, 4, 4652.743884357021, 4646.579155273662]
[22, 1, 0.07750000000000001, 0.01299416144755314, False, 8, 4, 4652.743884357021, 4646.579155273662]
[23, 1, 0.07750000000000001, 0.012708540603026322, False, 8, 4, 4652.743884357021, 4646.579155273662]
[24, 1, 0.07750000000000001, 0.012440962412449713, False, 8, 4, 4652.743884357021, 4646.579155273662]
[25, 1, 0.07750000000000001, 0.012189603927858655, False, 8, 4, 4652.743884357021, 4646.579155273662]
[26, 1, 0.07750000000000001, 0.011952890055984334, False, 8, 4, 4652.743884357021, 4646.579155273662]
[27, 1, 0.07750000000000001, 0.01172945184844019, False, 8, 4, 4652.743884357021, 4646.579155273662]
[28, 1, 0.07750000000000001, 0.011518093061960758, False, 8, 4, 4652.743884357021, 4646.579155273662]
[29, 1, 0.07750000000000001, 0.011317763118140162, False, 8, 4, 4652.743884357021, 4646.579155273662]
[30, 1, 0.07750000000000001, 0.011127535063902934, False, 8, 4, 4652.743884357021, 4646.579155273662]
[31, 1, 0.07750000000000001, 0.010946587475249077, False, 8, 4, 4652.743884357021, 4646.579155273662]
[32, 1, 0.07750000000000001, 0.010774189496708789, False, 8, 4, 4652.743884357021, 4646.579155273662]
[33, 1, 0.07750000000000001, 0.010609688393950009, False, 8, 4, 4652.743884357021, 4646.579155273662]
[34, 1, 0.07750000000000001, 0.010452499135376637, False, 8, 4, 4652.743884357021, 4646.579155273662]
[35, 1, 0.07750000000000001, 0.01030209562308518, False, 8, 4, 4652.743884357021, 4646.579155273662]
[36, 1, 0.07750000000000001, 0.010158003273215546, False, 8, 4, 4652.743884357021, 4646.579155273662]
[37, 1, 0.07750000000000001, 0.010019792706966842, False, 8, 4, 4652.743884357021, 4646.579155273662]
[38, 1, 0.07750000000000001, 0.009887074360991779, False, 8, 4, 4652.743884357021, 4646.579155273662]
[39, 1, 0.07750000000000001, 0.009759493862916224, False, 8, 4, 4652.743884357021, 4646.579155273662]
[40, 1, 0.07750000000000001, 0.009636728046842038, False, 8, 4, 4652.743884357021, 4646.579155273662]
[41, 1, 0.07750000000000001, 0.009518481506729072, False, 8, 4, 4652.743884357021, 4646.579155273662]
[42, 1, 0.07750000000000001, 0.009404483603898318, False, 8, 4, 4652.743884357021, 4646.579155273662]
[43, 1, 0.07750000000000001, 0.009294485859595735, False, 8, 4, 4652.743884357021, 4646.579155273662]
[44, 1, 0.07750000000000001, 0.00918825967539763, False, 8, 4, 4652.743884357021, 4646.579155273662]
[5, 2, 0.07750000000000001, 0.027256783001490394, False, 2, 1, 2561.354332928968, 2560.9292014793255]
[5, 2, 0.07750000000000001, 0.027256783001490394, False, 4, 2, 2555.323809850138, 2554.4412134167715]
[5, 2, 0.07750000000000001, 0.027256783001490394, False, 6, 3, 25742.68114859822, 2373.3914481653496]
[5, 2, 0.07750000000000001, 0.027256783001490394, False, 8, 4, 25471.95430302156, 2201.744815946821]
[6, 2, 0.07750000000000001, 0.024881924824899426, False, 2, 1, 2975.698012023592, 2975.06539544845]
[6, 2, 0.07750000000000001, 0.024881924824899426, False, 4, 2, 3049.236026832552, 3047.917723508829]
[6, 2, 0.07750000000000001, 0.024881924824899426, False, 6, 3, 25678.69562151457, 2856.2546162321323]
[6, 2, 0.07750000000000001, 0.024881924824899426, False, 8, 4, 25389.70917302023, 2652.9232197282026]
[7, 2, 0.07750000000000001, 0.023036186123921516, False, 2, 1, 3361.9933264208335, 3361.1120453979715]
[7, 2, 0.07750000000000001, 0.023036186123921516, False, 4, 2, 3532.4281354794502, 3530.5778049779155]
[7, 2, 0.07750000000000001, 0.023036186123921516, False, 6, 3, 25613.38202986366, 3338.4020113297397]
[7, 2, 0.07750000000000001, 0.023036186123921516, False, 8, 4, 25305.9658352767, 3105.1336469258217]
[8, 2, 0.07750000000000001, 0.021548378993417577, False, 2, 1, 3720.8237096637927, 3719.654715065032]
[8, 2, 0.07750000000000001, 0.021548378993417577, False, 4, 2, 3997.3239528108443, 3994.8443456161817]
[8, 2, 0.07750000000000001, 0.021548378993417577, False, 6, 3, 3822.4329994198556, 3819.0473717118725]
[8, 2, 0.07750000000000001, 0.021548378993417577, False, 8, 4, 25220.055109770106, 3557.7692261138777]
[9, 2, 0.07750000000000001, 0.020316006546431092, False, 2, 1, 4054.7561697136457, 4053.2631468614563]
[9, 2, 0.07750000000000001, 0.020316006546431092, False, 4, 2, 4449.325521978737, 4446.117654699022]
[9, 2, 0.07750000000000001, 0.020316006546431092, False, 6, 3, 4296.287001926434, 4291.824099162834]
[9, 2, 0.07750000000000001, 0.020316006546431092, False, 8, 4, 25131.434999371282, 4010.293283936401]
[10, 2, 0.07750000000000001, 0.019273456093684076, False, 2, 1, 4365.937019196353, 4364.08662082743]
[10, 2, 0.07750000000000001, 0.019273456093684076, False, 4, 2, 4892.5786318648225, 4888.541373041217]
[10, 2, 0.07750000000000001, 0.019273456093684076, False, 6, 3, 4759.227470429511, 4753.55699291774]
[10, 2, 0.07750000000000001, 0.019273456093684076, False, 8, 4, 25039.633401639512, 4462.1744890353975]
[11, 2, 0.07750000000000001, 0.01837651935079526, False, 2, 1, 4657.324579364239, 4655.086287728881]
[11, 2, 0.07750000000000001, 0.01837651935079526, False, 4, 2, 5322.5753432026295, 5317.609154898745]
[11, 2, 0.07750000000000001, 0.01837651935079526, False, 6, 3, 5216.769063998209, 5209.179815902522]
[11, 2, 0.07750000000000001, 0.01837651935079526, False, 8, 4, 24944.21579255837, 4913.047702117623]
[12, 2, 0.07750000000000001, 0.017594177772660285, False, 2, 1, 4930.973181610254, 4928.319201763523]
[12, 2, 0.07750000000000001, 0.017594177772660285, False, 4, 2, 5739.286047696492, 5733.2925175755845]
[12, 2, 0.07750000000000001, 0.017594177772660285, False, 6, 3, 5667.457217675307, 5658.250652753217]
[12, 2, 0.07750000000000001, 0.017594177772660285, False, 8, 4, 5374.454003017564, 5362.525362358017]
[13, 2, 0.07750000000000001, 0.01690393922672755, False, 2, 1, 5188.680009283403, 5185.585082589259]
[13, 2, 0.07750000000000001, 0.01690393922672755, False, 4, 2, 6136.075561228218, 6128.963626046876]
[13, 2, 0.07750000000000001, 0.01690393922672755, False, 6, 3, 6111.3975728062915, 6100.396791072473]
[13, 2, 0.07750000000000001, 0.01690393922672755, False, 8, 4, 5824.479229174682, 5810.247785038993]
[14, 2, 0.07750000000000001, 0.016289043420900352, False, 2, 1, 5431.43492992637, 5428.455202509773]
[14, 2, 0.07750000000000001, 0.016289043420900352, False, 4, 2, 6517.990461064673, 6509.669366955446]
[14, 2, 0.07750000000000001, 0.016289043420900352, False, 6, 3, 6540.918847012773, 6527.9523096573175]
[14, 2, 0.07750000000000001, 0.016289043420900352, False, 8, 4, 6261.652943093702, 6244.869526426918]
[15, 2, 0.07750000000000001, 0.015736711003153693, False, 8, 4, 6261.652943093702, 6244.869526426918]
[16, 2, 0.07750000000000001, 0.015237004909823318, False, 8, 4, 6261.652943093702, 6244.869526426918]
[17, 2, 0.07750000000000001, 0.01478206603794269, False, 8, 4, 6261.652943093702, 6244.869526426918]
[18, 2, 0.07750000000000001, 0.014365585995611716, False, 8, 4, 6261.652943093702, 6244.869526426918]
[19, 2, 0.07750000000000001, 0.013982434653505876, False, 8, 4, 6261.652943093702, 6244.869526426918]
[20, 2, 0.07750000000000001, 0.013628391500745197, False, 8, 4, 6261.652943093702, 6244.869526426918]
[21, 2, 0.07750000000000001, 0.013299948259748407, False, 8, 4, 6261.652943093702, 6244.869526426918]
[22, 2, 0.07750000000000001, 0.01299416144755314, False, 8, 4, 6261.652943093702, 6244.869526426918]
[23, 2, 0.07750000000000001, 0.012708540603026322, False, 8, 4, 6261.652943093702, 6244.869526426918]
[24, 2, 0.07750000000000001, 0.012440962412449713, False, 8, 4, 6261.652943093702, 6244.869526426918]
[25, 2, 0.07750000000000001, 0.012189603927858655, False, 8, 4, 6261.652943093702, 6244.869526426918]
[26, 2, 0.07750000000000001, 0.011952890055984334, False, 8, 4, 6261.652943093702, 6244.869526426918]
[27, 2, 0.07750000000000001, 0.01172945184844019, False, 8, 4, 6261.652943093702, 6244.869526426918]
[28, 2, 0.07750000000000001, 0.011518093061960758, False, 8, 4, 6261.652943093702, 6244.869526426918]
[29, 2, 0.07750000000000001, 0.011317763118140162, False, 8, 4, 6261.652943093702, 6244.869526426918]
[30, 2, 0.07750000000000001, 0.011127535063902934, False, 8, 4, 6261.652943093702, 6244.869526426918]
[31, 2, 0.07750000000000001, 0.010946587475249077, False, 8, 4, 6261.652943093702, 6244.869526426918]
[32, 2, 0.07750000000000001, 0.010774189496708789, False, 8, 4, 6261.652943093702, 6244.869526426918]
[33, 2, 0.07750000000000001, 0.010609688393950009, False, 8, 4, 6261.652943093702, 6244.869526426918]
[34, 2, 0.07750000000000001, 0.010452499135376637, False, 8, 4, 6261.652943093702, 6244.869526426918]
[35, 2, 0.07750000000000001, 0.01030209562308518, False, 8, 4, 6261.652943093702, 6244.869526426918]
[36, 2, 0.07750000000000001, 0.010158003273215546, False, 8, 4, 6261.652943093702, 6244.869526426918]
[37, 2, 0.07750000000000001, 0.010019792706966842, False, 8, 4, 6261.652943093702, 6244.869526426918]
[38, 2, 0.07750000000000001, 0.009887074360991779, False, 8, 4, 6261.652943093702, 6244.869526426918]
[39, 2, 0.07750000000000001, 0.009759493862916224, False, 8, 4, 6261.652943093702, 6244.869526426918]
[40, 2, 0.07750000000000001, 0.009636728046842038, False, 8, 4, 6261.652943093702, 6244.869526426918]
[41, 2, 0.07750000000000001, 0.009518481506729072, False, 8, 4, 6261.652943093702, 6244.869526426918]
[42, 2, 0.07750000000000001, 0.009404483603898318, False, 8, 4, 6261.652943093702, 6244.869526426918]
[43, 2, 0.07750000000000001, 0.009294485859595735, False, 8, 4, 6261.652943093702, 6244.869526426918]
[44, 2, 0.07750000000000001, 0.00918825967539763, False, 8, 4, 6261.652943093702, 6244.869526426918]
[5, 3, 0.07750000000000001, 0.027256783001490394, False, 2, 1, 3195.2519610838854, 3194.3854195391577]
[5, 3, 0.07750000000000001, 0.027256783001490394, False, 4, 2, 3178.3698528436234, 3176.6226302432106]
[5, 3, 0.07750000000000001, 0.027256783001490394, False, 6, 3, 24759.031567379938, 2895.799844754086]
[5, 3, 0.07750000000000001, 0.027256783001490394, False, 8, 4, 24229.14341912241, 2639.4656487195784]
[6, 3, 0.07750000000000001, 0.024881924824899426, False, 2, 1, 3661.4196756443876, 3660.1819110635224]
[6, 3, 0.07750000000000001, 0.024881924824899426, False, 4, 2, 3764.284369324997, 3761.7216103816095]
[6, 3, 0.07750000000000001, 0.024881924824899426, False, 6, 3, 24632.04148108727, 3467.009041459609]
[6, 3, 0.07750000000000001, 0.024881924824899426, False, 8, 4, 24077.165921210973, 3166.078348056475]
[7, 3, 0.07750000000000001, 0.023036186123921516, False, 2, 1, 4085.175404602246, 4083.5140514892355]
[7, 3, 0.07750000000000001, 0.023036186123921516, False, 4, 2, 4328.8597965446215, 4325.328823820122]
[7, 3, 0.07750000000000001, 0.023036186123921516, False, 6, 3, 24503.550412022505, 4031.8780809720106]
[7, 3, 0.07750000000000001, 0.023036186123921516, False, 8, 4, 23935.93379750939, 3690.0489443535553]
[8, 3, 0.07750000000000001, 0.021548378993417577, False, 2, 1, 4469.155854650515, 4467.026353758392]
[8, 3, 0.07750000000000001, 0.021548378993417577, False, 4, 2, 4861.778679053327, 4857.138689685261]
[8, 3, 0.07750000000000001, 0.021548378993417577, False, 6, 3, 4596.6460314545975, 4589.5997224917555]
[8, 3, 0.07750000000000001, 0.021548378993417577, False, 8, 4, 23792.30359093994, 4210.42648808051]
[9, 3, 0.07750000000000001, 0.020316006546431092, False, 2, 1, 4818.503919557177, 4815.86874074659]
[9, 3, 0.07750000000000001, 0.020316006546431092, False, 4, 2, 5372.1697607783735, 5366.280320184042]
[9, 3, 0.07750000000000001, 0.020316006546431092, False, 6, 3, 5140.36286833101, 5131.347896779248]
[9, 3, 0.07750000000000001, 0.020316006546431092, False, 8, 4, 23645.449379960948, 4726.640434721416]
[10, 3, 0.07750000000000001, 0.019273456093684076, False, 2, 1, 5136.8072800735345, 5134.150469870647]
[10, 3, 0.07750000000000001, 0.019273456093684076, False, 4, 2, 5866.772041012959, 5859.491263711735]
[10, 3, 0.07750000000000001, 0.019273456093684076, False, 6, 3, 5664.482905168368, 5653.254176253585]
[10, 3, 0.07750000000000001, 0.019273456093684076, False, 8, 4, 23494.690878093075, 5238.109855984386]
[11, 3, 0.07750000000000001, 0.01837651935079526, False, 2, 1, 5429.8678997343395, 5426.757613901831]
[11, 3, 0.07750000000000001, 0.01837651935079526, False, 4, 2, 6339.6359518537365, 6330.834414203873]
[11, 3, 0.07750000000000001, 0.01837651935079526, False, 6, 3, 6177.242210851456, 6163.549350617376]
[11, 3, 0.07750000000000001, 0.01837651935079526, False, 8, 4, 5760.97488583763, 5744.471895752972]
[12, 3, 0.07750000000000001, 0.017594177772660285, False, 2, 1, 5700.6034176831, 5697.025966454306]
[12, 3, 0.07750000000000001, 0.017594177772660285, False, 4, 2, 6791.367500208273, 6780.922845336183]
[12, 3, 0.07750000000000001, 0.017594177772660285, False, 6, 3, 6677.669741821893, 6661.2624254054535]
[12, 3, 0.07750000000000001, 0.017594177772660285, False, 8, 4, 6265.247660517111, 6245.321962173057]
[13, 3, 0.07750000000000001, 0.01690393922672755, False, 2, 1, 5951.803315283881, 5947.747767429923]
[13, 3, 0.07750000000000001, 0.01690393922672755, False, 4, 2, 7213.379803710538, 7201.194079968377]
[13, 3, 0.07750000000000001, 0.01690393922672755, False, 6, 3, 7165.56033628891, 7146.189633695511]
[13, 3, 0.07750000000000001, 0.01690393922672755, False, 8, 4, 6763.972947724992, 6740.286755551248]
[14, 3, 0.07750000000000001, 0.016289043420900352, False, 2, 1, 6185.808838338524, 6181.266442684081]
[14, 3, 0.07750000000000001, 0.016289043420900352, False, 4, 2, 7613.445684655101, 7599.419554758602]
[14, 3, 0.07750000000000001, 0.016289043420900352, False, 6, 3, 7630.751216226718, 7608.197536466847]
[14, 3, 0.07750000000000001, 0.016289043420900352, False, 8, 4, 7242.035069488055, 7214.295917432363]
[15, 3, 0.07750000000000001, 0.015736711003153693, False, 8, 4, 7242.035069488055, 7214.295917432363]
[16, 3, 0.07750000000000001, 0.015237004909823318, False, 8, 4, 7242.035069488055, 7214.295917432363]
[17, 3, 0.07750000000000001, 0.01478206603794269, False, 8, 4, 7242.035069488055, 7214.295917432363]
[18, 3, 0.07750000000000001, 0.014365585995611716, False, 8, 4, 7242.035069488055, 7214.295917432363]
[19, 3, 0.07750000000000001, 0.013982434653505876, False, 8, 4, 7242.035069488055, 7214.295917432363]
[20, 3, 0.07750000000000001, 0.013628391500745197, False, 8, 4, 7242.035069488055, 7214.295917432363]
[21, 3, 0.07750000000000001, 0.013299948259748407, False, 8, 4, 7242.035069488055, 7214.295917432363]
[22, 3, 0.07750000000000001, 0.01299416144755314, False, 8, 4, 7242.035069488055, 7214.295917432363]
[23, 3, 0.07750000000000001, 0.012708540603026322, False, 8, 4, 7242.035069488055, 7214.295917432363]
[24, 3, 0.07750000000000001, 0.012440962412449713, False, 8, 4, 7242.035069488055, 7214.295917432363]
[25, 3, 0.07750000000000001, 0.012189603927858655, False, 8, 4, 7242.035069488055, 7214.295917432363]
[26, 3, 0.07750000000000001, 0.011952890055984334, False, 8, 4, 7242.035069488055, 7214.295917432363]
[27, 3, 0.07750000000000001, 0.01172945184844019, False, 8, 4, 7242.035069488055, 7214.295917432363]
[28, 3, 0.07750000000000001, 0.011518093061960758, False, 8, 4, 7242.035069488055, 7214.295917432363]
[29, 3, 0.07750000000000001, 0.011317763118140162, False, 8, 4, 7242.035069488055, 7214.295917432363]
[30, 3, 0.07750000000000001, 0.011127535063902934, False, 8, 4, 7242.035069488055, 7214.295917432363]
[31, 3, 0.07750000000000001, 0.010946587475249077, False, 8, 4, 7242.035069488055, 7214.295917432363]
[32, 3, 0.07750000000000001, 0.010774189496708789, False, 8, 4, 7242.035069488055, 7214.295917432363]
[33, 3, 0.07750000000000001, 0.010609688393950009, False, 8, 4, 7242.035069488055, 7214.295917432363]
[34, 3, 0.07750000000000001, 0.010452499135376637, False, 8, 4, 7242.035069488055, 7214.295917432363]
[35, 3, 0.07750000000000001, 0.01030209562308518, False, 8, 4, 7242.035069488055, 7214.295917432363]
[36, 3, 0.07750000000000001, 0.010158003273215546, False, 8, 4, 7242.035069488055, 7214.295917432363]
[37, 3, 0.07750000000000001, 0.010019792706966842, False, 8, 4, 7242.035069488055, 7214.295917432363]
[38, 3, 0.07750000000000001, 0.009887074360991779, False, 8, 4, 7242.035069488055, 7214.295917432363]
[39, 3, 0.07750000000000001, 0.009759493862916224, False, 8, 4, 7242.035069488055, 7214.295917432363]
[40, 3, 0.07750000000000001, 0.009636728046842038, False, 8, 4, 7242.035069488055, 7214.295917432363]
[41, 3, 0.07750000000000001, 0.009518481506729072, False, 8, 4, 7242.035069488055, 7214.295917432363]
[42, 3, 0.07750000000000001, 0.009404483603898318, False, 8, 4, 7242.035069488055, 7214.295917432363]
[43, 3, 0.07750000000000001, 0.009294485859595735, False, 8, 4, 7242.035069488055, 7214.295917432363]
[44, 3, 0.07750000000000001, 0.00918825967539763, False, 8, 4, 7242.035069488055, 7214.295917432363]
[5, 4, 0.07750000000000001, 0.027256783001490394, False, 2, 1, 3654.953208219631, 3653.59613854158]
[5, 4, 0.07750000000000001, 0.027256783001490394, False, 4, 2, 3624.759940457023, 3622.0606717376195]
[5, 4, 0.07750000000000001, 0.027256783001490394, False, 6, 3, 23497.1937292452, 3257.4712881613787]
[5, 4, 0.07750000000000001, 0.027256783001490394, False, 8, 4, 22761.361868796535, 2934.0042723156294]
[6, 4, 0.07750000000000001, 0.024881924824899426, False, 2, 1, 4146.55921026672, 4144.677293839905]
[6, 4, 0.07750000000000001, 0.024881924824899426, False, 4, 2, 4269.00871156548, 4265.097996876955]
[6, 4, 0.07750000000000001, 0.024881924824899426, False, 6, 3, 23318.55518044798, 3885.8234360238475]
[6, 4, 0.07750000000000001, 0.024881924824899426, False, 8, 4, 22547.690331421305, 3508.2438083934867]
[7, 4, 0.07750000000000001, 0.023036186123921516, False, 2, 1, 4585.428312253406, 4582.967755775223]
[7, 4, 0.07750000000000001, 0.023036186123921516, False, 4, 2, 4883.224139050526, 4877.902571023109]
[7, 4, 0.07750000000000001, 0.023036186123921516, False, 6, 3, 4511.012507807182, 4502.948964477269]
[7, 4, 0.07750000000000001, 0.023036186123921516, False, 8, 4, 22334.512596265573, 4075.8395060061994]
[8, 4, 0.07750000000000001, 0.021548378993417577, False, 2, 1, 4975.643856433786, 4973.073446520252]
[8, 4, 0.07750000000000001, 0.021548378993417577, False, 4, 2, 5455.3080116908, 5448.406237780473]
[8, 4, 0.07750000000000001, 0.021548378993417577, False, 6, 3, 5118.689402490784, 5108.140057115727]
[8, 4, 0.07750000000000001, 0.021548378993417577, False, 8, 4, 22080.38042118786, 4634.5623922136965]
[9, 4, 0.07750000000000001, 0.020316006546431092, False, 2, 1, 5325.448104398026, 5322.34994755677]
[9, 4, 0.07750000000000001, 0.020316006546431092, False, 4, 2, 5997.4050440235305, 5988.75426069295]
[9, 4, 0.07750000000000001, 0.020316006546431092, False, 6, 3, 5704.180683633372, 5690.792359697858]
[9, 4, 0.07750000000000001, 0.020316006546431092, False, 8, 4, 21803.05666991065, 5184.10143087051]
[10, 4, 0.07750000000000001, 0.019273456093684076, False, 2, 1, 5640.1167392989855, 5636.476940550419]
[10, 4, 0.07750000000000001, 0.019273456093684076, False, 4, 2, 6518.477843360435, 6507.90688602943]
[10, 4, 0.07750000000000001, 0.019273456093684076, False, 6, 3, 6263.012358936916, 6246.474270620303]
[10, 4, 0.07750000000000001, 0.019273456093684076, False, 8, 4, 5744.142784403321, 5724.681309974713]
[11, 4, 0.07750000000000001, 0.01837651935079526, False, 2, 1, 5925.970176936595, 5921.778499598169]
[11, 4, 0.07750000000000001, 0.01837651935079526, False, 4, 2, 7011.597812763829, 6998.960392399187]
[11, 4, 0.07750000000000001, 0.01837651935079526, False, 6, 3, 6804.815356694892, 6784.8051780117075]
[11, 4, 0.07750000000000001, 0.01837651935079526, False, 8, 4, 6279.851327111764, 6255.978958801766]
[12, 4, 0.07750000000000001, 0.017594177772660285, False, 2, 1, 6187.230461715118, 6182.479811095328]
[12, 4, 0.07750000000000001, 0.017594177772660285, False, 4, 2, 7478.014021767672, 7463.176028349291]
[12, 4, 0.07750000000000001, 0.017594177772660285, False, 6, 3, 7328.314629895881, 7304.509461067078]
[12, 4, 0.07750000000000001, 0.017594177772660285, False, 8, 4, 6806.333498619945, 6777.6090498807935]
[13, 4, 0.07750000000000001, 0.01690393922672755, False, 2, 1, 6427.3359357507825, 6422.021438552492]
[13, 4, 0.07750000000000001, 0.01690393922672755, False, 4, 2, 7907.857856641445, 7890.727658504325]
[13, 4, 0.07750000000000001, 0.01690393922672755, False, 6, 3, 7831.694806312365, 7803.76305848992]
[13, 4, 0.07750000000000001, 0.01690393922672755, False, 8, 4, 7323.264254056958, 7289.21446077858]
[14, 4, 0.07750000000000001, 0.016289043420900352, False, 2, 1, 6649.102178727295, 6643.220477330598]
[14, 4, 0.07750000000000001, 0.016289043420900352, False, 4, 2, 8311.971148087368, 8291.554392896907]
[14, 4, 0.07750000000000001, 0.016289043420900352, False, 6, 3, 8305.64087569538, 8273.319915475357]
[14, 4, 0.07750000000000001, 0.016289043420900352, False, 8, 4, 7813.099485037483, 7773.350124485355]
[15, 4, 0.07750000000000001, 0.015736711003153693, False, 8, 4, 7813.099485037483, 7773.350124485355]
[16, 4, 0.07750000000000001, 0.015237004909823318, False, 8, 4, 7813.099485037483, 7773.350124485355]
[17, 4, 0.07750000000000001, 0.01478206603794269, False, 8, 4, 7813.099485037483, 7773.350124485355]
[18, 4, 0.07750000000000001, 0.014365585995611716, False, 8, 4, 7813.099485037483, 7773.350124485355]
[19, 4, 0.07750000000000001, 0.013982434653505876, False, 8, 4, 7813.099485037483, 7773.350124485355]
[20, 4, 0.07750000000000001, 0.013628391500745197, False, 8, 4, 7813.099485037483, 7773.350124485355]
[21, 4, 0.07750000000000001, 0.013299948259748407, False, 8, 4, 7813.099485037483, 7773.350124485355]
[22, 4, 0.07750000000000001, 0.01299416144755314, False, 8, 4, 7813.099485037483, 7773.350124485355]
[23, 4, 0.07750000000000001, 0.012708540603026322, False, 8, 4, 7813.099485037483, 7773.350124485355]
[24, 4, 0.07750000000000001, 0.012440962412449713, False, 8, 4, 7813.099485037483, 7773.350124485355]
[25, 4, 0.07750000000000001, 0.012189603927858655, False, 8, 4, 7813.099485037483, 7773.350124485355]
[26, 4, 0.07750000000000001, 0.011952890055984334, False, 8, 4, 7813.099485037483, 7773.350124485355]
[27, 4, 0.07750000000000001, 0.01172945184844019, False, 8, 4, 7813.099485037483, 7773.350124485355]
[28, 4, 0.07750000000000001, 0.011518093061960758, False, 8, 4, 7813.099485037483, 7773.350124485355]
[29, 4, 0.07750000000000001, 0.011317763118140162, False, 8, 4, 7813.099485037483, 7773.350124485355]
[30, 4, 0.07750000000000001, 0.011127535063902934, False, 8, 4, 7813.099485037483, 7773.350124485355]
[31, 4, 0.07750000000000001, 0.010946587475249077, False, 8, 4, 7813.099485037483, 7773.350124485355]
[32, 4, 0.07750000000000001, 0.010774189496708789, False, 8, 4, 7813.099485037483, 7773.350124485355]
[33, 4, 0.07750000000000001, 0.010609688393950009, False, 8, 4, 7813.099485037483, 7773.350124485355]
[34, 4, 0.07750000000000001, 0.010452499135376637, False, 8, 4, 7813.099485037483, 7773.350124485355]
[35, 4, 0.07750000000000001, 0.01030209562308518, False, 8, 4, 7813.099485037483, 7773.350124485355]
[36, 4, 0.07750000000000001, 0.010158003273215546, False, 8, 4, 7813.099485037483, 7773.350124485355]
[37, 4, 0.07750000000000001, 0.010019792706966842, False, 8, 4, 7813.099485037483, 7773.350124485355]
[38, 4, 0.07750000000000001, 0.009887074360991779, False, 8, 4, 7813.099485037483, 7773.350124485355]
[39, 4, 0.07750000000000001, 0.009759493862916224, False, 8, 4, 7813.099485037483, 7773.350124485355]
[40, 4, 0.07750000000000001, 0.009636728046842038, False, 8, 4, 7813.099485037483, 7773.350124485355]
[41, 4, 0.07750000000000001, 0.009518481506729072, False, 8, 4, 7813.099485037483, 7773.350124485355]
[42, 4, 0.07750000000000001, 0.009404483603898318, False, 8, 4, 7813.099485037483, 7773.350124485355]
[43, 4, 0.07750000000000001, 0.009294485859595735, False, 8, 4, 7813.099485037483, 7773.350124485355]
[44, 4, 0.07750000000000001, 0.00918825967539763, False, 8, 4, 7813.099485037483, 7773.350124485355]
[5, 5, 0.07750000000000001, 0.027256783001490394, False, 2, 1, 3988.6707832714624, 3986.826395894822]
[5, 5, 0.07750000000000001, 0.027256783001490394, False, 4, 2, 3947.5220316620494, 3943.859603079354]
[5, 5, 0.07750000000000001, 0.027256783001490394, False, 6, 3, 22014.35677712183, 3509.0741544007124]
[5, 5, 0.07750000000000001, 0.027256783001490394, False, 8, 4, 20774.175587676164, 3125.9816075617646]
[6, 5, 0.07750000000000001, 0.024881924824899426, False, 2, 1, 4492.085126238201, 4489.580930302596]
[6, 5, 0.07750000000000001, 0.024881924824899426, False, 4, 2, 4630.368068946774, 4625.10849709136]
[6, 5, 0.07750000000000001, 0.024881924824899426, False, 6, 3, 21704.27643678022, 4171.472522145017]
[6, 5, 0.07750000000000001, 0.024881924824899426, False, 8, 4, 20431.324400145968, 3726.3560730788486]
[7, 5, 0.07750000000000001, 0.023036186123921516, False, 2, 1, 4935.069858053662, 4932.39986588184]
[7, 5, 0.07750000000000001, 0.023036186123921516, False, 4, 2, 5275.658574640627, 5268.561745833351]
[7, 5, 0.07750000000000001, 0.023036186123921516, False, 6, 3, 4828.519763113846, 4817.6910672178865]
[7, 5, 0.07750000000000001, 0.023036186123921516, False, 8, 4, 20096.345808168655, 4316.331943343799]
[8, 5, 0.07750000000000001, 0.021548378993417577, False, 2, 1, 5324.770493159448, 5321.494331948019]
[8, 5, 0.07750000000000001, 0.021548378993417577, False, 4, 2, 5869.938710217604, 5860.813017148676]
[8, 5, 0.07750000000000001, 0.021548378993417577, False, 6, 3, 5461.3270633115035, 5447.176330978216]
[8, 5, 0.07750000000000001, 0.021548378993417577, False, 8, 4, 19766.42841310823, 4895.365569357927]
[9, 5, 0.07750000000000001, 0.020316006546431092, False, 2, 1, 5669.819524729222, 5665.9232296031305]
[9, 5, 0.07750000000000001, 0.020316006546431092, False, 4, 2, 6428.463667905206, 6417.117127273634]
[9, 5, 0.07750000000000001, 0.020316006546431092, False, 6, 3, 6066.062911953144, 6048.163968307874]
[9, 5, 0.07750000000000001, 0.020316006546431092, False, 8, 4, 5484.2918446452695, 5462.961431562278]
[10, 5, 0.07750000000000001, 0.019273456093684076, False, 2, 1, 5977.627212513685, 5973.105122076922]
[10, 5, 0.07750000000000001, 0.019273456093684076, False, 4, 2, 6961.7548448401885, 6947.989029362551]
[10, 5, 0.07750000000000001, 0.019273456093684076, False, 6, 3, 6638.132318750534, 6616.100682487858]
[10, 5, 0.07750000000000001, 0.019273456093684076, False, 8, 4, 6045.615208772594, 6019.091425327237]
[11, 5, 0.07750000000000001, 0.01837651935079526, False, 2, 1, 6254.95735754159, 6249.805408844939]
[11, 5, 0.07750000000000001, 0.01837651935079526, False, 4, 2, 7459.857776554228, 7442.7093439299015]
[11, 5, 0.07750000000000001, 0.01837651935079526, False, 6, 3, 7188.76449100031, 7162.195279204401]
[11, 5, 0.07750000000000001, 0.01837651935079526, False, 8, 4, 6595.710590509703, 6563.392056521044]
[12, 5, 0.07750000000000001, 0.017594177772660285, False, 2, 1, 6506.613946430339, 6500.83045233538]
[12, 5, 0.07750000000000001, 0.017594177772660285, False, 4, 2, 7926.145328737874, 7906.10711994628]
[12, 5, 0.07750000000000001, 0.017594177772660285, False, 6, 3, 7718.116212217593, 7686.614485717582]
[12, 5, 0.07750000000000001, 0.017594177772660285, False, 8, 4, 7133.965563285337, 7095.248655231149]
[13, 5, 0.07750000000000001, 0.01690393922672755, False, 2, 1, 6736.438383903453, 6730.023057182456]
[13, 5, 0.07750000000000001, 0.01690393922672755, False, 4, 2, 8350.66462044234, 8327.628328705212]
[13, 5, 0.07750000000000001, 0.01690393922672755, False, 6, 3, 8226.416979783899, 8189.597265666502]
[13, 5, 0.07750000000000001, 0.01690393922672755, False, 8, 4, 7660.062068749739, 7614.338265713295]
[14, 5, 0.07750000000000001, 0.016289043420900352, False, 2, 1, 6947.525293049263, 6940.478544359453]
[14, 5, 0.07750000000000001, 0.016289043420900352, False, 4, 2, 8745.02540451899, 8718.869432697902]
[14, 5, 0.07750000000000001, 0.016289043420900352, False, 6, 3, 8700.22965625207, 8658.69734265661]
[14, 5, 0.07750000000000001, 0.016289043420900352, False, 8, 4, 8154.953756570088, 8101.763278668306]
[15, 5, 0.07750000000000001, 0.015736711003153693, False, 8, 4, 8154.953756570088, 8101.763278668306]
[16, 5, 0.07750000000000001, 0.015237004909823318, False, 8, 4, 8154.953756570088, 8101.763278668306]
[17, 5, 0.07750000000000001, 0.01478206603794269, False, 8, 4, 8154.953756570088, 8101.763278668306]
[18, 5, 0.07750000000000001, 0.014365585995611716, False, 8, 4, 8154.953756570088, 8101.763278668306]
[19, 5, 0.07750000000000001, 0.013982434653505876, False, 8, 4, 8154.953756570088, 8101.763278668306]
[20, 5, 0.07750000000000001, 0.013628391500745197, False, 8, 4, 8154.953756570088, 8101.763278668306]
[21, 5, 0.07750000000000001, 0.013299948259748407, False, 8, 4, 8154.953756570088, 8101.763278668306]
[22, 5, 0.07750000000000001, 0.01299416144755314, False, 8, 4, 8154.953756570088, 8101.763278668306]
[23, 5, 0.07750000000000001, 0.012708540603026322, False, 8, 4, 8154.953756570088, 8101.763278668306]
[24, 5, 0.07750000000000001, 0.012440962412449713, False, 8, 4, 8154.953756570088, 8101.763278668306]
[25, 5, 0.07750000000000001, 0.012189603927858655, False, 8, 4, 8154.953756570088, 8101.763278668306]
[26, 5, 0.07750000000000001, 0.011952890055984334, False, 8, 4, 8154.953756570088, 8101.763278668306]
[27, 5, 0.07750000000000001, 0.01172945184844019, False, 8, 4, 8154.953756570088, 8101.763278668306]
[28, 5, 0.07750000000000001, 0.011518093061960758, False, 8, 4, 8154.953756570088, 8101.763278668306]
[29, 5, 0.07750000000000001, 0.011317763118140162, False, 8, 4, 8154.953756570088, 8101.763278668306]
[30, 5, 0.07750000000000001, 0.011127535063902934, False, 8, 4, 8154.953756570088, 8101.763278668306]
[31, 5, 0.07750000000000001, 0.010946587475249077, False, 8, 4, 8154.953756570088, 8101.763278668306]
[32, 5, 0.07750000000000001, 0.010774189496708789, False, 8, 4, 8154.953756570088, 8101.763278668306]
[33, 5, 0.07750000000000001, 0.010609688393950009, False, 8, 4, 8154.953756570088, 8101.763278668306]
[34, 5, 0.07750000000000001, 0.010452499135376637, False, 8, 4, 8154.953756570088, 8101.763278668306]
[35, 5, 0.07750000000000001, 0.01030209562308518, False, 8, 4, 8154.953756570088, 8101.763278668306]
[36, 5, 0.07750000000000001, 0.010158003273215546, False, 8, 4, 8154.953756570088, 8101.763278668306]
[37, 5, 0.07750000000000001, 0.010019792706966842, False, 8, 4, 8154.953756570088, 8101.763278668306]
[38, 5, 0.07750000000000001, 0.009887074360991779, False, 8, 4, 8154.953756570088, 8101.763278668306]
[39, 5, 0.07750000000000001, 0.009759493862916224, False, 8, 4, 8154.953756570088, 8101.763278668306]
[40, 5, 0.07750000000000001, 0.009636728046842038, False, 8, 4, 8154.953756570088, 8101.763278668306]
[41, 5, 0.07750000000000001, 0.009518481506729072, False, 8, 4, 8154.953756570088, 8101.763278668306]
[42, 5, 0.07750000000000001, 0.009404483603898318, False, 8, 4, 8154.953756570088, 8101.763278668306]
[43, 5, 0.07750000000000001, 0.009294485859595735, False, 8, 4, 8154.953756570088, 8101.763278668306]
[44, 5, 0.07750000000000001, 0.00918825967539763, False, 8, 4, 8154.953756570088, 8101.763278668306]
[5, 6, 0.07750000000000001, 0.027256783001490394, False, 2, 1, 4234.612463215716, 4232.303970279954]
[5, 6, 0.07750000000000001, 0.027256783001490394, False, 4, 2, 4179.446705161484, 4174.813895615961]
[5, 6, 0.07750000000000001, 0.027256783001490394, False, 6, 3, 20071.828411592665, 3676.5739146007563]
[5, 6, 0.07750000000000001, 0.027256783001490394, False, 8, 4, 18694.36367826307, 3255.795793120806]
[6, 6, 0.07750000000000001, 0.024881924824899426, False, 2, 1, 4742.947990652372, 4740.391094139516]
[6, 6, 0.07750000000000001, 0.024881924824899426, False, 4, 2, 4883.863385375954, 4877.238744017485]
[6, 6, 0.07750000000000001, 0.024881924824899426, False, 6, 3, 4370.659010064299, 4360.52651873213]
[6, 6, 0.07750000000000001, 0.024881924824899426, False, 8, 4, 18331.460376673283, 3873.9193359671053]
[7, 6, 0.07750000000000001, 0.023036186123921516, False, 2, 1, 5186.847085361952, 5183.615708627985]
[7, 6, 0.07750000000000001, 0.023036186123921516, False, 4, 2, 5544.377792521099, 5535.474288679163]
[7, 6, 0.07750000000000001, 0.023036186123921516, False, 6, 3, 5038.440040434579, 5024.715450211662]
[7, 6, 0.07750000000000001, 0.023036186123921516, False, 8, 4, 17980.022083801694, 4479.117305801525]
[8, 6, 0.07750000000000001, 0.021548378993417577, False, 2, 1, 5573.344397128249, 5569.422279836398]
[8, 6, 0.07750000000000001, 0.021548378993417577, False, 4, 2, 6146.8727441662295, 6135.469184199186]
[8, 6, 0.07750000000000001, 0.021548378993417577, False, 6, 3, 5687.285066356672, 5669.386640988652]
[8, 6, 0.07750000000000001, 0.021548378993417577, False, 8, 4, 5092.01339455754, 5070.891942581196]
[9, 6, 0.07750000000000001, 0.020316006546431092, False, 2, 1, 5912.759918257693, 5908.139370593419]
[9, 6, 0.07750000000000001, 0.020316006546431092, False, 4, 2, 6709.547700859707, 6694.711816538658]
[9, 6, 0.07750000000000001, 0.020316006546431092, False, 6, 3, 6304.179981285029, 6281.605377040803]
[9, 6, 0.07750000000000001, 0.020316006546431092, False, 8, 4, 5675.669419666479, 5648.786080772656]
[10, 6, 0.07750000000000001, 0.019273456093684076, False, 2, 1, 6212.745681078074, 6207.425184366055]
[10, 6, 0.07750000000000001, 0.019273456093684076, False, 4, 2, 7243.230574209178, 7225.2977410096255]
[10, 6, 0.07750000000000001, 0.019273456093684076, False, 6, 3, 6884.386886504677, 6856.687800637295]
[10, 6, 0.07750000000000001, 0.019273456093684076, False, 8, 4, 6245.671604196474, 6212.287723269199]
[11, 6, 0.07750000000000001, 0.01837651935079526, False, 2, 1, 6481.335217548289, 6475.314700680745]
[11, 6, 0.07750000000000001, 0.01837651935079526, False, 4, 2, 7740.578918457579, 7719.347440431326]
[11, 6, 0.07750000000000001, 0.01837651935079526, False, 6, 3, 7439.480709269516, 7406.965327478938]
[11, 6, 0.07750000000000001, 0.01837651935079526, False, 8, 4, 6801.7786440976715, 6761.164345808564]
[12, 6, 0.07750000000000001, 0.017594177772660285, False, 2, 1, 6723.720970899182, 6717.001794778717]
[12, 6, 0.07750000000000001, 0.017594177772660285, False, 4, 2, 8203.894636205972, 8179.1812386651545]
[12, 6, 0.07750000000000001, 0.017594177772660285, False, 6, 3, 7971.251982884826, 7932.787621681979]
[12, 6, 0.07750000000000001, 0.017594177772660285, False, 8, 4, 7343.671292354452, 7295.095177840476]
[13, 6, 0.07750000000000001, 0.01690393922672755, False, 2, 1, 6943.999921055864, 6936.583942989426]
[13, 6, 0.07750000000000001, 0.01690393922672755, False, 4, 2, 8622.139906082595, 8593.83531294958]
[13, 6, 0.07750000000000001, 0.01690393922672755, False, 6, 3, 8479.416988523137, 8434.566515478264]
[13, 6, 0.07750000000000001, 0.01690393922672755, False, 8, 4, 7869.521241905257, 7812.216702943857]
[14, 6, 0.07750000000000001, 0.016289043420900352, False, 2, 1, 7145.15525609318, 7137.0423228363325]
[14, 6, 0.07750000000000001, 0.016289043420900352, False, 4, 2, 9008.82444824807, 8976.807579282484]
[14, 6, 0.07750000000000001, 0.016289043420900352, False, 6, 3, 8950.622878094193, 8899.06854741534]
[14, 6, 0.07750000000000001, 0.016289043420900352, False, 8, 4, 8360.002852383937, 8293.416826129549]
[15, 6, 0.07750000000000001, 0.015736711003153693, False, 8, 4, 8360.002852383937, 8293.416826129549]
[16, 6, 0.07750000000000001, 0.015237004909823318, False, 8, 4, 8360.002852383937, 8293.416826129549]
[17, 6, 0.07750000000000001, 0.01478206603794269, False, 8, 4, 8360.002852383937, 8293.416826129549]
[18, 6, 0.07750000000000001, 0.014365585995611716, False, 8, 4, 8360.002852383937, 8293.416826129549]
[19, 6, 0.07750000000000001, 0.013982434653505876, False, 8, 4, 8360.002852383937, 8293.416826129549]
[20, 6, 0.07750000000000001, 0.013628391500745197, False, 8, 4, 8360.002852383937, 8293.416826129549]
[21, 6, 0.07750000000000001, 0.013299948259748407, False, 8, 4, 8360.002852383937, 8293.416826129549]
[22, 6, 0.07750000000000001, 0.01299416144755314, False, 8, 4, 8360.002852383937, 8293.416826129549]
[23, 6, 0.07750000000000001, 0.012708540603026322, False, 8, 4, 8360.002852383937, 8293.416826129549]
[24, 6, 0.07750000000000001, 0.012440962412449713, False, 8, 4, 8360.002852383937, 8293.416826129549]
[25, 6, 0.07750000000000001, 0.012189603927858655, False, 8, 4, 8360.002852383937, 8293.416826129549]
[26, 6, 0.07750000000000001, 0.011952890055984334, False, 8, 4, 8360.002852383937, 8293.416826129549]
[27, 6, 0.07750000000000001, 0.01172945184844019, False, 8, 4, 8360.002852383937, 8293.416826129549]
[28, 6, 0.07750000000000001, 0.011518093061960758, False, 8, 4, 8360.002852383937, 8293.416826129549]
[29, 6, 0.07750000000000001, 0.011317763118140162, False, 8, 4, 8360.002852383937, 8293.416826129549]
[30, 6, 0.07750000000000001, 0.011127535063902934, False, 8, 4, 8360.002852383937, 8293.416826129549]
[31, 6, 0.07750000000000001, 0.010946587475249077, False, 8, 4, 8360.002852383937, 8293.416826129549]
[32, 6, 0.07750000000000001, 0.010774189496708789, False, 8, 4, 8360.002852383937, 8293.416826129549]
[33, 6, 0.07750000000000001, 0.010609688393950009, False, 8, 4, 8360.002852383937, 8293.416826129549]
[34, 6, 0.07750000000000001, 0.010452499135376637, False, 8, 4, 8360.002852383937, 8293.416826129549]
[35, 6, 0.07750000000000001, 0.01030209562308518, False, 8, 4, 8360.002852383937, 8293.416826129549]
[36, 6, 0.07750000000000001, 0.010158003273215546, False, 8, 4, 8360.002852383937, 8293.416826129549]
[37, 6, 0.07750000000000001, 0.010019792706966842, False, 8, 4, 8360.002852383937, 8293.416826129549]
[38, 6, 0.07750000000000001, 0.009887074360991779, False, 8, 4, 8360.002852383937, 8293.416826129549]
[39, 6, 0.07750000000000001, 0.009759493862916224, False, 8, 4, 8360.002852383937, 8293.416826129549]
[40, 6, 0.07750000000000001, 0.009636728046842038, False, 8, 4, 8360.002852383937, 8293.416826129549]
[41, 6, 0.07750000000000001, 0.009518481506729072, False, 8, 4, 8360.002852383937, 8293.416826129549]
[42, 6, 0.07750000000000001, 0.009404483603898318, False, 8, 4, 8360.002852383937, 8293.416826129549]
[43, 6, 0.07750000000000001, 0.009294485859595735, False, 8, 4, 8360.002852383937, 8293.416826129549]
[44, 6, 0.07750000000000001, 0.00918825967539763, False, 8, 4, 8360.002852383937, 8293.416826129549]
[5, 7, 0.07750000000000001, 0.027256783001490394, False, 2, 1, 4419.0788024926405, 4416.8087696780285]
[5, 7, 0.07750000000000001, 0.027256783001490394, False, 4, 2, 4340.606630853525, 4334.945681481175]
[5, 7, 0.07750000000000001, 0.027256783001490394, False, 6, 3, 18243.328424389205, 3797.4806276696013]
[5, 7, 0.07750000000000001, 0.027256783001490394, False, 8, 4, 16809.17912482754, 3348.683045932651]
[6, 7, 0.07750000000000001, 0.024881924824899426, False, 2, 1, 4929.090527810528, 4926.090055510115]
[6, 7, 0.07750000000000001, 0.024881924824899426, False, 4, 2, 5059.146327107157, 5051.0866528000415]
[6, 7, 0.07750000000000001, 0.024881924824899426, False, 6, 3, 4507.773406929215, 4495.941514830214]
[6, 7, 0.07750000000000001, 0.024881924824899426, False, 8, 4, 16430.031540767734, 3977.775800857201]
[7, 7, 0.07750000000000001, 0.023036186123921516, False, 2, 1, 5370.729880268449, 5366.970370716689]
[7, 7, 0.07750000000000001, 0.023036186123921516, False, 4, 2, 5729.847049098079, 5718.48020915525]
[7, 7, 0.07750000000000001, 0.023036186123921516, False, 6, 3, 5187.888954537331, 5171.736742204117]
[7, 7, 0.07750000000000001, 0.023036186123921516, False, 8, 4, 16054.203723153238, 4591.076222430449]
[8, 7, 0.07750000000000001, 0.021548378993417577, False, 2, 1, 5752.393294916165, 5747.863254848389]
[8, 7, 0.07750000000000001, 0.021548378993417577, False, 4, 2, 6337.554440590219, 6323.08168618577]
[8, 7, 0.07750000000000001, 0.021548378993417577, False, 6, 3, 5845.685105926664, 5824.563875605363]
[8, 7, 0.07750000000000001, 0.021548378993417577, False, 8, 4, 5213.443887000448, 5187.703752061381]
[9, 7, 0.07750000000000001, 0.020316006546431092, False, 2, 1, 6083.335008746597, 6078.021799000761]
[9, 7, 0.07750000000000001, 0.020316006546431092, False, 4, 2, 6901.938075796376, 6884.095008237504]
[9, 7, 0.07750000000000001, 0.020316006546431092, False, 6, 3, 6468.026570085617, 6441.370264461894]
[9, 7, 0.07750000000000001, 0.020316006546431092, False, 8, 4, 5800.5974949960155, 5767.823519777789]
[10, 7, 0.07750000000000001, 0.019273456093684076, False, 2, 1, 6373.71466158589, 6367.61678571001]
[10, 7, 0.07750000000000001, 0.019273456093684076, False, 4, 2, 7435.713337039204, 7414.221888793163]
[10, 7, 0.07750000000000001, 0.019273456093684076, False, 6, 3, 7050.296598187554, 7017.607760767321]
[10, 7, 0.07750000000000001, 0.019273456093684076, False, 8, 4, 6371.619899208557, 6330.937308485707]
[11, 7, 0.07750000000000001, 0.01837651935079526, False, 2, 1, 6632.154070065018, 6625.270385829055]
[11, 7, 0.07750000000000001, 0.01837651935079526, False, 4, 2, 7930.717365849203, 7905.357581291977]
[11, 7, 0.07750000000000001, 0.01837651935079526, False, 6, 3, 7605.389523640326, 7566.124369960489]
[11, 7, 0.07750000000000001, 0.01837651935079526, False, 8, 4, 6926.29707465122, 6876.832568577696]
[12, 7, 0.07750000000000001, 0.017594177772660285, False, 2, 1, 6864.107977351698, 6856.437776307437]
[12, 7, 0.07750000000000001, 0.017594177772660285, False, 4, 2, 8389.60360036544, 8360.177738881934]
[12, 7, 0.07750000000000001, 0.017594177772660285, False, 6, 3, 8132.236932262236, 8085.842146579763]
[12, 7, 0.07750000000000001, 0.017594177772660285, False, 8, 4, 7464.316778872444, 7405.199519358146]
[13, 7, 0.07750000000000001, 0.01690393922672755, False, 2, 1, 7073.833658203491, 7065.3758122686995]
[13, 7, 0.07750000000000001, 0.01690393922672755, False, 4, 2, 8801.086212783015, 8767.488153883989]
[13, 7, 0.07750000000000001, 0.01690393922672755, False, 6, 3, 8632.95777497277, 8578.923185365848]
[13, 7, 0.07750000000000001, 0.01690393922672755, False, 8, 4, 7985.384377191342, 7915.747368659613]
[14, 7, 0.07750000000000001, 0.016289043420900352, False, 2, 1, 7264.68662709474, 7255.439031136125]
[14, 7, 0.07750000000000001, 0.016289043420900352, False, 4, 2, 9178.706996329485, 9140.802230691197]
[14, 7, 0.07750000000000001, 0.016289043420900352, False, 6, 3, 9093.904009778214, 9031.870393177822]
[14, 7, 0.07750000000000001, 0.016289043420900352, False, 8, 4, 8469.03152012294, 8388.273635681418]
[15, 7, 0.07750000000000001, 0.015736711003153693, False, 8, 4, 8469.03152012294, 8388.273635681418]
[16, 7, 0.07750000000000001, 0.015237004909823318, False, 8, 4, 8469.03152012294, 8388.273635681418]
[17, 7, 0.07750000000000001, 0.01478206603794269, False, 8, 4, 8469.03152012294, 8388.273635681418]
[18, 7, 0.07750000000000001, 0.014365585995611716, False, 8, 4, 8469.03152012294, 8388.273635681418]
[19, 7, 0.07750000000000001, 0.013982434653505876, False, 8, 4, 8469.03152012294, 8388.273635681418]
[20, 7, 0.07750000000000001, 0.013628391500745197, False, 8, 4, 8469.03152012294, 8388.273635681418]
[21, 7, 0.07750000000000001, 0.013299948259748407, False, 8, 4, 8469.03152012294, 8388.273635681418]
[22, 7, 0.07750000000000001, 0.01299416144755314, False, 8, 4, 8469.03152012294, 8388.273635681418]
[23, 7, 0.07750000000000001, 0.012708540603026322, False, 8, 4, 8469.03152012294, 8388.273635681418]
[24, 7, 0.07750000000000001, 0.012440962412449713, False, 8, 4, 8469.03152012294, 8388.273635681418]
[25, 7, 0.07750000000000001, 0.012189603927858655, False, 8, 4, 8469.03152012294, 8388.273635681418]
[26, 7, 0.07750000000000001, 0.011952890055984334, False, 8, 4, 8469.03152012294, 8388.273635681418]
[27, 7, 0.07750000000000001, 0.01172945184844019, False, 8, 4, 8469.03152012294, 8388.273635681418]
[28, 7, 0.07750000000000001, 0.011518093061960758, False, 8, 4, 8469.03152012294, 8388.273635681418]
[29, 7, 0.07750000000000001, 0.011317763118140162, False, 8, 4, 8469.03152012294, 8388.273635681418]
[30, 7, 0.07750000000000001, 0.011127535063902934, False, 8, 4, 8469.03152012294, 8388.273635681418]
[31, 7, 0.07750000000000001, 0.010946587475249077, False, 8, 4, 8469.03152012294, 8388.273635681418]
[32, 7, 0.07750000000000001, 0.010774189496708789, False, 8, 4, 8469.03152012294, 8388.273635681418]
[33, 7, 0.07750000000000001, 0.010609688393950009, False, 8, 4, 8469.03152012294, 8388.273635681418]
[34, 7, 0.07750000000000001, 0.010452499135376637, False, 8, 4, 8469.03152012294, 8388.273635681418]
[35, 7, 0.07750000000000001, 0.01030209562308518, False, 8, 4, 8469.03152012294, 8388.273635681418]
[36, 7, 0.07750000000000001, 0.010158003273215546, False, 8, 4, 8469.03152012294, 8388.273635681418]
[37, 7, 0.07750000000000001, 0.010019792706966842, False, 8, 4, 8469.03152012294, 8388.273635681418]
[38, 7, 0.07750000000000001, 0.009887074360991779, False, 8, 4, 8469.03152012294, 8388.273635681418]
[39, 7, 0.07750000000000001, 0.009759493862916224, False, 8, 4, 8469.03152012294, 8388.273635681418]
[40, 7, 0.07750000000000001, 0.009636728046842038, False, 8, 4, 8469.03152012294, 8388.273635681418]
[41, 7, 0.07750000000000001, 0.009518481506729072, False, 8, 4, 8469.03152012294, 8388.273635681418]
[42, 7, 0.07750000000000001, 0.009404483603898318, False, 8, 4, 8469.03152012294, 8388.273635681418]
[43, 7, 0.07750000000000001, 0.009294485859595735, False, 8, 4, 8469.03152012294, 8388.273635681418]
[44, 7, 0.07750000000000001, 0.00918825967539763, False, 8, 4, 8469.03152012294, 8388.273635681418]
[5, 8, 0.07750000000000001, 0.027256783001490394, False, 2, 1, 4555.788210614723, 4553.166766105408]
[5, 8, 0.07750000000000001, 0.027256783001490394, False, 4, 2, 4460.757227637064, 4454.033873777001]
[5, 8, 0.07750000000000001, 0.027256783001490394, False, 6, 3, 3895.941049949812, 3886.224724464014]
[5, 8, 0.07750000000000001, 0.027256783001490394, False, 8, 4, 15022.55728605838, 3413.1067277575576]
[6, 8, 0.07750000000000001, 0.024881924824899426, False, 2, 1, 5062.738567410626, 5059.292047496655]
[6, 8, 0.07750000000000001, 0.024881924824899426, False, 4, 2, 5189.333863144843, 5179.2594122644905]
[6, 8, 0.07750000000000001, 0.024881924824899426, False, 6, 3, 4607.316348936318, 4593.262773326726]
[6, 8, 0.07750000000000001, 0.024881924824899426, False, 8, 4, 14618.886633334032, 4047.196257251606]
[7, 8, 0.07750000000000001, 0.023036186123921516, False, 2, 1, 5498.67799226778, 5494.376530735964]
[7, 8, 0.07750000000000001, 0.023036186123921516, False, 4, 2, 5865.5274014491515, 5852.136816410324]
[7, 8, 0.07750000000000001, 0.023036186123921516, False, 6, 3, 5292.763670015412, 5273.589256564609]
[7, 8, 0.07750000000000001, 0.023036186123921516, False, 8, 4, 4686.880980902766, 4663.502848389934]
[8, 8, 0.07750000000000001, 0.021548378993417577, False, 2, 1, 5872.802368438732, 5867.634027939407]
[8, 8, 0.07750000000000001, 0.021548378993417577, False, 4, 2, 6474.96645189494, 6457.969718128246]
[8, 8, 0.07750000000000001, 0.021548378993417577, False, 6, 3, 5953.019110026144, 5927.9606215350195]
[8, 8, 0.07750000000000001, 0.021548378993417577, False, 8, 4, 5292.278667821864, 5261.578091571795]
[9, 8, 0.07750000000000001, 0.020316006546431092, False, 2, 1, 6197.1452810891005, 6191.105635422651]
[9, 8, 0.07750000000000001, 0.020316006546431092, False, 4, 2, 7038.062128954957, 7017.163604088639]
[9, 8, 0.07750000000000001, 0.020316006546431092, False, 6, 3, 6574.614883348304, 6543.014404462342]
[9, 8, 0.07750000000000001, 0.020316006546431092, False, 8, 4, 5880.044949781492, 5841.002529442477]
[10, 8, 0.07750000000000001, 0.019273456093684076, False, 2, 1, 6480.419309248219, 6473.508866608461]
[10, 8, 0.07750000000000001, 0.019273456093684076, False, 4, 2, 7568.647619064872, 7543.536946199824]
[10, 8, 0.07750000000000001, 0.019273456093684076, False, 6, 3, 7153.044000131604, 7114.329674574657]
[10, 8, 0.07750000000000001, 0.019273456093684076, False, 8, 4, 6450.010270641365, 6401.626336398344]
[11, 8, 0.07750000000000001, 0.01837651935079526, False, 2, 1, 6731.504565959962, 6723.722846208477]
[11, 8, 0.07750000000000001, 0.01837651935079526, False, 4, 2, 8058.432552688974, 8028.869977863223]
[11, 8, 0.07750000000000001, 0.01837651935079526, False, 6, 3, 7702.139410556291, 7655.690270463255]
[11, 8, 0.07750000000000001, 0.01837651935079526, False, 8, 4, 7002.476598960651, 6943.776698332867]
[12, 8, 0.07750000000000001, 0.017594177772660285, False, 2, 1, 6956.019315863702, 6947.365585831427]
[12, 8, 0.07750000000000001, 0.017594177772660285, False, 4, 2, 8510.203262498586, 8475.972679977274]
[12, 8, 0.07750000000000001, 0.017594177772660285, False, 6, 3, 8222.527770638637, 8167.749923733499]
[12, 8, 0.07750000000000001, 0.017594177772660285, False, 8, 4, 7536.517784653918, 7466.524272068541]
[13, 8, 0.07750000000000001, 0.01690393922672755, False, 2, 1, 7158.360762996813, 7148.833636862724]
[13, 8, 0.07750000000000001, 0.01690393922672755, False, 4, 2, 8910.692433099002, 8871.65581440907]
[13, 8, 0.07750000000000001, 0.01690393922672755, False, 6, 3, 8714.877946714374, 8651.202888619433]
[13, 8, 0.07750000000000001, 0.01690393922672755, False, 8, 4, 8051.847395896758, 7969.59841928499]
[14, 8, 0.07750000000000001, 0.016289043420900352, False, 2, 1, 7342.42336767919, 7332.024736362835]
[14, 8, 0.07750000000000001, 0.016289043420900352, False, 4, 2, 9275.905039931466, 9231.914017429961]
[14, 8, 0.07750000000000001, 0.016289043420900352, False, 6, 3, 9165.445126339955, 9092.488961451138]
[14, 8, 0.07750000000000001, 0.016289043420900352, False, 8, 4, 8527.75119686332, 8432.618183908886]
[15, 8, 0.07750000000000001, 0.015736711003153693, False, 8, 4, 8527.75119686332, 8432.618183908886]
[16, 8, 0.07750000000000001, 0.015237004909823318, False, 8, 4, 8527.75119686332, 8432.618183908886]
[17, 8, 0.07750000000000001, 0.01478206603794269, False, 8, 4, 8527.75119686332, 8432.618183908886]
[18, 8, 0.07750000000000001, 0.014365585995611716, False, 8, 4, 8527.75119686332, 8432.618183908886]
[19, 8, 0.07750000000000001, 0.013982434653505876, False, 8, 4, 8527.75119686332, 8432.618183908886]
[20, 8, 0.07750000000000001, 0.013628391500745197, False, 8, 4, 8527.75119686332, 8432.618183908886]
[21, 8, 0.07750000000000001, 0.013299948259748407, False, 8, 4, 8527.75119686332, 8432.618183908886]
[22, 8, 0.07750000000000001, 0.01299416144755314, False, 8, 4, 8527.75119686332, 8432.618183908886]
[23, 8, 0.07750000000000001, 0.012708540603026322, False, 8, 4, 8527.75119686332, 8432.618183908886]
[24, 8, 0.07750000000000001, 0.012440962412449713, False, 8, 4, 8527.75119686332, 8432.618183908886]
[25, 8, 0.07750000000000001, 0.012189603927858655, False, 8, 4, 8527.75119686332, 8432.618183908886]
[26, 8, 0.07750000000000001, 0.011952890055984334, False, 8, 4, 8527.75119686332, 8432.618183908886]
[27, 8, 0.07750000000000001, 0.01172945184844019, False, 8, 4, 8527.75119686332, 8432.618183908886]
[28, 8, 0.07750000000000001, 0.011518093061960758, False, 8, 4, 8527.75119686332, 8432.618183908886]
[29, 8, 0.07750000000000001, 0.011317763118140162, False, 8, 4, 8527.75119686332, 8432.618183908886]
[30, 8, 0.07750000000000001, 0.011127535063902934, False, 8, 4, 8527.75119686332, 8432.618183908886]
[31, 8, 0.07750000000000001, 0.010946587475249077, False, 8, 4, 8527.75119686332, 8432.618183908886]
[32, 8, 0.07750000000000001, 0.010774189496708789, False, 8, 4, 8527.75119686332, 8432.618183908886]
[33, 8, 0.07750000000000001, 0.010609688393950009, False, 8, 4, 8527.75119686332, 8432.618183908886]
[34, 8, 0.07750000000000001, 0.010452499135376637, False, 8, 4, 8527.75119686332, 8432.618183908886]
[35, 8, 0.07750000000000001, 0.01030209562308518, False, 8, 4, 8527.75119686332, 8432.618183908886]
[36, 8, 0.07750000000000001, 0.010158003273215546, False, 8, 4, 8527.75119686332, 8432.618183908886]
[37, 8, 0.07750000000000001, 0.010019792706966842, False, 8, 4, 8527.75119686332, 8432.618183908886]
[38, 8, 0.07750000000000001, 0.009887074360991779, False, 8, 4, 8527.75119686332, 8432.618183908886]
[39, 8, 0.07750000000000001, 0.009759493862916224, False, 8, 4, 8527.75119686332, 8432.618183908886]
[40, 8, 0.07750000000000001, 0.009636728046842038, False, 8, 4, 8527.75119686332, 8432.618183908886]
[41, 8, 0.07750000000000001, 0.009518481506729072, False, 8, 4, 8527.75119686332, 8432.618183908886]
[42, 8, 0.07750000000000001, 0.009404483603898318, False, 8, 4, 8527.75119686332, 8432.618183908886]
[43, 8, 0.07750000000000001, 0.009294485859595735, False, 8, 4, 8527.75119686332, 8432.618183908886]
[44, 8, 0.07750000000000001, 0.00918825967539763, False, 8, 4, 8527.75119686332, 8432.618183908886]
[5, 9, 0.07750000000000001, 0.027256783001490394, False, 2, 1, 4654.987704694972, 4652.001491323544]
[5, 9, 0.07750000000000001, 0.027256783001490394, False, 4, 2, 4552.348951090268, 4544.045803743082]
[5, 9, 0.07750000000000001, 0.027256783001490394, False, 6, 3, 3959.9264807506343, 3948.547056481127]
[5, 9, 0.07750000000000001, 0.027256783001490394, False, 8, 4, 13425.65755910531, 3458.825668892294]
[6, 9, 0.07750000000000001, 0.024881924824899426, False, 2, 1, 5159.480453113969, 5155.574005325489]
[6, 9, 0.07750000000000001, 0.024881924824899426, False, 4, 2, 5285.682729967228, 5274.015047942585]
[6, 9, 0.07750000000000001, 0.024881924824899426, False, 6, 3, 4675.154395839185, 4658.71076800628]
[6, 9, 0.07750000000000001, 0.024881924824899426, False, 8, 4, 4116.088403015359, 4096.0867007802935]
[7, 9, 0.07750000000000001, 0.023036186123921516, False, 2, 1, 5591.170190655809, 5586.314287662745]
[7, 9, 0.07750000000000001, 0.023036186123921516, False, 4, 2, 5963.933155813861, 5948.46032119865]
[7, 9, 0.07750000000000001, 0.023036186123921516, False, 6, 3, 5363.0141789014, 5340.61469205857]
[7, 9, 0.07750000000000001, 0.023036186123921516, False, 8, 4, 4741.2369028006515, 4713.90325456966]
[8, 9, 0.07750000000000001, 0.021548378993417577, False, 2, 1, 5959.823248963367, 5954.007786085208]
[8, 9, 0.07750000000000001, 0.021548378993417577, False, 4, 2, 6571.199782144694, 6551.594061365138]
[8, 9, 0.07750000000000001, 0.021548378993417577, False, 6, 3, 6023.374858968365, 5994.149339035926]
[8, 9, 0.07750000000000001, 0.021548378993417577, False, 8, 4, 5347.479489016954, 5311.647165881678]
[9, 9, 0.07750000000000001, 0.020316006546431092, False, 2, 1, 6278.37513980768, 6271.599704354703]
[9, 9, 0.07750000000000001, 0.020316006546431092, False, 4, 2, 7129.074742818466, 7104.998137515994]
[9, 9, 0.07750000000000001, 0.020316006546431092, False, 6, 3, 6642.57401014443, 6605.783846586873]
[9, 9, 0.07750000000000001, 0.020316006546431092, False, 8, 4, 5934.392847130496, 5888.917429048715]
[10, 9, 0.07750000000000001, 0.019273456093684076, False, 2, 1, 6555.677501209137, 6547.945901252052]
[10, 9, 0.07750000000000001, 0.019273456093684076, False, 4, 2, 7652.572451985854, 7623.6749510676555]
[10, 9, 0.07750000000000001, 0.019273456093684076, False, 6, 3, 7216.83135281083, 7171.858092168942]
[10, 9, 0.07750000000000001, 0.019273456093684076, False, 8, 4, 6501.488693538468, 6445.24592377264]
[11, 9, 0.07750000000000001, 0.01837651935079526, False, 2, 1, 6800.672268343097, 6791.985352790051]
[11, 9, 0.07750000000000001, 0.01837651935079526, False, 4, 2, 8133.380245962237, 8099.395434337017]
[11, 9, 0.07750000000000001, 0.01837651935079526, False, 6, 3, 7760.546445480585, 7706.72210217783]
[11, 9, 0.07750000000000001, 0.01837651935079526, False, 8, 4, 7048.156294111254, 6980.028649103446]
[12, 9, 0.07750000000000001, 0.017594177772660285, False, 2, 1, 7019.089307397804, 7009.447080006761]
[12, 9, 0.07750000000000001, 0.017594177772660285, False, 4, 2, 8574.714643511046, 8535.406697161581]
[12, 9, 0.07750000000000001, 0.017594177772660285, False, 6, 3, 8273.93684957087, 8210.618280594152]
[12, 9, 0.07750000000000001, 0.017594177772660285, False, 8, 4, 7573.760712755886, 7492.644106131365]
[13, 9, 0.07750000000000001, 0.01690393922672755, False, 2, 1, 7215.3434867357555, 7204.744366900575]
[13, 9, 0.07750000000000001, 0.01690393922672755, False, 4, 2, 8965.262614827556, 8920.523991011152]
[13, 9, 0.07750000000000001, 0.01690393922672755, False, 6, 3, 8757.779843366568, 8684.356988841095]
[13, 9, 0.07750000000000001, 0.01690393922672755, False, 8, 4, 8078.555353746856, 7983.396221020029]
[14, 9, 0.07750000000000001, 0.016289043420900352, False, 2, 1, 7392.8742763738965, 7381.31466041555]
[14, 9, 0.07750000000000001, 0.016289043420900352, False, 4, 2, 9319.575345500509, 9269.256447802461]
[14, 9, 0.07750000000000001, 0.016289043420900352, False, 6, 3, 9198.347791797038, 9114.428658715738]
[14, 9, 0.07750000000000001, 0.016289043420900352, False, 8, 4, 8541.784211795171, 8431.935576664306]
[15, 9, 0.07750000000000001, 0.015736711003153693, False, 8, 4, 8541.784211795171, 8431.935576664306]
[16, 9, 0.07750000000000001, 0.015237004909823318, False, 8, 4, 8541.784211795171, 8431.935576664306]
[17, 9, 0.07750000000000001, 0.01478206603794269, False, 8, 4, 8541.784211795171, 8431.935576664306]
[18, 9, 0.07750000000000001, 0.014365585995611716, False, 8, 4, 8541.784211795171, 8431.935576664306]
[19, 9, 0.07750000000000001, 0.013982434653505876, False, 8, 4, 8541.784211795171, 8431.935576664306]
[20, 9, 0.07750000000000001, 0.013628391500745197, False, 8, 4, 8541.784211795171, 8431.935576664306]
[21, 9, 0.07750000000000001, 0.013299948259748407, False, 8, 4, 8541.784211795171, 8431.935576664306]
[22, 9, 0.07750000000000001, 0.01299416144755314, False, 8, 4, 8541.784211795171, 8431.935576664306]
[23, 9, 0.07750000000000001, 0.012708540603026322, False, 8, 4, 8541.784211795171, 8431.935576664306]
[24, 9, 0.07750000000000001, 0.012440962412449713, False, 8, 4, 8541.784211795171, 8431.935576664306]
[25, 9, 0.07750000000000001, 0.012189603927858655, False, 8, 4, 8541.784211795171, 8431.935576664306]
[26, 9, 0.07750000000000001, 0.011952890055984334, False, 8, 4, 8541.784211795171, 8431.935576664306]
[27, 9, 0.07750000000000001, 0.01172945184844019, False, 8, 4, 8541.784211795171, 8431.935576664306]
[28, 9, 0.07750000000000001, 0.011518093061960758, False, 8, 4, 8541.784211795171, 8431.935576664306]
[29, 9, 0.07750000000000001, 0.011317763118140162, False, 8, 4, 8541.784211795171, 8431.935576664306]
[30, 9, 0.07750000000000001, 0.011127535063902934, False, 8, 4, 8541.784211795171, 8431.935576664306]
[31, 9, 0.07750000000000001, 0.010946587475249077, False, 8, 4, 8541.784211795171, 8431.935576664306]
[32, 9, 0.07750000000000001, 0.010774189496708789, False, 8, 4, 8541.784211795171, 8431.935576664306]
[33, 9, 0.07750000000000001, 0.010609688393950009, False, 8, 4, 8541.784211795171, 8431.935576664306]
[34, 9, 0.07750000000000001, 0.010452499135376637, False, 8, 4, 8541.784211795171, 8431.935576664306]
[35, 9, 0.07750000000000001, 0.01030209562308518, False, 8, 4, 8541.784211795171, 8431.935576664306]
[36, 9, 0.07750000000000001, 0.010158003273215546, False, 8, 4, 8541.784211795171, 8431.935576664306]
[37, 9, 0.07750000000000001, 0.010019792706966842, False, 8, 4, 8541.784211795171, 8431.935576664306]
[38, 9, 0.07750000000000001, 0.009887074360991779, False, 8, 4, 8541.784211795171, 8431.935576664306]
[39, 9, 0.07750000000000001, 0.009759493862916224, False, 8, 4, 8541.784211795171, 8431.935576664306]
[40, 9, 0.07750000000000001, 0.009636728046842038, False, 8, 4, 8541.784211795171, 8431.935576664306]
[41, 9, 0.07750000000000001, 0.009518481506729072, False, 8, 4, 8541.784211795171, 8431.935576664306]
[42, 9, 0.07750000000000001, 0.009404483603898318, False, 8, 4, 8541.784211795171, 8431.935576664306]
[43, 9, 0.07750000000000001, 0.009294485859595735, False, 8, 4, 8541.784211795171, 8431.935576664306]
[44, 9, 0.07750000000000001, 0.00918825967539763, False, 8, 4, 8541.784211795171, 8431.935576664306]
[5, 1, 0.09125000000000001, 0.027256783001490394, False, 2, 1, 1666.186461273915, 1666.0761838440712]
[5, 1, 0.09125000000000001, 0.027256783001490394, False, 4, 2, 1661.981041875523, 1661.6798527324543]
[5, 1, 0.09125000000000001, 0.027256783001490394, False, 6, 3, 26378.6298320581, 1591.3269127037252]
[5, 1, 0.09125000000000001, 0.027256783001490394, False, 8, 4, 26313.879441865847, 1520.0534678536533]
[6, 1, 0.09125000000000001, 0.024881924824899426, False, 2, 1, 1983.5993056974576, 1983.4229141165924]
[6, 1, 0.09125000000000001, 0.024881924824899426, False, 4, 2, 2008.9071572604407, 2008.456940041542]
[6, 1, 0.09125000000000001, 0.024881924824899426, False, 6, 3, 26363.483981659137, 1932.1207743288983]
[6, 1, 0.09125000000000001, 0.024881924824899426, False, 8, 4, 26293.858947065888, 1846.264046668796]
[7, 1, 0.09125000000000001, 0.023036186123921516, False, 2, 1, 2293.446638670144, 2293.1835372981104]
[7, 1, 0.09125000000000001, 0.023036186123921516, False, 4, 2, 2357.269247978157, 2356.6252936459664]
[7, 1, 0.09125000000000001, 0.023036186123921516, False, 6, 3, 26347.923589481106, 2278.105674907036]
[7, 1, 0.09125000000000001, 0.023036186123921516, False, 8, 4, 26273.303657315377, 2177.9698983248227]
[8, 1, 0.09125000000000001, 0.021548378993417577, False, 2, 1, 2594.8218636928073, 2594.4492994931124]
[8, 1, 0.09125000000000001, 0.021548378993417577, False, 4, 2, 2703.6698113730295, 2702.7803065253916]
[8, 1, 0.09125000000000001, 0.021548378993417577, False, 6, 3, 26331.813620531397, 2628.793972849005]
[8, 1, 0.09125000000000001, 0.021548378993417577, False, 8, 4, 26252.036403433158, 2514.789167355489]
[9, 1, 0.09125000000000001, 0.020316006546431092, False, 2, 1, 2887.727843864755, 2887.2213565745683]
[9, 1, 0.09125000000000001, 0.020316006546431092, False, 4, 2, 3049.5772771389793, 3048.3868405937]
[9, 1, 0.09125000000000001, 0.020316006546431092, False, 6, 3, 2982.9166744047006, 2981.4517660052315]
[9, 1, 0.09125000000000001, 0.020316006546431092, False, 8, 4, 26229.90568656099, 2856.40307598356]
[10, 1, 0.09125000000000001, 0.019273456093684076, False, 2, 1, 3172.16852826343, 3171.5022129466306]
[10, 1, 0.09125000000000001, 0.019273456093684076, False, 4, 2, 3396.4351815906643, 3394.884968833364]
[10, 1, 0.09125000000000001, 0.019273456093684076, False, 6, 3, 3336.2253559360597, 3334.3234075742753]
[10, 1, 0.09125000000000001, 0.019273456093684076, False, 8, 4, 26206.77207948445, 3202.514496227871]
[11, 1, 0.09125000000000001, 0.01837651935079526, False, 2, 1, 3448.709376367134, 3447.8562655857068]
[11, 1, 0.09125000000000001, 0.01837651935079526, False, 4, 2, 3742.024352364742, 3740.0481034048607]
[11, 1, 0.09125000000000001, 0.01837651935079526, False, 6, 3, 3691.768628442554, 3689.3556088326413]
[11, 1, 0.09125000000000001, 0.01837651935079526, False, 8, 4, 26182.50026099413, 3552.9179477639946]
[12, 1, 0.09125000000000001, 0.017594177772660285, False, 2, 1, 3717.6764138040194, 3716.608634988923]
[12, 1, 0.09125000000000001, 0.017594177772660285, False, 4, 2, 4085.9609544762047, 4083.486718084892]
[12, 1, 0.09125000000000001, 0.017594177772660285, False, 6, 3, 4049.2070979881196, 4046.202670877314]
[12, 1, 0.09125000000000001, 0.017594177772660285, False, 8, 4, 26156.953807556038, 3907.409694425017]
[13, 1, 0.09125000000000001, 0.01690393922672755, False, 2, 1, 3979.4050641376825, 3978.0940286761397]
[13, 1, 0.09125000000000001, 0.01690393922672755, False, 4, 2, 4424.483716692155, 4421.926982323684]
[13, 1, 0.09125000000000001, 0.01690393922672755, False, 6, 3, 4408.235903114038, 4404.553579816647]
[13, 1, 0.09125000000000001, 0.01690393922672755, False, 8, 4, 4270.817576753225, 4265.8078241642925]
[14, 1, 0.09125000000000001, 0.016289043420900352, False, 2, 1, 4234.229188849979, 4232.645752011379]
[14, 1, 0.09125000000000001, 0.016289043420900352, False, 4, 2, 4760.058114563802, 4756.9567175048105]
[14, 1, 0.09125000000000001, 0.016289043420900352, False, 6, 3, 4765.246228544091, 4760.792127583399]
[14, 1, 0.09125000000000001, 0.016289043420900352, False, 8, 4, 4628.818482569681, 4622.781326661521]
[15, 1, 0.09125000000000001, 0.015736711003153693, False, 8, 4, 4628.818482569681, 4622.781326661521]
[16, 1, 0.09125000000000001, 0.015237004909823318, False, 8, 4, 4628.818482569681, 4622.781326661521]
[17, 1, 0.09125000000000001, 0.01478206603794269, False, 8, 4, 4628.818482569681, 4622.781326661521]
[18, 1, 0.09125000000000001, 0.014365585995611716, False, 8, 4, 4628.818482569681, 4622.781326661521]
[19, 1, 0.09125000000000001, 0.013982434653505876, False, 8, 4, 4628.818482569681, 4622.781326661521]
[20, 1, 0.09125000000000001, 0.013628391500745197, False, 8, 4, 4628.818482569681, 4622.781326661521]
[21, 1, 0.09125000000000001, 0.013299948259748407, False, 8, 4, 4628.818482569681, 4622.781326661521]
[22, 1, 0.09125000000000001, 0.01299416144755314, False, 8, 4, 4628.818482569681, 4622.781326661521]
[23, 1, 0.09125000000000001, 0.012708540603026322, False, 8, 4, 4628.818482569681, 4622.781326661521]
[24, 1, 0.09125000000000001, 0.012440962412449713, False, 8, 4, 4628.818482569681, 4622.781326661521]
[25, 1, 0.09125000000000001, 0.012189603927858655, False, 8, 4, 4628.818482569681, 4622.781326661521]
[26, 1, 0.09125000000000001, 0.011952890055984334, False, 8, 4, 4628.818482569681, 4622.781326661521]
[27, 1, 0.09125000000000001, 0.01172945184844019, False, 8, 4, 4628.818482569681, 4622.781326661521]
[28, 1, 0.09125000000000001, 0.011518093061960758, False, 8, 4, 4628.818482569681, 4622.781326661521]
[29, 1, 0.09125000000000001, 0.011317763118140162, False, 8, 4, 4628.818482569681, 4622.781326661521]
[30, 1, 0.09125000000000001, 0.011127535063902934, False, 8, 4, 4628.818482569681, 4622.781326661521]
[31, 1, 0.09125000000000001, 0.010946587475249077, False, 8, 4, 4628.818482569681, 4622.781326661521]
[32, 1, 0.09125000000000001, 0.010774189496708789, False, 8, 4, 4628.818482569681, 4622.781326661521]
[33, 1, 0.09125000000000001, 0.010609688393950009, False, 8, 4, 4628.818482569681, 4622.781326661521]
[34, 1, 0.09125000000000001, 0.010452499135376637, False, 8, 4, 4628.818482569681, 4622.781326661521]
[35, 1, 0.09125000000000001, 0.01030209562308518, False, 8, 4, 4628.818482569681, 4622.781326661521]
[36, 1, 0.09125000000000001, 0.010158003273215546, False, 8, 4, 4628.818482569681, 4622.781326661521]
[37, 1, 0.09125000000000001, 0.010019792706966842, False, 8, 4, 4628.818482569681, 4622.781326661521]
[5, 2, 0.09125000000000001, 0.027256783001490394, False, 2, 1, 2581.2252356430263, 2580.7903515463922]
[5, 2, 0.09125000000000001, 0.027256783001490394, False, 4, 2, 2567.715440170732, 2566.8237536905144]
[5, 2, 0.09125000000000001, 0.027256783001490394, False, 6, 3, 25961.34096406722, 2399.117072170949]
[5, 2, 0.09125000000000001, 0.027256783001490394, False, 8, 4, 25754.56605320815, 2236.7328622727237]
[6, 2, 0.09125000000000001, 0.024881924824899426, False, 2, 1, 3020.043441504323, 3019.3819049885806]
[6, 2, 0.09125000000000001, 0.024881924824899426, False, 4, 2, 3074.7832645731746, 3073.4378470180723]
[6, 2, 0.09125000000000001, 0.024881924824899426, False, 6, 3, 25912.63023543558, 2893.5172662972486]
[6, 2, 0.09125000000000001, 0.024881924824899426, False, 8, 4, 25691.398565749787, 2700.090447685216]
[7, 2, 0.09125000000000001, 0.023036186123921516, False, 2, 1, 3434.500254830617, 3433.559539287109]
[7, 2, 0.09125000000000001, 0.023036186123921516, False, 4, 2, 3574.3582565486063, 3572.45105405914]
[7, 2, 0.09125000000000001, 0.023036186123921516, False, 6, 3, 25862.806316050017, 3389.1660570421536]
[7, 2, 0.09125000000000001, 0.023036186123921516, False, 8, 4, 25626.91285971156, 3166.0216721396205]
[8, 2, 0.09125000000000001, 0.021548378993417577, False, 2, 1, 3824.5137932653615, 3823.2414971266776]
[8, 2, 0.09125000000000001, 0.021548378993417577, False, 4, 2, 4059.463208037721, 4056.8808435184333]
[8, 2, 0.09125000000000001, 0.021548378993417577, False, 6, 3, 3889.173472297274, 3885.238343412245]
[8, 2, 0.09125000000000001, 0.021548378993417577, False, 8, 4, 25560.582709186296, 3633.8883663791557]
[9, 2, 0.09125000000000001, 0.020316006546431092, False, 2, 1, 4191.834304336221, 4190.17935040464]
[9, 2, 0.09125000000000001, 0.020316006546431092, False, 4, 2, 4534.323696982586, 4530.949098663066]
[9, 2, 0.09125000000000001, 0.020316006546431092, False, 6, 3, 4381.1317874512615, 4376.0036122776555]
[9, 2, 0.09125000000000001, 0.020316006546431092, False, 8, 4, 25491.974703351538, 4103.130679114344]
[10, 2, 0.09125000000000001, 0.019273456093684076, False, 2, 1, 4537.950685198137, 4535.86394388445]
[10, 2, 0.09125000000000001, 0.019273456093684076, False, 4, 2, 5002.602652951865, 4998.314947774757]
[10, 2, 0.09125000000000001, 0.019273456093684076, False, 6, 3, 4864.575460283035, 4858.061960953868]
[10, 2, 0.09125000000000001, 0.019273456093684076, False, 8, 4, 25420.704729393787, 4573.197950080171]
[11, 2, 0.09125000000000001, 0.01837651935079526, False, 2, 1, 4865.2648113631885, 4862.699495072376]
[11, 2, 0.09125000000000001, 0.01837651935079526, False, 4, 2, 5459.976350368551, 5454.652658587843]
[11, 2, 0.09125000000000001, 0.01837651935079526, False, 6, 3, 5344.031572384847, 5335.934661913965]
[11, 2, 0.09125000000000001, 0.01837651935079526, False, 8, 4, 25346.41320600835, 5043.702784419928]
[12, 2, 0.09125000000000001, 0.017594177772660285, False, 2, 1, 5175.433966937687, 5172.345743892274]
[12, 2, 0.09125000000000001, 0.017594177772660285, False, 4, 2, 5906.241855987712, 5899.757946328364]
[12, 2, 0.09125000000000001, 0.017594177772660285, False, 6, 3, 5818.992923988462, 5809.1068525671935]
[12, 2, 0.09125000000000001, 0.017594177772660285, False, 8, 4, 5526.557688632947, 5514.240108923673]
[13, 2, 0.09125000000000001, 0.01690393922672755, False, 2, 1, 5469.343753844921, 5466.296972972931]
[13, 2, 0.09125000000000001, 0.01690393922672755, False, 4, 2, 6335.219951868408, 6327.454560388122]
[13, 2, 0.09125000000000001, 0.01690393922672755, False, 6, 3, 6289.019032625303, 6277.130615162996]
[13, 2, 0.09125000000000001, 0.01690393922672755, False, 8, 4, 5999.260100307702, 5984.433654618222]
[14, 2, 0.09125000000000001, 0.016289043420900352, False, 2, 1, 5749.416653543375, 5745.890993705016]
[14, 2, 0.09125000000000001, 0.016289043420900352, False, 4, 2, 6750.956906336067, 6741.788648012312]
[14, 2, 0.09125000000000001, 0.016289043420900352, False, 6, 3, 6747.031031644185, 6732.924530856999]
[14, 2, 0.09125000000000001, 0.016289043420900352, False, 8, 4, 6461.435009241128, 6443.837428047209]
[15, 2, 0.09125000000000001, 0.015736711003153693, False, 8, 4, 6461.435009241128, 6443.837428047209]
[16, 2, 0.09125000000000001, 0.015237004909823318, False, 8, 4, 6461.435009241128, 6443.837428047209]
[17, 2, 0.09125000000000001, 0.01478206603794269, False, 8, 4, 6461.435009241128, 6443.837428047209]
[18, 2, 0.09125000000000001, 0.014365585995611716, False, 8, 4, 6461.435009241128, 6443.837428047209]
[19, 2, 0.09125000000000001, 0.013982434653505876, False, 8, 4, 6461.435009241128, 6443.837428047209]
[20, 2, 0.09125000000000001, 0.013628391500745197, False, 8, 4, 6461.435009241128, 6443.837428047209]
[21, 2, 0.09125000000000001, 0.013299948259748407, False, 8, 4, 6461.435009241128, 6443.837428047209]
[22, 2, 0.09125000000000001, 0.01299416144755314, False, 8, 4, 6461.435009241128, 6443.837428047209]
[23, 2, 0.09125000000000001, 0.012708540603026322, False, 8, 4, 6461.435009241128, 6443.837428047209]
[24, 2, 0.09125000000000001, 0.012440962412449713, False, 8, 4, 6461.435009241128, 6443.837428047209]
[25, 2, 0.09125000000000001, 0.012189603927858655, False, 8, 4, 6461.435009241128, 6443.837428047209]
[26, 2, 0.09125000000000001, 0.011952890055984334, False, 8, 4, 6461.435009241128, 6443.837428047209]
[27, 2, 0.09125000000000001, 0.01172945184844019, False, 8, 4, 6461.435009241128, 6443.837428047209]
[28, 2, 0.09125000000000001, 0.011518093061960758, False, 8, 4, 6461.435009241128, 6443.837428047209]
[29, 2, 0.09125000000000001, 0.011317763118140162, False, 8, 4, 6461.435009241128, 6443.837428047209]
[30, 2, 0.09125000000000001, 0.011127535063902934, False, 8, 4, 6461.435009241128, 6443.837428047209]
[31, 2, 0.09125000000000001, 0.010946587475249077, False, 8, 4, 6461.435009241128, 6443.837428047209]
[32, 2, 0.09125000000000001, 0.010774189496708789, False, 8, 4, 6461.435009241128, 6443.837428047209]
[33, 2, 0.09125000000000001, 0.010609688393950009, False, 8, 4, 6461.435009241128, 6443.837428047209]
[34, 2, 0.09125000000000001, 0.010452499135376637, False, 8, 4, 6461.435009241128, 6443.837428047209]
[35, 2, 0.09125000000000001, 0.01030209562308518, False, 8, 4, 6461.435009241128, 6443.837428047209]
[36, 2, 0.09125000000000001, 0.010158003273215546, False, 8, 4, 6461.435009241128, 6443.837428047209]
[37, 2, 0.09125000000000001, 0.010019792706966842, False, 8, 4, 6461.435009241128, 6443.837428047209]
[5, 3, 0.09125000000000001, 0.027256783001490394, False, 2, 1, 3313.593687763815, 3312.6253141105376]
[5, 3, 0.09125000000000001, 0.027256783001490394, False, 4, 2, 3284.773338898926, 3282.8687832991827]
[5, 3, 0.09125000000000001, 0.027256783001490394, False, 6, 3, 25201.607843474725, 3007.451039701101]
[5, 3, 0.09125000000000001, 0.027256783001490394, False, 8, 4, 24782.74209325133, 2751.5463459578687]
[6, 3, 0.09125000000000001, 0.024881924824899426, False, 2, 1, 3823.823997598382, 3822.4100089279964]
[6, 3, 0.09125000000000001, 0.024881924824899426, False, 4, 2, 3903.668629739257, 3900.846627462342]
[6, 3, 0.09125000000000001, 0.024881924824899426, False, 6, 3, 25101.833881225324, 3608.1385359893807]
[6, 3, 0.09125000000000001, 0.024881924824899426, False, 8, 4, 24657.16438605326, 3305.9638490264288]
[7, 3, 0.09125000000000001, 0.023036186123921516, False, 2, 1, 4293.5140244954655, 4291.577844002678]
[7, 3, 0.09125000000000001, 0.023036186123921516, False, 4, 2, 4504.130901754579, 4500.205588152911]
[7, 3, 0.09125000000000001, 0.023036186123921516, False, 6, 3, 25000.489257273, 4204.397487717167]
[7, 3, 0.09125000000000001, 0.023036186123921516, False, 8, 4, 24530.076492679764, 3858.718468777825]
[8, 3, 0.09125000000000001, 0.021548378993417577, False, 2, 1, 4724.393762443343, 4721.865938761056]
[8, 3, 0.09125000000000001, 0.021548378993417577, False, 4, 2, 5076.120271178303, 5070.912116725204]
[8, 3, 0.09125000000000001, 0.021548378993417577, False, 6, 3, 4803.249789529048, 4795.294481130421]
[8, 3, 0.09125000000000001, 0.021548378993417577, False, 8, 4, 24400.501242686005, 4409.079215674319]
[9, 3, 0.09125000000000001, 0.020316006546431092, False, 2, 1, 5120.230843302418, 5117.581541800864]
[9, 3, 0.09125000000000001, 0.020316006546431092, False, 4, 2, 5627.373101624287, 5620.701792217695]
[9, 3, 0.09125000000000001, 0.020316006546431092, False, 6, 3, 5382.680659407929, 5372.454673399775]
[9, 3, 0.09125000000000001, 0.020316006546431092, False, 8, 4, 24267.67636579911, 4956.397429198706]
[10, 3, 0.09125000000000001, 0.019273456093684076, False, 2, 1, 5485.48876550624, 5482.2734416766725]
[10, 3, 0.09125000000000001, 0.019273456093684076, False, 4, 2, 6164.4305228738895, 6156.11292791555]
[10, 3, 0.09125000000000001, 0.019273456093684076, False, 6, 3, 5944.092289055879, 5931.285803594291]
[10, 3, 0.09125000000000001, 0.019273456093684076, False, 8, 4, 24130.963968347063, 5500.017165388024]
[11, 3, 0.09125000000000001, 0.01837651935079526, False, 2, 1, 5824.249563987417, 5820.436339846947]
[11, 3, 0.09125000000000001, 0.01837651935079526, False, 4, 2, 6681.210519351386, 6671.073355304632]
[11, 3, 0.09125000000000001, 0.01837651935079526, False, 6, 3, 6494.765714069689, 6479.0624062665565]
[11, 3, 0.09125000000000001, 0.01837651935079526, False, 8, 4, 24003.99513975968, 6040.420901582707]
[12, 3, 0.09125000000000001, 0.017594177772660285, False, 2, 1, 6139.604863253728, 6135.166759565282]
[12, 3, 0.09125000000000001, 0.017594177772660285, False, 4, 2, 7178.016807185309, 7165.892796199398]
[12, 3, 0.09125000000000001, 0.017594177772660285, False, 6, 3, 7034.275050959247, 7015.35609004855]
[12, 3, 0.09125000000000001, 0.017594177772660285, False, 8, 4, 6599.248487711041, 6576.49339092646]
[13, 3, 0.09125000000000001, 0.01690393922672755, False, 2, 1, 6434.199976319353, 6429.114178561077]
[13, 3, 0.09125000000000001, 0.01690393922672755, False, 4, 2, 7646.457188707362, 7632.201425598837]
[13, 3, 0.09125000000000001, 0.01690393922672755, False, 6, 3, 7562.282917652596, 7539.8272928479]
[13, 3, 0.09125000000000001, 0.01690393922672755, False, 8, 4, 7134.881598121326, 7107.734364408638]
[14, 3, 0.09125000000000001, 0.016289043420900352, False, 2, 1, 6710.2989388760425, 6704.546133594085]
[14, 3, 0.09125000000000001, 0.016289043420900352, False, 4, 2, 8093.272063658692, 8076.740498923038]
[14, 3, 0.09125000000000001, 0.016289043420900352, False, 6, 3, 8068.93809539452, 8042.646155488566]
[14, 3, 0.09125000000000001, 0.016289043420900352, False, 8, 4, 7651.496116584021, 7619.586094747947]
[15, 3, 0.09125000000000001, 0.015736711003153693, False, 8, 4, 7651.496116584021, 7619.586094747947]
[16, 3, 0.09125000000000001, 0.015237004909823318, False, 8, 4, 7651.496116584021, 7619.586094747947]
[17, 3, 0.09125000000000001, 0.01478206603794269, False, 8, 4, 7651.496116584021, 7619.586094747947]
[18, 3, 0.09125000000000001, 0.014365585995611716, False, 8, 4, 7651.496116584021, 7619.586094747947]
[19, 3, 0.09125000000000001, 0.013982434653505876, False, 8, 4, 7651.496116584021, 7619.586094747947]
[20, 3, 0.09125000000000001, 0.013628391500745197, False, 8, 4, 7651.496116584021, 7619.586094747947]
[21, 3, 0.09125000000000001, 0.013299948259748407, False, 8, 4, 7651.496116584021, 7619.586094747947]
[22, 3, 0.09125000000000001, 0.01299416144755314, False, 8, 4, 7651.496116584021, 7619.586094747947]
[23, 3, 0.09125000000000001, 0.012708540603026322, False, 8, 4, 7651.496116584021, 7619.586094747947]
[24, 3, 0.09125000000000001, 0.012440962412449713, False, 8, 4, 7651.496116584021, 7619.586094747947]
[25, 3, 0.09125000000000001, 0.012189603927858655, False, 8, 4, 7651.496116584021, 7619.586094747947]
[26, 3, 0.09125000000000001, 0.011952890055984334, False, 8, 4, 7651.496116584021, 7619.586094747947]
[27, 3, 0.09125000000000001, 0.01172945184844019, False, 8, 4, 7651.496116584021, 7619.586094747947]
[28, 3, 0.09125000000000001, 0.011518093061960758, False, 8, 4, 7651.496116584021, 7619.586094747947]
[29, 3, 0.09125000000000001, 0.011317763118140162, False, 8, 4, 7651.496116584021, 7619.586094747947]
[30, 3, 0.09125000000000001, 0.011127535063902934, False, 8, 4, 7651.496116584021, 7619.586094747947]
[31, 3, 0.09125000000000001, 0.010946587475249077, False, 8, 4, 7651.496116584021, 7619.586094747947]
[32, 3, 0.09125000000000001, 0.010774189496708789, False, 8, 4, 7651.496116584021, 7619.586094747947]
[33, 3, 0.09125000000000001, 0.010609688393950009, False, 8, 4, 7651.496116584021, 7619.586094747947]
[34, 3, 0.09125000000000001, 0.010452499135376637, False, 8, 4, 7651.496116584021, 7619.586094747947]
[35, 3, 0.09125000000000001, 0.01030209562308518, False, 8, 4, 7651.496116584021, 7619.586094747947]
[36, 3, 0.09125000000000001, 0.010158003273215546, False, 8, 4, 7651.496116584021, 7619.586094747947]
[37, 3, 0.09125000000000001, 0.010019792706966842, False, 8, 4, 7651.496116584021, 7619.586094747947]
[5, 4, 0.09125000000000001, 0.027256783001490394, False, 2, 1, 3873.716403874568, 3872.0964463085365]
[5, 4, 0.09125000000000001, 0.027256783001490394, False, 4, 2, 3826.096687603351, 3822.998198421453]
[5, 4, 0.09125000000000001, 0.027256783001490394, False, 6, 3, 24133.236561761885, 3448.0765870412442]
[5, 4, 0.09125000000000001, 0.027256783001490394, False, 8, 4, 23530.713297846018, 3112.5159880231745]
[6, 4, 0.09125000000000001, 0.024881924824899426, False, 2, 1, 4423.146940352326, 4420.854988456078]
[6, 4, 0.09125000000000001, 0.024881924824899426, False, 4, 2, 4520.276861322399, 4515.744614493298]
[6, 4, 0.09125000000000001, 0.024881924824899426, False, 6, 3, 23987.03734803082, 4120.615530446867]
[6, 4, 0.09125000000000001, 0.024881924824899426, False, 8, 4, 23353.778150486232, 3727.0908546693086]
[7, 4, 0.09125000000000001, 0.023036186123921516, False, 2, 1, 4918.671127429275, 4916.150605036539]
[7, 4, 0.09125000000000001, 0.023036186123921516, False, 4, 2, 5185.821306319514, 5179.600459596341]
[7, 4, 0.09125000000000001, 0.023036186123921516, False, 6, 3, 23841.03721041821, 4783.359053300039]
[7, 4, 0.09125000000000001, 0.023036186123921516, False, 8, 4, 23176.185370078932, 4336.071296835982]
[8, 4, 0.09125000000000001, 0.021548378993417577, False, 2, 1, 5365.116089710782, 5361.929304338183]
[8, 4, 0.09125000000000001, 0.021548378993417577, False, 4, 2, 5810.4339057894595, 5802.296000469677]
[8, 4, 0.09125000000000001, 0.021548378993417577, False, 6, 3, 5447.9140117636725, 5435.37546843223]
[8, 4, 0.09125000000000001, 0.021548378993417577, False, 8, 4, 22996.603982768298, 4938.738470603637]
[9, 4, 0.09125000000000001, 0.020316006546431092, False, 2, 1, 5768.8627403601095, 5764.970771119671]
[9, 4, 0.09125000000000001, 0.020316006546431092, False, 4, 2, 6405.333429684982, 6395.051458013297]
[9, 4, 0.09125000000000001, 0.020316006546431092, False, 6, 3, 6082.221506870752, 6066.257100215578]
[9, 4, 0.09125000000000001, 0.020316006546431092, False, 8, 4, 22814.04089511744, 5534.452784672607]
[10, 4, 0.09125000000000001, 0.019273456093684076, False, 2, 1, 6135.228140208286, 6130.601599905493]
[10, 4, 0.09125000000000001, 0.019273456093684076, False, 4, 2, 6979.648564318844, 6966.9919865970005]
[10, 4, 0.09125000000000001, 0.019273456093684076, False, 6, 3, 6690.4629036722645, 6670.664812393801]
[10, 4, 0.09125000000000001, 0.019273456093684076, False, 8, 4, 22627.70546305097, 6122.550265982344]
[11, 4, 0.09125000000000001, 0.01837651935079526, False, 2, 1, 6470.45371200375, 6465.069396997301]
[11, 4, 0.09125000000000001, 0.01837651935079526, False, 4, 2, 7526.9092670259415, 7510.876957268869]
[11, 4, 0.09125000000000001, 0.01837651935079526, False, 6, 3, 7282.35638475241, 7258.307430144636]
[11, 4, 0.09125000000000001, 0.01837651935079526, False, 8, 4, 6731.470819974587, 6702.634754506344]
[12, 4, 0.09125000000000001, 0.017594177772660285, False, 2, 1, 6778.760596076893, 6772.600683413091]
[12, 4, 0.09125000000000001, 0.017594177772660285, False, 4, 2, 8047.7490263168975, 8028.787373546585]
[12, 4, 0.09125000000000001, 0.017594177772660285, False, 6, 3, 7857.675194401551, 7828.963647379438]
[12, 4, 0.09125000000000001, 0.017594177772660285, False, 8, 4, 7308.554353146501, 7273.897248532341]
[13, 4, 0.09125000000000001, 0.01690393922672755, False, 2, 1, 7063.6486296318335, 7056.699436854723]
[13, 4, 0.09125000000000001, 0.01690393922672755, False, 4, 2, 8531.914826290445, 8509.857244685589]
[13, 4, 0.09125000000000001, 0.01690393922672755, False, 6, 3, 8415.394326377786, 8382.507693770534]
[13, 4, 0.09125000000000001, 0.01690393922672755, False, 8, 4, 7873.1954566836275, 7832.098136200966]
[14, 4, 0.09125000000000001, 0.016289043420900352, False, 2, 1, 7328.029944103079, 7320.280923389874]
[14, 4, 0.09125000000000001, 0.016289043420900352, False, 4, 2, 8988.494645445027, 8963.174040594724]
[14, 4, 0.09125000000000001, 0.016289043420900352, False, 6, 3, 8945.306048956505, 8907.1476009286]
[14, 4, 0.09125000000000001, 0.016289043420900352, False, 8, 4, 8411.243241600292, 8363.204038816113]
[15, 4, 0.09125000000000001, 0.015736711003153693, False, 8, 4, 8411.243241600292, 8363.204038816113]
[16, 4, 0.09125000000000001, 0.015237004909823318, False, 8, 4, 8411.243241600292, 8363.204038816113]
[17, 4, 0.09125000000000001, 0.01478206603794269, False, 8, 4, 8411.243241600292, 8363.204038816113]
[18, 4, 0.09125000000000001, 0.014365585995611716, False, 8, 4, 8411.243241600292, 8363.204038816113]
[19, 4, 0.09125000000000001, 0.013982434653505876, False, 8, 4, 8411.243241600292, 8363.204038816113]
[20, 4, 0.09125000000000001, 0.013628391500745197, False, 8, 4, 8411.243241600292, 8363.204038816113]
[21, 4, 0.09125000000000001, 0.013299948259748407, False, 8, 4, 8411.243241600292, 8363.204038816113]
[22, 4, 0.09125000000000001, 0.01299416144755314, False, 8, 4, 8411.243241600292, 8363.204038816113]
[23, 4, 0.09125000000000001, 0.012708540603026322, False, 8, 4, 8411.243241600292, 8363.204038816113]
[24, 4, 0.09125000000000001, 0.012440962412449713, False, 8, 4, 8411.243241600292, 8363.204038816113]
[25, 4, 0.09125000000000001, 0.012189603927858655, False, 8, 4, 8411.243241600292, 8363.204038816113]
[26, 4, 0.09125000000000001, 0.011952890055984334, False, 8, 4, 8411.243241600292, 8363.204038816113]
[27, 4, 0.09125000000000001, 0.01172945184844019, False, 8, 4, 8411.243241600292, 8363.204038816113]
[28, 4, 0.09125000000000001, 0.011518093061960758, False, 8, 4, 8411.243241600292, 8363.204038816113]
[29, 4, 0.09125000000000001, 0.011317763118140162, False, 8, 4, 8411.243241600292, 8363.204038816113]
[30, 4, 0.09125000000000001, 0.011127535063902934, False, 8, 4, 8411.243241600292, 8363.204038816113]
[31, 4, 0.09125000000000001, 0.010946587475249077, False, 8, 4, 8411.243241600292, 8363.204038816113]
[32, 4, 0.09125000000000001, 0.010774189496708789, False, 8, 4, 8411.243241600292, 8363.204038816113]
[33, 4, 0.09125000000000001, 0.010609688393950009, False, 8, 4, 8411.243241600292, 8363.204038816113]
[34, 4, 0.09125000000000001, 0.010452499135376637, False, 8, 4, 8411.243241600292, 8363.204038816113]
[35, 4, 0.09125000000000001, 0.01030209562308518, False, 8, 4, 8411.243241600292, 8363.204038816113]
[36, 4, 0.09125000000000001, 0.010158003273215546, False, 8, 4, 8411.243241600292, 8363.204038816113]
[37, 4, 0.09125000000000001, 0.010019792706966842, False, 8, 4, 8411.243241600292, 8363.204038816113]
[5, 5, 0.09125000000000001, 0.027256783001490394, False, 2, 1, 4297.344555407087, 4295.034964103909]
[5, 5, 0.09125000000000001, 0.027256783001490394, False, 4, 2, 4230.693368078965, 4226.336820325727]
[5, 5, 0.09125000000000001, 0.027256783001490394, False, 6, 3, 22953.367003194675, 3769.9141190331825]
[5, 5, 0.09125000000000001, 0.027256783001490394, False, 8, 4, 22073.22381325716, 3366.411996250333]
[6, 5, 0.09125000000000001, 0.024881924824899426, False, 2, 1, 4866.991678985804, 4864.381200569897]
[6, 5, 0.09125000000000001, 0.024881924824899426, False, 4, 2, 4976.29406690102, 4969.981797145085]
[6, 5, 0.09125000000000001, 0.024881924824899426, False, 6, 3, 22748.40849307137, 4491.092872175055]
[6, 5, 0.09125000000000001, 0.024881924824899426, False, 8, 4, 21764.937630549142, 4017.779631109683]
[7, 5, 0.09125000000000001, 0.023036186123921516, False, 2, 1, 5374.169717220736, 5370.782136107665]
[7, 5, 0.09125000000000001, 0.023036186123921516, False, 4, 2, 5684.7895722510075, 5676.207965964255]
[7, 5, 0.09125000000000001, 0.023036186123921516, False, 6, 3, 5210.052732440685, 5197.444878708504]
[7, 5, 0.09125000000000001, 0.023036186123921516, False, 8, 4, 21461.42084425664, 4659.198831193026]
[8, 5, 0.09125000000000001, 0.021548378993417577, False, 2, 1, 5824.31659963057, 5820.108672603693]
[8, 5, 0.09125000000000001, 0.021548378993417577, False, 4, 2, 6342.957819144153, 6331.164703815592]
[8, 5, 0.09125000000000001, 0.021548378993417577, False, 6, 3, 5904.811440218397, 5888.215138516092]
[8, 5, 0.09125000000000001, 0.021548378993417577, False, 8, 4, 21160.27736334293, 5290.002020275729]
[9, 5, 0.09125000000000001, 0.020316006546431092, False, 2, 1, 6226.279026402685, 6221.220519657916]
[9, 5, 0.09125000000000001, 0.020316006546431092, False, 4, 2, 6963.888684592568, 6949.141104534172]
[9, 5, 0.09125000000000001, 0.020316006546431092, False, 6, 3, 6570.294082378581, 6549.195040482293]
[9, 5, 0.09125000000000001, 0.020316006546431092, False, 8, 4, 20859.83458535216, 5909.587532268079]
[10, 5, 0.09125000000000001, 0.019273456093684076, False, 2, 1, 6586.830718598254, 6580.901872610885]
[10, 5, 0.09125000000000001, 0.019273456093684076, False, 4, 2, 7559.439296442766, 7541.451220805602]
[10, 5, 0.09125000000000001, 0.019273456093684076, False, 6, 3, 7201.012624138437, 7174.930774202313]
[10, 5, 0.09125000000000001, 0.019273456093684076, False, 8, 4, 6549.341894590769, 6517.309178913221]
[11, 5, 0.09125000000000001, 0.01837651935079526, False, 2, 1, 6913.539077818331, 6906.725602922854]
[11, 5, 0.09125000000000001, 0.01837651935079526, False, 4, 2, 8121.415892572045, 8099.940901687424]
[11, 5, 0.09125000000000001, 0.01837651935079526, False, 6, 3, 7809.99303536517, 7778.426592330246]
[11, 5, 0.09125000000000001, 0.01837651935079526, False, 8, 4, 7151.872293210628, 7112.812836661562]
[12, 5, 0.09125000000000001, 0.017594177772660285, False, 2, 1, 7211.429997313163, 7203.722297583689]
[12, 5, 0.09125000000000001, 0.017594177772660285, False, 4, 2, 8651.426918689747, 8626.238647961194]
[12, 5, 0.09125000000000001, 0.017594177772660285, False, 6, 3, 8397.253497892227, 8359.710298049366]
[12, 5, 0.09125000000000001, 0.017594177772660285, False, 8, 4, 7742.507353071694, 7695.667458900538]
[13, 5, 0.09125000000000001, 0.01690393922672755, False, 2, 1, 7484.581475311833, 7475.973167400196]
[13, 5, 0.09125000000000001, 0.01690393922672755, False, 4, 2, 9138.518149324387, 9109.455423294345]
[13, 5, 0.09125000000000001, 0.01690393922672755, False, 6, 3, 8962.90024272293, 8918.897667502428]
[13, 5, 0.09125000000000001, 0.01690393922672755, False, 8, 4, 8320.84901801573, 8265.47225165636]
[14, 5, 0.09125000000000001, 0.016289043420900352, False, 2, 1, 7736.5694964874465, 7727.057472047872]
[14, 5, 0.09125000000000001, 0.016289043420900352, False, 4, 2, 9593.682405288037, 9560.57753358806]
[14, 5, 0.09125000000000001, 0.016289043420900352, False, 6, 3, 9493.81675363636, 9442.967023537349]
[14, 5, 0.09125000000000001, 0.016289043420900352, False, 8, 4, 8867.420897529151, 8802.904925820767]
[15, 5, 0.09125000000000001, 0.015736711003153693, False, 8, 4, 8867.420897529151, 8802.904925820767]
[16, 5, 0.09125000000000001, 0.015237004909823318, False, 8, 4, 8867.420897529151, 8802.904925820767]
[17, 5, 0.09125000000000001, 0.01478206603794269, False, 8, 4, 8867.420897529151, 8802.904925820767]
[18, 5, 0.09125000000000001, 0.014365585995611716, False, 8, 4, 8867.420897529151, 8802.904925820767]
[19, 5, 0.09125000000000001, 0.013982434653505876, False, 8, 4, 8867.420897529151, 8802.904925820767]
[20, 5, 0.09125000000000001, 0.013628391500745197, False, 8, 4, 8867.420897529151, 8802.904925820767]
[21, 5, 0.09125000000000001, 0.013299948259748407, False, 8, 4, 8867.420897529151, 8802.904925820767]
[22, 5, 0.09125000000000001, 0.01299416144755314, False, 8, 4, 8867.420897529151, 8802.904925820767]
[23, 5, 0.09125000000000001, 0.012708540603026322, False, 8, 4, 8867.420897529151, 8802.904925820767]
[24, 5, 0.09125000000000001, 0.012440962412449713, False, 8, 4, 8867.420897529151, 8802.904925820767]
[25, 5, 0.09125000000000001, 0.012189603927858655, False, 8, 4, 8867.420897529151, 8802.904925820767]
[26, 5, 0.09125000000000001, 0.011952890055984334, False, 8, 4, 8867.420897529151, 8802.904925820767]
[27, 5, 0.09125000000000001, 0.01172945184844019, False, 8, 4, 8867.420897529151, 8802.904925820767]
[28, 5, 0.09125000000000001, 0.011518093061960758, False, 8, 4, 8867.420897529151, 8802.904925820767]
[29, 5, 0.09125000000000001, 0.011317763118140162, False, 8, 4, 8867.420897529151, 8802.904925820767]
[30, 5, 0.09125000000000001, 0.011127535063902934, False, 8, 4, 8867.420897529151, 8802.904925820767]
[31, 5, 0.09125000000000001, 0.010946587475249077, False, 8, 4, 8867.420897529151, 8802.904925820767]
[32, 5, 0.09125000000000001, 0.010774189496708789, False, 8, 4, 8867.420897529151, 8802.904925820767]
[33, 5, 0.09125000000000001, 0.010609688393950009, False, 8, 4, 8867.420897529151, 8802.904925820767]
[34, 5, 0.09125000000000001, 0.010452499135376637, False, 8, 4, 8867.420897529151, 8802.904925820767]
[35, 5, 0.09125000000000001, 0.01030209562308518, False, 8, 4, 8867.420897529151, 8802.904925820767]
[36, 5, 0.09125000000000001, 0.010158003273215546, False, 8, 4, 8867.420897529151, 8802.904925820767]
[37, 5, 0.09125000000000001, 0.010019792706966842, False, 8, 4, 8867.420897529151, 8802.904925820767]
[5, 6, 0.09125000000000001, 0.027256783001490394, False, 2, 1, 4618.014708584422, 4615.584703642523]
[5, 6, 0.09125000000000001, 0.027256783001490394, False, 4, 2, 4537.157045244298, 4531.0436633729505]
[5, 6, 0.09125000000000001, 0.027256783001490394, False, 6, 3, 21439.117036256466, 3998.3275937228377]
[5, 6, 0.09125000000000001, 0.027256783001490394, False, 8, 4, 20140.131797160775, 3536.589955312536]
[6, 6, 0.09125000000000001, 0.024881924824899426, False, 2, 1, 5198.386752307367, 5195.095071738159]
[6, 6, 0.09125000000000001, 0.024881924824899426, False, 4, 2, 5317.597845050456, 5308.8899023011845]
[6, 6, 0.09125000000000001, 0.024881924824899426, False, 6, 3, 21112.660616819197, 4748.279045562121]
[6, 6, 0.09125000000000001, 0.024881924824899426, False, 8, 4, 19784.06976268308, 4211.6404682554785]
[7, 6, 0.09125000000000001, 0.023036186123921516, False, 2, 1, 5708.9896756963435, 5704.778898101826]
[7, 6, 0.09125000000000001, 0.023036186123921516, False, 4, 2, 6053.803418705917, 6042.105545805147]
[7, 6, 0.09125000000000001, 0.023036186123921516, False, 6, 3, 5494.487068456894, 5478.282813851028]
[7, 6, 0.09125000000000001, 0.023036186123921516, False, 8, 4, 19437.39490931254, 4873.554439863742]
[8, 6, 0.09125000000000001, 0.021548378993417577, False, 2, 1, 6157.977030235937, 6152.81371018131]
[8, 6, 0.09125000000000001, 0.021548378993417577, False, 4, 2, 6730.368859199067, 6715.356556866968]
[8, 6, 0.09125000000000001, 0.021548378993417577, False, 6, 3, 6209.027756995135, 6187.746971615899]
[8, 6, 0.09125000000000001, 0.021548378993417577, False, 8, 4, 19107.084168595036, 5522.230157125352]
[9, 6, 0.09125000000000001, 0.020316006546431092, False, 2, 1, 6555.170124216588, 6549.033521414435]
[9, 6, 0.09125000000000001, 0.020316006546431092, False, 4, 2, 7361.081451355265, 7342.417484952074]
[9, 6, 0.09125000000000001, 0.020316006546431092, False, 6, 3, 6890.788536611719, 6863.812961453788]
[9, 6, 0.09125000000000001, 0.020316006546431092, False, 8, 4, 6189.927159476025, 6157.015658554088]
[10, 6, 0.09125000000000001, 0.019273456093684076, False, 2, 1, 6908.439764860076, 6901.319617025852]
[10, 6, 0.09125000000000001, 0.019273456093684076, False, 4, 2, 7962.006491643651, 7939.357139561475]
[10, 6, 0.09125000000000001, 0.019273456093684076, False, 6, 3, 7533.832833029773, 7500.603524191496]
[10, 6, 0.09125000000000001, 0.019273456093684076, False, 8, 4, 6817.912287073397, 6777.064051547244]
[11, 6, 0.09125000000000001, 0.01837651935079526, False, 2, 1, 7226.319740591801, 7218.209903522327]
[11, 6, 0.09125000000000001, 0.01837651935079526, False, 4, 2, 8524.397685789705, 8497.483302115339]
[11, 6, 0.09125000000000001, 0.01837651935079526, False, 6, 3, 8151.384043161737, 8111.303043157696]
[11, 6, 0.09125000000000001, 0.01837651935079526, False, 8, 4, 7431.768906456292, 7382.071518246367]
[12, 6, 0.09125000000000001, 0.017594177772660285, False, 2, 1, 7514.391507751538, 7505.289459628259]
[12, 6, 0.09125000000000001, 0.017594177772660285, False, 4, 2, 9050.461782841658, 9019.026603209775]
[12, 6, 0.09125000000000001, 0.017594177772660285, False, 6, 3, 8744.078181815376, 8696.56893538854]
[12, 6, 0.09125000000000001, 0.017594177772660285, False, 8, 4, 8031.096522496614, 7971.643873503304]
[13, 6, 0.09125000000000001, 0.01690393922672755, False, 2, 1, 7777.115306584321, 7767.020609187862]
[13, 6, 0.09125000000000001, 0.01690393922672755, False, 4, 2, 9528.677211661108, 9492.551509544339]
[13, 6, 0.09125000000000001, 0.01690393922672755, False, 6, 3, 9312.761108673652, 9257.271641974658]
[13, 6, 0.09125000000000001, 0.01690393922672755, False, 8, 4, 8615.529921559808, 8545.414389542217]
[14, 6, 0.09125000000000001, 0.016289043420900352, False, 2, 1, 8018.081824664071, 8006.995018081918]
[14, 6, 0.09125000000000001, 0.016289043420900352, False, 4, 2, 9971.510611667947, 9930.50866792935]
[14, 6, 0.09125000000000001, 0.016289043420900352, False, 6, 3, 9842.743982446369, 9778.846902089552]
[14, 6, 0.09125000000000001, 0.016289043420900352, False, 8, 4, 9164.325562803599, 9082.86074982908]
[15, 6, 0.09125000000000001, 0.015736711003153693, False, 8, 4, 9164.325562803599, 9082.86074982908]
[16, 6, 0.09125000000000001, 0.015237004909823318, False, 8, 4, 9164.325562803599, 9082.86074982908]
[17, 6, 0.09125000000000001, 0.01478206603794269, False, 8, 4, 9164.325562803599, 9082.86074982908]
[18, 6, 0.09125000000000001, 0.014365585995611716, False, 8, 4, 9164.325562803599, 9082.86074982908]
[19, 6, 0.09125000000000001, 0.013982434653505876, False, 8, 4, 9164.325562803599, 9082.86074982908]
[20, 6, 0.09125000000000001, 0.013628391500745197, False, 8, 4, 9164.325562803599, 9082.86074982908]
[21, 6, 0.09125000000000001, 0.013299948259748407, False, 8, 4, 9164.325562803599, 9082.86074982908]
[22, 6, 0.09125000000000001, 0.01299416144755314, False, 8, 4, 9164.325562803599, 9082.86074982908]
[23, 6, 0.09125000000000001, 0.012708540603026322, False, 8, 4, 9164.325562803599, 9082.86074982908]
[24, 6, 0.09125000000000001, 0.012440962412449713, False, 8, 4, 9164.325562803599, 9082.86074982908]
[25, 6, 0.09125000000000001, 0.012189603927858655, False, 8, 4, 9164.325562803599, 9082.86074982908]
[26, 6, 0.09125000000000001, 0.011952890055984334, False, 8, 4, 9164.325562803599, 9082.86074982908]
[27, 6, 0.09125000000000001, 0.01172945184844019, False, 8, 4, 9164.325562803599, 9082.86074982908]
[28, 6, 0.09125000000000001, 0.011518093061960758, False, 8, 4, 9164.325562803599, 9082.86074982908]
[29, 6, 0.09125000000000001, 0.011317763118140162, False, 8, 4, 9164.325562803599, 9082.86074982908]
[30, 6, 0.09125000000000001, 0.011127535063902934, False, 8, 4, 9164.325562803599, 9082.86074982908]
[31, 6, 0.09125000000000001, 0.010946587475249077, False, 8, 4, 9164.325562803599, 9082.86074982908]
[32, 6, 0.09125000000000001, 0.010774189496708789, False, 8, 4, 9164.325562803599, 9082.86074982908]
[33, 6, 0.09125000000000001, 0.010609688393950009, False, 8, 4, 9164.325562803599, 9082.86074982908]
[34, 6, 0.09125000000000001, 0.010452499135376637, False, 8, 4, 9164.325562803599, 9082.86074982908]
[35, 6, 0.09125000000000001, 0.01030209562308518, False, 8, 4, 9164.325562803599, 9082.86074982908]
[36, 6, 0.09125000000000001, 0.010158003273215546, False, 8, 4, 9164.325562803599, 9082.86074982908]
[37, 6, 0.09125000000000001, 0.010019792706966842, False, 8, 4, 9164.325562803599, 9082.86074982908]
[5, 7, 0.09125000000000001, 0.027256783001490394, False, 2, 1, 4865.3945473951035, 4862.4503277860285]
[5, 7, 0.09125000000000001, 0.027256783001490394, False, 4, 2, 4762.12683516513, 4754.565349058927]
[5, 7, 0.09125000000000001, 0.027256783001490394, False, 6, 3, 19697.30319106768, 4159.531922343344]
[5, 7, 0.09125000000000001, 0.027256783001490394, False, 8, 4, 18314.06362740944, 3660.1327092129895]
[6, 7, 0.09125000000000001, 0.024881924824899426, False, 2, 1, 5451.061266237968, 5447.123742888643]
[6, 7, 0.09125000000000001, 0.024881924824899426, False, 4, 2, 5561.880561398288, 5551.154904275344]
[6, 7, 0.09125000000000001, 0.024881924824899426, False, 6, 3, 4943.867302204373, 4929.2918528406235]
[6, 7, 0.09125000000000001, 0.024881924824899426, False, 8, 4, 17946.443347130324, 4351.425828390637]
[7, 7, 0.09125000000000001, 0.023036186123921516, False, 2, 1, 5961.955497363101, 5956.973520060776]
[7, 7, 0.09125000000000001, 0.023036186123921516, False, 4, 2, 6310.876373312317, 6296.522867322697]
[7, 7, 0.09125000000000001, 0.023036186123921516, False, 6, 3, 5696.104986063136, 5676.1586340517815]
[7, 7, 0.09125000000000001, 0.023036186123921516, False, 8, 4, 17591.118212341593, 5026.960225573375]
[8, 7, 0.09125000000000001, 0.021548378993417577, False, 2, 1, 6406.791961382872, 6400.7389541626]
[8, 7, 0.09125000000000001, 0.021548378993417577, False, 4, 2, 6993.595436362978, 6975.246675437362]
[8, 7, 0.09125000000000001, 0.021548378993417577, False, 6, 3, 6425.24468664235, 6399.121108959461]
[8, 7, 0.09125000000000001, 0.021548378993417577, False, 8, 4, 5717.334710580263, 5686.167956243902]
[9, 7, 0.09125000000000001, 0.020316006546431092, False, 2, 1, 6797.34414290959, 6790.2070490749265]
[9, 7, 0.09125000000000001, 0.020316006546431092, False, 4, 2, 7629.054927386836, 7606.346462661349]
[9, 7, 0.09125000000000001, 0.020316006546431092, False, 6, 3, 7117.633585493509, 7084.611863645441]
[9, 7, 0.09125000000000001, 0.020316006546431092, False, 8, 4, 6368.848700032984, 6328.530997953295]
[10, 7, 0.09125000000000001, 0.019273456093684076, False, 2, 1, 7142.324394342131, 7134.100001453825]
[10, 7, 0.09125000000000001, 0.019273456093684076, False, 4, 2, 8231.72848462244, 8204.28322739568]
[10, 7, 0.09125000000000001, 0.019273456093684076, False, 6, 3, 7767.249854561234, 7726.692429079125]
[10, 7, 0.09125000000000001, 0.019273456093684076, False, 8, 4, 7003.440277973576, 6953.463099263874]
[11, 7, 0.09125000000000001, 0.01837651935079526, False, 2, 1, 7450.983655903541, 7441.671152334657]
[11, 7, 0.09125000000000001, 0.01837651935079526, False, 4, 2, 8792.515945614281, 8760.027109902732]
[11, 7, 0.09125000000000001, 0.01837651935079526, False, 6, 3, 8388.436868827506, 8339.657002628408]
[11, 7, 0.09125000000000001, 0.01837651935079526, False, 8, 4, 7621.402935051882, 7560.699024965811]
[12, 7, 0.09125000000000001, 0.017594177772660285, False, 2, 1, 7729.294758936405, 7718.895675539353]
[12, 7, 0.09125000000000001, 0.017594177772660285, False, 4, 2, 9314.077765353513, 9276.267630066823]
[12, 7, 0.09125000000000001, 0.017594177772660285, False, 6, 3, 8981.607751679592, 8923.942688007839]
[12, 7, 0.09125000000000001, 0.017594177772660285, False, 8, 4, 8220.201396323127, 8147.657652967351]
[13, 7, 0.09125000000000001, 0.01690393922672755, False, 2, 1, 7981.023919182665, 7969.5336029012215]
[13, 7, 0.09125000000000001, 0.01690393922672755, False, 4, 2, 9785.74074314488, 9742.455464539475]
[13, 7, 0.09125000000000001, 0.01690393922672755, False, 6, 3, 9547.243924205388, 9480.053439891379]
[13, 7, 0.09125000000000001, 0.01690393922672755, False, 8, 4, 8801.123373357537, 8715.66399377559]
[14, 7, 0.09125000000000001, 0.016289043420900352, False, 2, 1, 8209.115742209764, 8196.520381756736]
[14, 7, 0.09125000000000001, 0.016289043420900352, False, 4, 2, 10219.993635553039, 10171.045299522517]
[14, 7, 0.09125000000000001, 0.016289043420900352, False, 6, 3, 10070.931981975578, 9993.749101103898]
[14, 7, 0.09125000000000001, 0.016289043420900352, False, 8, 4, 9341.844921418719, 9243.629385495424]
[15, 7, 0.09125000000000001, 0.015736711003153693, False, 8, 4, 9341.844921418719, 9243.629385495424]
[16, 7, 0.09125000000000001, 0.015237004909823318, False, 8, 4, 9341.844921418719, 9243.629385495424]
[17, 7, 0.09125000000000001, 0.01478206603794269, False, 8, 4, 9341.844921418719, 9243.629385495424]
[18, 7, 0.09125000000000001, 0.014365585995611716, False, 8, 4, 9341.844921418719, 9243.629385495424]
[19, 7, 0.09125000000000001, 0.013982434653505876, False, 8, 4, 9341.844921418719, 9243.629385495424]
[20, 7, 0.09125000000000001, 0.013628391500745197, False, 8, 4, 9341.844921418719, 9243.629385495424]
[21, 7, 0.09125000000000001, 0.013299948259748407, False, 8, 4, 9341.844921418719, 9243.629385495424]
[22, 7, 0.09125000000000001, 0.01299416144755314, False, 8, 4, 9341.844921418719, 9243.629385495424]
[23, 7, 0.09125000000000001, 0.012708540603026322, False, 8, 4, 9341.844921418719, 9243.629385495424]
[24, 7, 0.09125000000000001, 0.012440962412449713, False, 8, 4, 9341.844921418719, 9243.629385495424]
[25, 7, 0.09125000000000001, 0.012189603927858655, False, 8, 4, 9341.844921418719, 9243.629385495424]
[26, 7, 0.09125000000000001, 0.011952890055984334, False, 8, 4, 9341.844921418719, 9243.629385495424]
[27, 7, 0.09125000000000001, 0.01172945184844019, False, 8, 4, 9341.844921418719, 9243.629385495424]
[28, 7, 0.09125000000000001, 0.011518093061960758, False, 8, 4, 9341.844921418719, 9243.629385495424]
[29, 7, 0.09125000000000001, 0.011317763118140162, False, 8, 4, 9341.844921418719, 9243.629385495424]
[30, 7, 0.09125000000000001, 0.011127535063902934, False, 8, 4, 9341.844921418719, 9243.629385495424]
[31, 7, 0.09125000000000001, 0.010946587475249077, False, 8, 4, 9341.844921418719, 9243.629385495424]
[32, 7, 0.09125000000000001, 0.010774189496708789, False, 8, 4, 9341.844921418719, 9243.629385495424]
[33, 7, 0.09125000000000001, 0.010609688393950009, False, 8, 4, 9341.844921418719, 9243.629385495424]
[34, 7, 0.09125000000000001, 0.010452499135376637, False, 8, 4, 9341.844921418719, 9243.629385495424]
[35, 7, 0.09125000000000001, 0.01030209562308518, False, 8, 4, 9341.844921418719, 9243.629385495424]
[36, 7, 0.09125000000000001, 0.010158003273215546, False, 8, 4, 9341.844921418719, 9243.629385495424]
[37, 7, 0.09125000000000001, 0.010019792706966842, False, 8, 4, 9341.844921418719, 9243.629385495424]
[5, 8, 0.09125000000000001, 0.027256783001490394, False, 2, 1, 5057.7055846178655, 5054.266948243904]
[5, 8, 0.09125000000000001, 0.027256783001490394, False, 4, 2, 4926.257375775896, 4917.19224795182]
[5, 8, 0.09125000000000001, 0.027256783001490394, False, 6, 3, 18078.791213398592, 4280.864322645453]
[5, 8, 0.09125000000000001, 0.027256783001490394, False, 8, 4, 16639.522631995, 3751.491498018194]
[6, 8, 0.09125000000000001, 0.024881924824899426, False, 2, 1, 5644.62482631659, 5640.069057474529]
[6, 8, 0.09125000000000001, 0.024881924824899426, False, 4, 2, 5739.814599828561, 5727.004833579613]
[6, 8, 0.09125000000000001, 0.024881924824899426, False, 6, 3, 5082.038273829841, 5064.609702325544]
[6, 8, 0.09125000000000001, 0.024881924824899426, False, 8, 4, 16259.755259816979, 4452.92964003216]
[7, 8, 0.09125000000000001, 0.023036186123921516, False, 2, 1, 6153.014536060069, 6147.295420721185]
[7, 8, 0.09125000000000001, 0.023036186123921516, False, 4, 2, 6497.876659263252, 6480.795991184916]
[7, 8, 0.09125000000000001, 0.023036186123921516, False, 6, 3, 5845.373049518886, 5821.57703231585]
[7, 8, 0.09125000000000001, 0.023036186123921516, False, 8, 4, 15870.522810167186, 5134.813610149964]
[8, 8, 0.09125000000000001, 0.021548378993417577, False, 2, 1, 6591.4551525650495, 6584.547351115353]
[8, 8, 0.09125000000000001, 0.021548378993417577, False, 4, 2, 7185.516098262548, 7163.769335220846]
[8, 8, 0.09125000000000001, 0.021548378993417577, False, 6, 3, 6582.54558928672, 6551.438669961852]
[8, 8, 0.09125000000000001, 0.021548378993417577, False, 8, 4, 5834.58636376006, 5797.34214114249]
[9, 8, 0.09125000000000001, 0.020316006546431092, False, 2, 1, 6972.404836557128, 6964.291252049361]
[9, 8, 0.09125000000000001, 0.020316006546431092, False, 4, 2, 7822.569441877518, 7795.758060353569]
[9, 8, 0.09125000000000001, 0.020316006546431092, False, 6, 3, 7279.4280049516265, 7240.185011857956]
[9, 8, 0.09125000000000001, 0.020316006546431092, False, 8, 4, 6487.596802438252, 6440.157567111756]
[10, 8, 0.09125000000000001, 0.019273456093684076, False, 2, 1, 7306.628121259017, 7297.305656304674]
[10, 8, 0.09125000000000001, 0.019273456093684076, False, 4, 2, 8424.530286033145, 8392.238973686506]
[10, 8, 0.09125000000000001, 0.019273456093684076, False, 6, 3, 7930.00809207624, 7881.911642867824]
[10, 8, 0.09125000000000001, 0.019273456093684076, False, 8, 4, 7121.557306538028, 7062.686888431375]
[11, 8, 0.09125000000000001, 0.01837651935079526, False, 2, 1, 7603.916551273295, 7593.382584842982]
[11, 8, 0.09125000000000001, 0.01837651935079526, False, 4, 2, 8982.066874995731, 8943.967947984287]
[11, 8, 0.09125000000000001, 0.01837651935079526, False, 6, 3, 8547.866857979521, 8490.107230944357]
[11, 8, 0.09125000000000001, 0.01837651935079526, False, 8, 4, 7736.219354066533, 7664.684563539931]
[12, 8, 0.09125000000000001, 0.017594177772660285, False, 2, 1, 7870.520854068936, 7858.773718367818]
[12, 8, 0.09125000000000001, 0.017594177772660285, False, 4, 2, 9498.206147854866, 9454.006904055854]
[12, 8, 0.09125000000000001, 0.017594177772660285, False, 6, 3, 9134.10819874122, 9065.911718606734]
[12, 8, 0.09125000000000001, 0.017594177772660285, False, 8, 4, 8331.220358265928, 8245.795692413101]
[13, 8, 0.09125000000000001, 0.01690393922672755, False, 2, 1, 8111.3280649892195, 8098.36566674098]
[13, 8, 0.09125000000000001, 0.01690393922672755, False, 4, 2, 9960.87958526394, 9910.419508594376]
[13, 8, 0.09125000000000001, 0.01690393922672755, False, 6, 3, 9690.104041933162, 9610.739249781322]
[13, 8, 0.09125000000000001, 0.01690393922672755, False, 8, 4, 8906.217752658295, 8805.68748072545]
[14, 8, 0.09125000000000001, 0.016289043420900352, False, 2, 1, 8330.19549059939, 8316.014399808699]
[14, 8, 0.09125000000000001, 0.016289043420900352, False, 4, 2, 10384.371109087584, 10327.457624329676]
[14, 8, 0.09125000000000001, 0.016289043420900352, False, 6, 3, 10201.215141150507, 10110.16317944613]
[14, 8, 0.09125000000000001, 0.016289043420900352, False, 8, 4, 9439.27561573269, 9322.797529219368]
[15, 8, 0.09125000000000001, 0.015736711003153693, False, 8, 4, 9439.27561573269, 9322.797529219368]
[16, 8, 0.09125000000000001, 0.015237004909823318, False, 8, 4, 9439.27561573269, 9322.797529219368]
[17, 8, 0.09125000000000001, 0.01478206603794269, False, 8, 4, 9439.27561573269, 9322.797529219368]
[18, 8, 0.09125000000000001, 0.014365585995611716, False, 8, 4, 9439.27561573269, 9322.797529219368]
[19, 8, 0.09125000000000001, 0.013982434653505876, False, 8, 4, 9439.27561573269, 9322.797529219368]
[20, 8, 0.09125000000000001, 0.013628391500745197, False, 8, 4, 9439.27561573269, 9322.797529219368]
[21, 8, 0.09125000000000001, 0.013299948259748407, False, 8, 4, 9439.27561573269, 9322.797529219368]
[22, 8, 0.09125000000000001, 0.01299416144755314, False, 8, 4, 9439.27561573269, 9322.797529219368]
[23, 8, 0.09125000000000001, 0.012708540603026322, False, 8, 4, 9439.27561573269, 9322.797529219368]
[24, 8, 0.09125000000000001, 0.012440962412449713, False, 8, 4, 9439.27561573269, 9322.797529219368]
[25, 8, 0.09125000000000001, 0.012189603927858655, False, 8, 4, 9439.27561573269, 9322.797529219368]
[26, 8, 0.09125000000000001, 0.011952890055984334, False, 8, 4, 9439.27561573269, 9322.797529219368]
[27, 8, 0.09125000000000001, 0.01172945184844019, False, 8, 4, 9439.27561573269, 9322.797529219368]
[28, 8, 0.09125000000000001, 0.011518093061960758, False, 8, 4, 9439.27561573269, 9322.797529219368]
[29, 8, 0.09125000000000001, 0.011317763118140162, False, 8, 4, 9439.27561573269, 9322.797529219368]
[30, 8, 0.09125000000000001, 0.011127535063902934, False, 8, 4, 9439.27561573269, 9322.797529219368]
[31, 8, 0.09125000000000001, 0.010946587475249077, False, 8, 4, 9439.27561573269, 9322.797529219368]
[32, 8, 0.09125000000000001, 0.010774189496708789, False, 8, 4, 9439.27561573269, 9322.797529219368]
[33, 8, 0.09125000000000001, 0.010609688393950009, False, 8, 4, 9439.27561573269, 9322.797529219368]
[34, 8, 0.09125000000000001, 0.010452499135376637, False, 8, 4, 9439.27561573269, 9322.797529219368]
[35, 8, 0.09125000000000001, 0.01030209562308518, False, 8, 4, 9439.27561573269, 9322.797529219368]
[36, 8, 0.09125000000000001, 0.010158003273215546, False, 8, 4, 9439.27561573269, 9322.797529219368]
[37, 8, 0.09125000000000001, 0.010019792706966842, False, 8, 4, 9439.27561573269, 9322.797529219368]
[5, 9, 0.09125000000000001, 0.027256783001490394, False, 2, 1, 5204.135618876361, 5200.204441494532]
[5, 9, 0.09125000000000001, 0.027256783001490394, False, 4, 2, 5052.822922300338, 5042.220299396053]
[5, 9, 0.09125000000000001, 0.027256783001490394, False, 6, 3, 4386.515600251434, 4372.433314434691]
[5, 9, 0.09125000000000001, 0.027256783001490394, False, 8, 4, 15032.701836360582, 3816.4694766078833]
[6, 9, 0.09125000000000001, 0.024881924824899426, False, 2, 1, 5787.402137069288, 5782.220134446527]
[6, 9, 0.09125000000000001, 0.024881924824899426, False, 4, 2, 5876.09511962998, 5861.16390430573]
[6, 9, 0.09125000000000001, 0.024881924824899426, False, 6, 3, 5184.867381809332, 5164.475737149109]
[6, 9, 0.09125000000000001, 0.024881924824899426, False, 8, 4, 14628.953786478676, 4522.194958483869]
[7, 9, 0.09125000000000001, 0.023036186123921516, False, 2, 1, 6289.197965764012, 6282.717052552658]
[7, 9, 0.09125000000000001, 0.023036186123921516, False, 4, 2, 6640.049940295397, 6620.206199364357]
[7, 9, 0.09125000000000001, 0.023036186123921516, False, 6, 3, 5952.952487287953, 5925.133359070836]
[7, 9, 0.09125000000000001, 0.023036186123921516, False, 8, 4, 5240.0917290770285, 5206.856612752176]
[8, 9, 0.09125000000000001, 0.021548378993417577, False, 2, 1, 6720.163794692056, 6712.363253609764]
[8, 9, 0.09125000000000001, 0.021548378993417577, False, 4, 2, 7328.561693264966, 7303.37151942486]
[8, 9, 0.09125000000000001, 0.021548378993417577, False, 6, 3, 6691.704015540504, 6655.365945818077]
[8, 9, 0.09125000000000001, 0.021548378993417577, False, 8, 4, 5913.626060010078, 5869.936793373308]
[9, 9, 0.09125000000000001, 0.020316006546431092, False, 2, 1, 7093.896258219018, 7084.767528242444]
[9, 9, 0.09125000000000001, 0.020316006546431092, False, 4, 2, 7963.58214532708, 7932.611568004249]
[9, 9, 0.09125000000000001, 0.020316006546431092, False, 6, 3, 7386.686468488131, 7340.886892819103]
[9, 9, 0.09125000000000001, 0.020316006546431092, False, 8, 4, 6566.517512554899, 6510.9577418445415]
[10, 9, 0.09125000000000001, 0.019273456093684076, False, 2, 1, 7420.239807347758, 7409.7825293714195]
[10, 9, 0.09125000000000001, 0.019273456093684076, False, 4, 2, 8561.438608060702, 8524.232757106824]
[10, 9, 0.09125000000000001, 0.019273456093684076, False, 6, 3, 8031.996009475122, 7975.924972090783]
[10, 9, 0.09125000000000001, 0.019273456093684076, False, 8, 4, 7198.550622144839, 7129.727823198857]
[11, 9, 0.09125000000000001, 0.01837651935079526, False, 2, 1, 7709.352375055124, 7697.565196918049]
[11, 9, 0.09125000000000001, 0.01837651935079526, False, 4, 2, 9112.67617401723, 9068.8856009437]
[11, 9, 0.09125000000000001, 0.01837651935079526, False, 6, 3, 8643.493346286894, 8576.270176775563]
[11, 9, 0.09125000000000001, 0.01837651935079526, False, 8, 4, 7810.153399414284, 7726.715135614782]
[12, 9, 0.09125000000000001, 0.017594177772660285, False, 2, 1, 7967.665760545721, 7954.547313881829]
[12, 9, 0.09125000000000001, 0.017594177772660285, False, 4, 2, 9620.51549393668, 9569.82989295633]
[12, 9, 0.09125000000000001, 0.017594177772660285, False, 6, 3, 9221.906876308103, 9142.691271470094]
[12, 9, 0.09125000000000001, 0.017594177772660285, False, 8, 4, 8400.20885811318, 8300.80053222231]
[13, 9, 0.09125000000000001, 0.01690393922672755, False, 2, 1, 8200.208689187228, 8185.756650003409]
[13, 9, 0.09125000000000001, 0.01690393922672755, False, 4, 2, 10070.363790224066, 10012.583430434153]
[13, 9, 0.09125000000000001, 0.01690393922672755, False, 6, 3, 9768.01253908487, 9676.000800961332]
[13, 9, 0.09125000000000001, 0.01690393922672755, False, 8, 4, 8968.389765908802, 8851.679718402063]
[14, 9, 0.09125000000000001, 0.016289043420900352, False, 2, 1, 8411.554549642942, 8395.771954207756]
[14, 9, 0.09125000000000001, 0.016289043420900352, False, 4, 2, 10479.456424886566, 10414.3786627822]
[14, 9, 0.09125000000000001, 0.016289043420900352, False, 6, 3, 10267.119660793218, 10161.760669640938]
[14, 9, 0.09125000000000001, 0.016289043420900352, False, 8, 4, 9492.566950844139, 9357.675335274644]
[15, 9, 0.09125000000000001, 0.015736711003153693, False, 8, 4, 9492.566950844139, 9357.675335274644]
[16, 9, 0.09125000000000001, 0.015237004909823318, False, 8, 4, 9492.566950844139, 9357.675335274644]
[17, 9, 0.09125000000000001, 0.01478206603794269, False, 8, 4, 9492.566950844139, 9357.675335274644]
[18, 9, 0.09125000000000001, 0.014365585995611716, False, 8, 4, 9492.566950844139, 9357.675335274644]
[19, 9, 0.09125000000000001, 0.013982434653505876, False, 8, 4, 9492.566950844139, 9357.675335274644]
[20, 9, 0.09125000000000001, 0.013628391500745197, False, 8, 4, 9492.566950844139, 9357.675335274644]
[21, 9, 0.09125000000000001, 0.013299948259748407, False, 8, 4, 9492.566950844139, 9357.675335274644]
[22, 9, 0.09125000000000001, 0.01299416144755314, False, 8, 4, 9492.566950844139, 9357.675335274644]
[23, 9, 0.09125000000000001, 0.012708540603026322, False, 8, 4, 9492.566950844139, 9357.675335274644]
[24, 9, 0.09125000000000001, 0.012440962412449713, False, 8, 4, 9492.566950844139, 9357.675335274644]
[25, 9, 0.09125000000000001, 0.012189603927858655, False, 8, 4, 9492.566950844139, 9357.675335274644]
[26, 9, 0.09125000000000001, 0.011952890055984334, False, 8, 4, 9492.566950844139, 9357.675335274644]
[27, 9, 0.09125000000000001, 0.01172945184844019, False, 8, 4, 9492.566950844139, 9357.675335274644]
[28, 9, 0.09125000000000001, 0.011518093061960758, False, 8, 4, 9492.566950844139, 9357.675335274644]
[29, 9, 0.09125000000000001, 0.011317763118140162, False, 8, 4, 9492.566950844139, 9357.675335274644]
[30, 9, 0.09125000000000001, 0.011127535063902934, False, 8, 4, 9492.566950844139, 9357.675335274644]
[31, 9, 0.09125000000000001, 0.010946587475249077, False, 8, 4, 9492.566950844139, 9357.675335274644]
[32, 9, 0.09125000000000001, 0.010774189496708789, False, 8, 4, 9492.566950844139, 9357.675335274644]
[33, 9, 0.09125000000000001, 0.010609688393950009, False, 8, 4, 9492.566950844139, 9357.675335274644]
[34, 9, 0.09125000000000001, 0.010452499135376637, False, 8, 4, 9492.566950844139, 9357.675335274644]
[35, 9, 0.09125000000000001, 0.01030209562308518, False, 8, 4, 9492.566950844139, 9357.675335274644]
[36, 9, 0.09125000000000001, 0.010158003273215546, False, 8, 4, 9492.566950844139, 9357.675335274644]
[37, 9, 0.09125000000000001, 0.010019792706966842, False, 8, 4, 9492.566950844139, 9357.675335274644]
[5, 1, 0.10500000000000001, 0.027256783001490394, False, 2, 1, 1609.7854463259457, 1609.6862985276528]
[5, 1, 0.10500000000000001, 0.027256783001490394, False, 4, 2, 1603.53551556737, 1603.2669852572926]
[5, 1, 0.10500000000000001, 0.027256783001490394, False, 6, 3, 26423.366581295748, 1542.005099851679]
[5, 1, 0.10500000000000001, 0.027256783001490394, False, 8, 4, 26373.088660397567, 1479.0368924656002]
[6, 1, 0.10500000000000001, 0.024881924824899426, False, 2, 1, 1925.278596379448, 1925.117802264907]
[6, 1, 0.10500000000000001, 0.024881924824899426, False, 4, 2, 1942.6399152843226, 1942.2354313840437]
[6, 1, 0.10500000000000001, 0.024881924824899426, False, 6, 3, 26411.614443871775, 1875.0607653495845]
[6, 1, 0.10500000000000001, 0.024881924824899426, False, 8, 4, 26357.523926998965, 1798.8887183310103]
[7, 1, 0.10500000000000001, 0.023036186123921516, False, 2, 1, 2235.960802218546, 2235.717705687731]
[7, 1, 0.10500000000000001, 0.023036186123921516, False, 4, 2, 2284.7139986016355, 2284.131157575952]
[7, 1, 0.10500000000000001, 0.023036186123921516, False, 6, 3, 26399.53528293452, 2214.1432694902123]
[7, 1, 0.10500000000000001, 0.023036186123921516, False, 8, 4, 26341.534065413656, 2124.919410504973]
[8, 1, 0.10500000000000001, 0.021548378993417577, False, 2, 1, 2540.868983645285, 2540.5201395379036]
[8, 1, 0.10500000000000001, 0.021548378993417577, False, 4, 2, 2626.8734382157113, 2626.0621799393884]
[8, 1, 0.10500000000000001, 0.021548378993417577, False, 6, 3, 26387.023768687326, 2558.812313109824]
[8, 1, 0.10500000000000001, 0.021548378993417577, False, 8, 4, 26324.980395520248, 2456.780192917941]
[9, 1, 0.10500000000000001, 0.020316006546431092, False, 2, 1, 2839.7906072545575, 2839.3101310113043]
[9, 1, 0.10500000000000001, 0.020316006546431092, False, 4, 2, 2970.1663417941704, 2969.0722507630617]
[9, 1, 0.10500000000000001, 0.020316006546431092, False, 6, 3, 2908.148619431328, 2906.7922066967885]
[9, 1, 0.10500000000000001, 0.020316006546431092, False, 8, 4, 26307.743870549133, 2794.1871463329176]
[10, 1, 0.10500000000000001, 0.019273456093684076, False, 2, 1, 3132.528020624509, 3131.887765157089]
[10, 1, 0.10500000000000001, 0.019273456093684076, False, 4, 2, 3315.8548292092164, 3314.4195076420056]
[10, 1, 0.10500000000000001, 0.019273456093684076, False, 6, 3, 3258.1944237691646, 3256.424868616236]
[10, 1, 0.10500000000000001, 0.019273456093684076, False, 8, 4, 26289.714510600345, 3136.880589623728]
[11, 1, 0.10500000000000001, 0.01837651935079526, False, 2, 1, 3419.401688960603, 3418.57161540409]
[11, 1, 0.10500000000000001, 0.01837651935079526, False, 4, 2, 3661.987254051056, 3660.1438345436336]
[11, 1, 0.10500000000000001, 0.01837651935079526, False, 6, 3, 3611.6641694439427, 3609.408140427217]
[11, 1, 0.10500000000000001, 0.01837651935079526, False, 8, 4, 26270.78518955605, 3484.68692672916]
[12, 1, 0.10500000000000001, 0.017594177772660285, False, 2, 1, 3700.5463227099003, 3699.4946181182886]
[12, 1, 0.10500000000000001, 0.017594177772660285, False, 4, 2, 4008.1862715933876, 4005.86104991118]
[12, 1, 0.10500000000000001, 0.017594177772660285, False, 6, 3, 3968.257578051193, 3965.4346939709094]
[12, 1, 0.10500000000000001, 0.017594177772660285, False, 8, 4, 26250.847547515456, 3837.437975576688]
[13, 1, 0.10500000000000001, 0.01690393922672755, False, 2, 1, 3976.123567278318, 3974.816821007017]
[13, 1, 0.10500000000000001, 0.01690393922672755, False, 4, 2, 4351.208266767926, 4348.780922615095]
[13, 1, 0.10500000000000001, 0.01690393922672755, False, 6, 3, 4327.706026497431, 4324.228855178087]
[13, 1, 0.10500000000000001, 0.01690393922672755, False, 8, 4, 4199.731317322787, 4194.988001240344]
[14, 1, 0.10500000000000001, 0.016289043420900352, False, 2, 1, 4246.3104297076825, 4244.713791682526]
[14, 1, 0.10500000000000001, 0.016289043420900352, False, 4, 2, 4693.012270392684, 4690.0458625198435]
[14, 1, 0.10500000000000001, 0.016289043420900352, False, 6, 3, 4686.953593678935, 4682.725332999178]
[14, 1, 0.10500000000000001, 0.016289043420900352, False, 8, 4, 4558.552359695459, 4552.812297187155]
[15, 1, 0.10500000000000001, 0.015736711003153693, False, 8, 4, 4558.552359695459, 4552.812297187155]
[16, 1, 0.10500000000000001, 0.015237004909823318, False, 8, 4, 4558.552359695459, 4552.812297187155]
[17, 1, 0.10500000000000001, 0.01478206603794269, False, 8, 4, 4558.552359695459, 4552.812297187155]
[18, 1, 0.10500000000000001, 0.014365585995611716, False, 8, 4, 4558.552359695459, 4552.812297187155]
[19, 1, 0.10500000000000001, 0.013982434653505876, False, 8, 4, 4558.552359695459, 4552.812297187155]
[20, 1, 0.10500000000000001, 0.013628391500745197, False, 8, 4, 4558.552359695459, 4552.812297187155]
[21, 1, 0.10500000000000001, 0.013299948259748407, False, 8, 4, 4558.552359695459, 4552.812297187155]
[22, 1, 0.10500000000000001, 0.01299416144755314, False, 8, 4, 4558.552359695459, 4552.812297187155]
[23, 1, 0.10500000000000001, 0.012708540603026322, False, 8, 4, 4558.552359695459, 4552.812297187155]
[24, 1, 0.10500000000000001, 0.012440962412449713, False, 8, 4, 4558.552359695459, 4552.812297187155]
[25, 1, 0.10500000000000001, 0.012189603927858655, False, 8, 4, 4558.552359695459, 4552.812297187155]
[26, 1, 0.10500000000000001, 0.011952890055984334, False, 8, 4, 4558.552359695459, 4552.812297187155]
[27, 1, 0.10500000000000001, 0.01172945184844019, False, 8, 4, 4558.552359695459, 4552.812297187155]
[28, 1, 0.10500000000000001, 0.011518093061960758, False, 8, 4, 4558.552359695459, 4552.812297187155]
[29, 1, 0.10500000000000001, 0.011317763118140162, False, 8, 4, 4558.552359695459, 4552.812297187155]
[30, 1, 0.10500000000000001, 0.011127535063902934, False, 8, 4, 4558.552359695459, 4552.812297187155]
[31, 1, 0.10500000000000001, 0.010946587475249077, False, 8, 4, 4558.552359695459, 4552.812297187155]
[32, 1, 0.10500000000000001, 0.010774189496708789, False, 8, 4, 4558.552359695459, 4552.812297187155]
[5, 2, 0.10500000000000001, 0.027256783001490394, False, 2, 1, 2566.528925898586, 2566.102125115531]
[5, 2, 0.10500000000000001, 0.027256783001490394, False, 4, 2, 2547.75598622438, 2546.887001268662]
[5, 2, 0.10500000000000001, 0.027256783001490394, False, 6, 3, 26100.90536111353, 2392.5481267028185]
[5, 2, 0.10500000000000001, 0.027256783001490394, False, 8, 4, 25943.49531759191, 2240.7298062733935]
[6, 2, 0.10500000000000001, 0.024881924824899426, False, 2, 1, 3020.3444028716444, 3019.683357779897]
[6, 2, 0.10500000000000001, 0.024881924824899426, False, 4, 2, 3059.5972904280743, 3058.2752704040154]
[6, 2, 0.10500000000000001, 0.024881924824899426, False, 6, 3, 26065.159662224607, 2890.976960985309]
[6, 2, 0.10500000000000001, 0.024881924824899426, False, 8, 4, 25893.52007319952, 2709.181383386578]
[7, 2, 0.10500000000000001, 0.023036186123921516, False, 2, 1, 3453.6174621236687, 3452.6612735430135]
[7, 2, 0.10500000000000001, 0.023036186123921516, False, 4, 2, 3566.7871213280455, 3564.897678439802]
[7, 2, 0.10500000000000001, 0.023036186123921516, False, 6, 3, 26028.53541450789, 3392.389671506108]
[7, 2, 0.10500000000000001, 0.023036186123921516, False, 8, 4, 25842.41137368232, 3181.5457198537483]
[8, 2, 0.10500000000000001, 0.021548378993417577, False, 2, 1, 3865.7814491680115, 3864.466975046584]
[8, 2, 0.10500000000000001, 0.021548378993417577, False, 4, 2, 4062.984805790195, 4060.4043812327227]
[8, 2, 0.10500000000000001, 0.021548378993417577, False, 6, 3, 3899.7822066923136, 3895.831285226243]
[8, 2, 0.10500000000000001, 0.021548378993417577, False, 8, 4, 25789.745527128904, 3657.1771869786558]
[9, 2, 0.10500000000000001, 0.020316006546431092, False, 2, 1, 4257.91883159704, 4256.1822397486085]
[9, 2, 0.10500000000000001, 0.020316006546431092, False, 4, 2, 4551.450881301919, 4548.0500852039095]
[9, 2, 0.10500000000000001, 0.020316006546431092, False, 6, 3, 4401.44165631408, 4396.267673492375]
[9, 2, 0.10500000000000001, 0.020316006546431092, False, 8, 4, 25735.169510145002, 4135.514152342143]
[10, 2, 0.10500000000000001, 0.019273456093684076, False, 2, 1, 4630.956506640852, 4628.734160511616]
[10, 2, 0.10500000000000001, 0.019273456093684076, False, 4, 2, 5035.631571829594, 5031.275537490778]
[10, 2, 0.10500000000000001, 0.019273456093684076, False, 6, 3, 4896.819833974642, 4890.210723178496]
[10, 2, 0.10500000000000001, 0.019273456093684076, False, 8, 4, 25678.36674496987, 4616.00729801882]
[11, 2, 0.10500000000000001, 0.01837651935079526, False, 2, 1, 4986.77868140995, 4984.008020575976]
[11, 2, 0.10500000000000001, 0.01837651935079526, False, 4, 2, 5511.374226670023, 5505.922382195339]
[11, 2, 0.10500000000000001, 0.01837651935079526, False, 6, 3, 5390.05279745649, 5381.790432934658]
[11, 2, 0.10500000000000001, 0.01837651935079526, False, 8, 4, 25619.03747672184, 5098.265724891523]
[12, 2, 0.10500000000000001, 0.017594177772660285, False, 2, 1, 5326.102586644577, 5323.2781218930195]
[12, 2, 0.10500000000000001, 0.017594177772660285, False, 4, 2, 5978.281984992774, 5971.589593205553]
[12, 2, 0.10500000000000001, 0.017594177772660285, False, 6, 3, 5880.600519922213, 5870.455527110491]
[12, 2, 0.10500000000000001, 0.017594177772660285, False, 8, 4, 25556.8863884775, 5581.885125464246]
[13, 2, 0.10500000000000001, 0.01690393922672755, False, 2, 1, 5651.081475716677, 5647.725889725967]
[13, 2, 0.10500000000000001, 0.01690393922672755, False, 4, 2, 6430.69234978451, 6422.612797662554]
[13, 2, 0.10500000000000001, 0.01690393922672755, False, 6, 3, 6367.985951121426, 6355.717742859157]
[13, 2, 0.10500000000000001, 0.01690393922672755, False, 8, 4, 6081.799904410634, 6066.490393589218]
[14, 2, 0.10500000000000001, 0.016289043420900352, False, 2, 1, 5962.361933164879, 5958.435972889652]
[14, 2, 0.10500000000000001, 0.016289043420900352, False, 4, 2, 6871.609863882222, 6861.995016483681]
[14, 2, 0.10500000000000001, 0.016289043420900352, False, 6, 3, 6845.767749446071, 6831.125269657686]
[14, 2, 0.10500000000000001, 0.016289043420900352, False, 8, 4, 6560.835870091651, 6542.5878692726255]
[15, 2, 0.10500000000000001, 0.015736711003153693, False, 8, 4, 6560.835870091651, 6542.5878692726255]
[16, 2, 0.10500000000000001, 0.015237004909823318, False, 8, 4, 6560.835870091651, 6542.5878692726255]
[17, 2, 0.10500000000000001, 0.01478206603794269, False, 8, 4, 6560.835870091651, 6542.5878692726255]
[18, 2, 0.10500000000000001, 0.014365585995611716, False, 8, 4, 6560.835870091651, 6542.5878692726255]
[19, 2, 0.10500000000000001, 0.013982434653505876, False, 8, 4, 6560.835870091651, 6542.5878692726255]
[20, 2, 0.10500000000000001, 0.013628391500745197, False, 8, 4, 6560.835870091651, 6542.5878692726255]
[21, 2, 0.10500000000000001, 0.013299948259748407, False, 8, 4, 6560.835870091651, 6542.5878692726255]
[22, 2, 0.10500000000000001, 0.01299416144755314, False, 8, 4, 6560.835870091651, 6542.5878692726255]
[23, 2, 0.10500000000000001, 0.012708540603026322, False, 8, 4, 6560.835870091651, 6542.5878692726255]
[24, 2, 0.10500000000000001, 0.012440962412449713, False, 8, 4, 6560.835870091651, 6542.5878692726255]
[25, 2, 0.10500000000000001, 0.012189603927858655, False, 8, 4, 6560.835870091651, 6542.5878692726255]
[26, 2, 0.10500000000000001, 0.011952890055984334, False, 8, 4, 6560.835870091651, 6542.5878692726255]
[27, 2, 0.10500000000000001, 0.01172945184844019, False, 8, 4, 6560.835870091651, 6542.5878692726255]
[28, 2, 0.10500000000000001, 0.011518093061960758, False, 8, 4, 6560.835870091651, 6542.5878692726255]
[29, 2, 0.10500000000000001, 0.011317763118140162, False, 8, 4, 6560.835870091651, 6542.5878692726255]
[30, 2, 0.10500000000000001, 0.011127535063902934, False, 8, 4, 6560.835870091651, 6542.5878692726255]
[31, 2, 0.10500000000000001, 0.010946587475249077, False, 8, 4, 6560.835870091651, 6542.5878692726255]
[32, 2, 0.10500000000000001, 0.010774189496708789, False, 8, 4, 6560.835870091651, 6542.5878692726255]
[5, 3, 0.10500000000000001, 0.027256783001490394, False, 2, 1, 3374.3299674559776, 3373.3065321766453]
[5, 3, 0.10500000000000001, 0.027256783001490394, False, 4, 2, 3336.420686235338, 3334.4407744023874]
[5, 3, 0.10500000000000001, 0.027256783001490394, False, 6, 3, 25503.049403112003, 3068.848817311864]
[5, 3, 0.10500000000000001, 0.027256783001490394, False, 8, 4, 25164.97440750341, 2818.099194476218]
[6, 3, 0.10500000000000001, 0.024881924824899426, False, 2, 1, 3917.6350536146215, 3916.1117865753695]
[6, 3, 0.10500000000000001, 0.024881924824899426, False, 4, 2, 3976.860274110044, 3973.900886767621]
[6, 3, 0.10500000000000001, 0.024881924824899426, False, 6, 3, 25422.86530963786, 3688.5318251261224]
[6, 3, 0.10500000000000001, 0.024881924824899426, False, 8, 4, 25062.87853083341, 3391.076802528688]
[7, 3, 0.10500000000000001, 0.023036186123921516, False, 2, 1, 4423.315048658278, 4421.19212154142]
[7, 3, 0.10500000000000001, 0.023036186123921516, False, 4, 2, 4601.945938378923, 4597.79513276322]
[7, 3, 0.10500000000000001, 0.023036186123921516, False, 6, 3, 25341.197420922457, 4305.7052331005625]
[7, 3, 0.10500000000000001, 0.023036186123921516, False, 8, 4, 24959.20919682114, 3963.853531223285]
[8, 3, 0.10500000000000001, 0.021548378993417577, False, 2, 1, 4892.404342480183, 4889.586781471742]
[8, 3, 0.10500000000000001, 0.021548378993417577, False, 4, 2, 5202.094209853142, 5196.53974396239]
[8, 3, 0.10500000000000001, 0.021548378993417577, False, 6, 3, 4927.885050932596, 4919.35016350299]
[8, 3, 0.10500000000000001, 0.021548378993417577, False, 8, 4, 24853.153864308064, 4535.636456062572]
[9, 3, 0.10500000000000001, 0.020316006546431092, False, 2, 1, 5327.698823143231, 5324.724828672537]
[9, 3, 0.10500000000000001, 0.020316006546431092, False, 4, 2, 5783.7166818808755, 5776.543310391946]
[9, 3, 0.10500000000000001, 0.020316006546431092, False, 6, 3, 5532.672916259721, 5521.654291155151]
[9, 3, 0.10500000000000001, 0.020316006546431092, False, 8, 4, 24744.065737064426, 5105.725553463822]
[10, 3, 0.10500000000000001, 0.019273456093684076, False, 2, 1, 5733.090879860574, 5729.434246082518]
[10, 3, 0.10500000000000001, 0.019273456093684076, False, 4, 2, 6353.074982060821, 6344.0627207260795]
[10, 3, 0.10500000000000001, 0.019273456093684076, False, 6, 3, 6121.446840990611, 6107.577240184022]
[10, 3, 0.10500000000000001, 0.019273456093684076, False, 8, 4, 24631.391631066384, 5673.416639785684]
[11, 3, 0.10500000000000001, 0.01837651935079526, False, 2, 1, 6112.096660260428, 6107.707863241327]
[11, 3, 0.10500000000000001, 0.01837651935079526, False, 4, 2, 6904.0880808461625, 6893.0225274335]
[11, 3, 0.10500000000000001, 0.01837651935079526, False, 6, 3, 6701.168761103165, 6684.075447006904]
[11, 3, 0.10500000000000001, 0.01837651935079526, False, 8, 4, 24514.631572158658, 6238.231281250692]
[12, 3, 0.10500000000000001, 0.017594177772660285, False, 2, 1, 6467.361581446283, 6462.196927895222]
[12, 3, 0.10500000000000001, 0.017594177772660285, False, 4, 2, 7436.792038498515, 7423.462376020721]
[12, 3, 0.10500000000000001, 0.017594177772660285, False, 6, 3, 7271.305105664746, 7250.608234362662]
[12, 3, 0.10500000000000001, 0.017594177772660285, False, 8, 4, 6824.3800905783, 6799.657468187975]
[13, 3, 0.10500000000000001, 0.01690393922672755, False, 2, 1, 6801.337000805454, 6795.358075427979]
[13, 3, 0.10500000000000001, 0.01690393922672755, False, 4, 2, 7943.145754933389, 7927.359068778802]
[13, 3, 0.10500000000000001, 0.01690393922672755, False, 6, 3, 7831.412520844043, 7806.725448738188]
[13, 3, 0.10500000000000001, 0.01690393922672755, False, 8, 4, 7386.824383253241, 7357.218618903472]
[14, 3, 0.10500000000000001, 0.016289043420900352, False, 2, 1, 7116.1713743603095, 7109.344455606178]
[14, 3, 0.10500000000000001, 0.016289043420900352, False, 4, 2, 8429.752405709749, 8410.382803781898]
[14, 3, 0.10500000000000001, 0.016289043420900352, False, 6, 3, 8372.107820934885, 8343.054495308063]
[14, 3, 0.10500000000000001, 0.016289043420900352, False, 8, 4, 7932.020345670653, 7897.090702248487]
[15, 3, 0.10500000000000001, 0.015736711003153693, False, 8, 4, 7932.020345670653, 7897.090702248487]
[16, 3, 0.10500000000000001, 0.015237004909823318, False, 8, 4, 7932.020345670653, 7897.090702248487]
[17, 3, 0.10500000000000001, 0.01478206603794269, False, 8, 4, 7932.020345670653, 7897.090702248487]
[18, 3, 0.10500000000000001, 0.014365585995611716, False, 8, 4, 7932.020345670653, 7897.090702248487]
[19, 3, 0.10500000000000001, 0.013982434653505876, False, 8, 4, 7932.020345670653, 7897.090702248487]
[20, 3, 0.10500000000000001, 0.013628391500745197, False, 8, 4, 7932.020345670653, 7897.090702248487]
[21, 3, 0.10500000000000001, 0.013299948259748407, False, 8, 4, 7932.020345670653, 7897.090702248487]
[22, 3, 0.10500000000000001, 0.01299416144755314, False, 8, 4, 7932.020345670653, 7897.090702248487]
[23, 3, 0.10500000000000001, 0.012708540603026322, False, 8, 4, 7932.020345670653, 7897.090702248487]
[24, 3, 0.10500000000000001, 0.012440962412449713, False, 8, 4, 7932.020345670653, 7897.090702248487]
[25, 3, 0.10500000000000001, 0.012189603927858655, False, 8, 4, 7932.020345670653, 7897.090702248487]
[26, 3, 0.10500000000000001, 0.011952890055984334, False, 8, 4, 7932.020345670653, 7897.090702248487]
[27, 3, 0.10500000000000001, 0.01172945184844019, False, 8, 4, 7932.020345670653, 7897.090702248487]
[28, 3, 0.10500000000000001, 0.011518093061960758, False, 8, 4, 7932.020345670653, 7897.090702248487]
[29, 3, 0.10500000000000001, 0.011317763118140162, False, 8, 4, 7932.020345670653, 7897.090702248487]
[30, 3, 0.10500000000000001, 0.011127535063902934, False, 8, 4, 7932.020345670653, 7897.090702248487]
[31, 3, 0.10500000000000001, 0.010946587475249077, False, 8, 4, 7932.020345670653, 7897.090702248487]
[32, 3, 0.10500000000000001, 0.010774189496708789, False, 8, 4, 7932.020345670653, 7897.090702248487]
[5, 4, 0.10500000000000001, 0.027256783001490394, False, 2, 1, 4020.726265409551, 4018.910611649844]
[5, 4, 0.10500000000000001, 0.027256783001490394, False, 4, 2, 3958.5949856097063, 3955.2203037264308]
[5, 4, 0.10500000000000001, 0.027256783001490394, False, 6, 3, 24633.26788517765, 3580.365544274964]
[5, 4, 0.10500000000000001, 0.027256783001490394, False, 8, 4, 24078.515525023693, 3238.007238059571]
[6, 4, 0.10500000000000001, 0.024881924824899426, False, 2, 1, 4617.3552519179375, 4615.202254231636]
[6, 4, 0.10500000000000001, 0.024881924824899426, False, 4, 2, 4690.092037745057, 4685.112801620834]
[6, 4, 0.10500000000000001, 0.024881924824899426, False, 6, 3, 24498.87149581055, 4285.197743695925]
[6, 4, 0.10500000000000001, 0.024881924824899426, False, 8, 4, 23930.79712355564, 3882.5939556587837]
[7, 4, 0.10500000000000001, 0.023036186123921516, False, 2, 1, 5161.864248442428, 5158.970715033866]
[7, 4, 0.10500000000000001, 0.023036186123921516, False, 4, 2, 5395.400333341516, 5388.512283080063]
[7, 4, 0.10500000000000001, 0.023036186123921516, False, 6, 3, 24363.032616755256, 4981.585482761809]
[7, 4, 0.10500000000000001, 0.023036186123921516, False, 8, 4, 23781.85660039435, 4522.806870112753]
[8, 4, 0.10500000000000001, 0.021548378993417577, False, 2, 1, 5657.103711168479, 5653.394521705395]
[8, 4, 0.10500000000000001, 0.021548378993417577, False, 4, 2, 6062.37577796391, 6053.2949801188315]
[8, 4, 0.10500000000000001, 0.021548378993417577, False, 6, 3, 5682.049418498848, 5668.5035328464455]
[8, 4, 0.10500000000000001, 0.021548378993417577, False, 8, 4, 23630.565962859877, 5157.829924710519]
[9, 4, 0.10500000000000001, 0.020316006546431092, False, 2, 1, 6109.077817788947, 6104.491000026344]
[9, 4, 0.10500000000000001, 0.020316006546431092, False, 4, 2, 6701.516463758998, 6689.283419541469]
[9, 4, 0.10500000000000001, 0.020316006546431092, False, 6, 3, 6353.596038823868, 6336.2144754063465]
[9, 4, 0.10500000000000001, 0.020316006546431092, False, 8, 4, 23476.063561231203, 5786.94094272842]
[10, 4, 0.10500000000000001, 0.019273456093684076, False, 2, 1, 6522.571781851046, 6517.0573519746795]
[10, 4, 0.10500000000000001, 0.019273456093684076, False, 4, 2, 7320.744294237957, 7305.577450580549]
[10, 4, 0.10500000000000001, 0.019273456093684076, False, 6, 3, 7000.963013247645, 6979.280677664109]
[10, 4, 0.10500000000000001, 0.019273456093684076, False, 8, 4, 23317.644838144875, 6409.39589949752]
[11, 4, 0.10500000000000001, 0.01837651935079526, False, 2, 1, 6903.544564616414, 6897.0612058061415]
[11, 4, 0.10500000000000001, 0.01837651935079526, False, 4, 2, 7913.036162386696, 7894.643998617292]
[11, 4, 0.10500000000000001, 0.01837651935079526, False, 6, 3, 7633.079004287667, 7606.609138990789]
[11, 4, 0.10500000000000001, 0.01837651935079526, False, 8, 4, 7057.3943569301455, 7024.729324459749]
[12, 4, 0.10500000000000001, 0.017594177772660285, False, 2, 1, 7256.061772619872, 7248.575879811779]
[12, 4, 0.10500000000000001, 0.017594177772660285, False, 4, 2, 8479.078513949182, 8457.181649598198]
[12, 4, 0.10500000000000001, 0.017594177772660285, False, 6, 3, 8249.575058833452, 8217.832616189007]
[12, 4, 0.10500000000000001, 0.017594177772660285, False, 8, 4, 7671.748302652377, 7632.422634426889]
[13, 4, 0.10500000000000001, 0.01690393922672755, False, 2, 1, 7583.553492777729, 7575.037742116182]
[13, 4, 0.10500000000000001, 0.01690393922672755, False, 4, 2, 9009.109272122898, 8983.467399847072]
[13, 4, 0.10500000000000001, 0.01690393922672755, False, 6, 3, 8850.184901685001, 8812.687722152783]
[13, 4, 0.10500000000000001, 0.01690393922672755, False, 8, 4, 8278.685327246576, 8231.995863107864]
[14, 4, 0.10500000000000001, 0.016289043420900352, False, 2, 1, 7888.918479296137, 7879.35060008972]
[14, 4, 0.10500000000000001, 0.016289043420900352, False, 4, 2, 9511.193334539144, 9481.569511140608]
[14, 4, 0.10500000000000001, 0.016289043420900352, False, 6, 3, 9423.28415422166, 9379.604929139054]
[14, 4, 0.10500000000000001, 0.016289043420900352, False, 8, 4, 8860.984405917918, 8806.32255037175]
[15, 4, 0.10500000000000001, 0.015736711003153693, False, 8, 4, 8860.984405917918, 8806.32255037175]
[16, 4, 0.10500000000000001, 0.015237004909823318, False, 8, 4, 8860.984405917918, 8806.32255037175]
[17, 4, 0.10500000000000001, 0.01478206603794269, False, 8, 4, 8860.984405917918, 8806.32255037175]
[18, 4, 0.10500000000000001, 0.014365585995611716, False, 8, 4, 8860.984405917918, 8806.32255037175]
[19, 4, 0.10500000000000001, 0.013982434653505876, False, 8, 4, 8860.984405917918, 8806.32255037175]
[20, 4, 0.10500000000000001, 0.013628391500745197, False, 8, 4, 8860.984405917918, 8806.32255037175]
[21, 4, 0.10500000000000001, 0.013299948259748407, False, 8, 4, 8860.984405917918, 8806.32255037175]
[22, 4, 0.10500000000000001, 0.01299416144755314, False, 8, 4, 8860.984405917918, 8806.32255037175]
[23, 4, 0.10500000000000001, 0.012708540603026322, False, 8, 4, 8860.984405917918, 8806.32255037175]
[24, 4, 0.10500000000000001, 0.012440962412449713, False, 8, 4, 8860.984405917918, 8806.32255037175]
[25, 4, 0.10500000000000001, 0.012189603927858655, False, 8, 4, 8860.984405917918, 8806.32255037175]
[26, 4, 0.10500000000000001, 0.011952890055984334, False, 8, 4, 8860.984405917918, 8806.32255037175]
[27, 4, 0.10500000000000001, 0.01172945184844019, False, 8, 4, 8860.984405917918, 8806.32255037175]
[28, 4, 0.10500000000000001, 0.011518093061960758, False, 8, 4, 8860.984405917918, 8806.32255037175]
[29, 4, 0.10500000000000001, 0.011317763118140162, False, 8, 4, 8860.984405917918, 8806.32255037175]
[30, 4, 0.10500000000000001, 0.011127535063902934, False, 8, 4, 8860.984405917918, 8806.32255037175]
[31, 4, 0.10500000000000001, 0.010946587475249077, False, 8, 4, 8860.984405917918, 8806.32255037175]
[32, 4, 0.10500000000000001, 0.010774189496708789, False, 8, 4, 8860.984405917918, 8806.32255037175]
[5, 5, 0.10500000000000001, 0.027256783001490394, False, 2, 1, 4526.8304606613865, 4524.63691411838]
[5, 5, 0.10500000000000001, 0.027256783001490394, False, 4, 2, 4439.963172102559, 4434.613383948144]
[5, 5, 0.10500000000000001, 0.027256783001490394, False, 6, 3, 23594.038310564218, 3964.011895185712]
[5, 5, 0.10500000000000001, 0.027256783001490394, False, 8, 4, 22877.72015342927, 3545.3399770041533]
[6, 5, 0.10500000000000001, 0.024881924824899426, False, 2, 1, 5154.890405587871, 5151.822563793527]
[6, 5, 0.10500000000000001, 0.024881924824899426, False, 4, 2, 5235.09641199028, 5227.361191431169]
[6, 5, 0.10500000000000001, 0.024881924824899426, False, 6, 3, 23420.347401552204, 4729.302267471005]
[6, 5, 0.10500000000000001, 0.024881924824899426, False, 8, 4, 22669.2933737346, 4238.7879153006215]
[7, 5, 0.10500000000000001, 0.023036186123921516, False, 2, 1, 5718.898063201192, 5714.863103870611]
[7, 5, 0.10500000000000001, 0.023036186123921516, False, 4, 2, 5994.335912278363, 5983.794927204814]
[7, 5, 0.10500000000000001, 0.023036186123921516, False, 6, 3, 23245.9214476625, 5480.865436955093]
[7, 5, 0.10500000000000001, 0.023036186123921516, False, 8, 4, 22461.163799567265, 4923.834694506029]
[8, 5, 0.10500000000000001, 0.021548378993417577, False, 2, 1, 6224.139377099594, 6219.067096804525]
[8, 5, 0.10500000000000001, 0.021548378993417577, False, 4, 2, 6704.694593293151, 6690.972840033387]
[8, 5, 0.10500000000000001, 0.021548378993417577, False, 6, 3, 6236.856982379587, 6217.774667217294]
[8, 5, 0.10500000000000001, 0.021548378993417577, False, 8, 4, 22249.899078035924, 5599.598758746317]
[9, 5, 0.10500000000000001, 0.020316006546431092, False, 2, 1, 6678.967274895149, 6672.804698468775]
[9, 5, 0.10500000000000001, 0.020316006546431092, False, 4, 2, 7378.455802843153, 7361.185967513112]
[9, 5, 0.10500000000000001, 0.020316006546431092, False, 6, 3, 6952.641046114748, 6928.314876647551]
[9, 5, 0.10500000000000001, 0.020316006546431092, False, 8, 4, 21977.360483359735, 6261.8925857721515]
[10, 5, 0.10500000000000001, 0.019273456093684076, False, 2, 1, 7089.86387106429, 7082.5725991339605]
[10, 5, 0.10500000000000001, 0.019273456093684076, False, 4, 2, 8027.182099865041, 8005.993826978965]
[10, 5, 0.10500000000000001, 0.019273456093684076, False, 6, 3, 7635.818476462714, 7605.6793276050075]
[10, 5, 0.10500000000000001, 0.019273456093684076, False, 8, 4, 6949.054737149185, 6912.769647208657]
[11, 5, 0.10500000000000001, 0.01837651935079526, False, 2, 1, 7464.392856032172, 7455.943349236657]
[11, 5, 0.10500000000000001, 0.01837651935079526, False, 4, 2, 8642.228010684352, 8616.791230426781]
[11, 5, 0.10500000000000001, 0.01837651935079526, False, 6, 3, 8298.34473909543, 8261.793798808128]
[11, 5, 0.10500000000000001, 0.01837651935079526, False, 8, 4, 7596.915919635136, 7551.797387667351]
[12, 5, 0.10500000000000001, 0.017594177772660285, False, 2, 1, 7807.6299337804685, 7798.000300730568]
[12, 5, 0.10500000000000001, 0.017594177772660285, False, 4, 2, 9224.948252420498, 9194.955238217668]
[12, 5, 0.10500000000000001, 0.017594177772660285, False, 6, 3, 8940.07557519277, 8896.524885132372]
[12, 5, 0.10500000000000001, 0.017594177772660285, False, 8, 4, 8232.611675716185, 8178.468015587951]
[13, 5, 0.10500000000000001, 0.01690393922672755, False, 2, 1, 8123.754508268059, 8112.928541258198]
[13, 5, 0.10500000000000001, 0.01690393922672755, False, 4, 2, 9764.354459608703, 9729.565368509277]
[13, 5, 0.10500000000000001, 0.01690393922672755, False, 6, 3, 9557.32661195699, 9506.16883868535]
[13, 5, 0.10500000000000001, 0.01690393922672755, False, 8, 4, 8856.377243644958, 8792.308771679285]
[14, 5, 0.10500000000000001, 0.016289043420900352, False, 2, 1, 8416.22237660624, 8404.187991496174]
[14, 5, 0.10500000000000001, 0.016289043420900352, False, 4, 2, 10270.551522589696, 10230.727087980893]
[14, 5, 0.10500000000000001, 0.016289043420900352, False, 6, 3, 10137.976377396852, 10078.703013282391]
[14, 5, 0.10500000000000001, 0.016289043420900352, False, 8, 4, 9447.710686847433, 9373.949350721772]
[15, 5, 0.10500000000000001, 0.015736711003153693, False, 8, 4, 9447.710686847433, 9373.949350721772]
[16, 5, 0.10500000000000001, 0.015237004909823318, False, 8, 4, 9447.710686847433, 9373.949350721772]
[17, 5, 0.10500000000000001, 0.01478206603794269, False, 8, 4, 9447.710686847433, 9373.949350721772]
[18, 5, 0.10500000000000001, 0.014365585995611716, False, 8, 4, 9447.710686847433, 9373.949350721772]
[19, 5, 0.10500000000000001, 0.013982434653505876, False, 8, 4, 9447.710686847433, 9373.949350721772]
[20, 5, 0.10500000000000001, 0.013628391500745197, False, 8, 4, 9447.710686847433, 9373.949350721772]
[21, 5, 0.10500000000000001, 0.013299948259748407, False, 8, 4, 9447.710686847433, 9373.949350721772]
[22, 5, 0.10500000000000001, 0.01299416144755314, False, 8, 4, 9447.710686847433, 9373.949350721772]
[23, 5, 0.10500000000000001, 0.012708540603026322, False, 8, 4, 9447.710686847433, 9373.949350721772]
[24, 5, 0.10500000000000001, 0.012440962412449713, False, 8, 4, 9447.710686847433, 9373.949350721772]
[25, 5, 0.10500000000000001, 0.012189603927858655, False, 8, 4, 9447.710686847433, 9373.949350721772]
[26, 5, 0.10500000000000001, 0.011952890055984334, False, 8, 4, 9447.710686847433, 9373.949350721772]
[27, 5, 0.10500000000000001, 0.01172945184844019, False, 8, 4, 9447.710686847433, 9373.949350721772]
[28, 5, 0.10500000000000001, 0.011518093061960758, False, 8, 4, 9447.710686847433, 9373.949350721772]
[29, 5, 0.10500000000000001, 0.011317763118140162, False, 8, 4, 9447.710686847433, 9373.949350721772]
[30, 5, 0.10500000000000001, 0.011127535063902934, False, 8, 4, 9447.710686847433, 9373.949350721772]
[31, 5, 0.10500000000000001, 0.010946587475249077, False, 8, 4, 9447.710686847433, 9373.949350721772]
[32, 5, 0.10500000000000001, 0.010774189496708789, False, 8, 4, 9447.710686847433, 9373.949350721772]
[5, 6, 0.10500000000000001, 0.027256783001490394, False, 2, 1, 4922.311411168856, 4919.414797688652]
[5, 6, 0.10500000000000001, 0.027256783001490394, False, 4, 2, 4813.3167053768675, 4806.149511663071]
[5, 6, 0.10500000000000001, 0.027256783001490394, False, 6, 3, 22445.754401786093, 4252.98615081706]
[5, 6, 0.10500000000000001, 0.027256783001490394, False, 8, 4, 21317.911403290964, 3762.935542674946]
[6, 6, 0.10500000000000001, 0.024881924824899426, False, 2, 1, 5567.687349013961, 5563.710406584961]
[6, 6, 0.10500000000000001, 0.024881924824899426, False, 4, 2, 5654.331798995541, 5644.065512948699]
[6, 6, 0.10500000000000001, 0.024881924824899426, False, 6, 3, 22206.813893726838, 5059.745430780932]
[6, 6, 0.10500000000000001, 0.024881924824899426, False, 8, 4, 20988.26728624061, 4485.624830050604]
[7, 6, 0.10500000000000001, 0.023036186123921516, False, 2, 1, 6140.174852173945, 6135.028334337749]
[7, 6, 0.10500000000000001, 0.023036186123921516, False, 4, 2, 6451.363424462671, 6437.497257455297]
[7, 6, 0.10500000000000001, 0.023036186123921516, False, 6, 3, 5863.561610189421, 5844.743873806825]
[7, 6, 0.10500000000000001, 0.023036186123921516, False, 8, 4, 20665.187888115935, 5195.488708324719]
[8, 6, 0.10500000000000001, 0.021548378993417577, False, 2, 1, 6646.944677122217, 6640.567623921705]
[8, 6, 0.10500000000000001, 0.021548378993417577, False, 4, 2, 7189.017753041925, 7171.124993545474]
[8, 6, 0.10500000000000001, 0.021548378993417577, False, 6, 3, 6634.182180428307, 6609.39841735898]
[8, 6, 0.10500000000000001, 0.021548378993417577, False, 8, 4, 20346.034499020705, 5891.800534529101]
[9, 6, 0.10500000000000001, 0.020316006546431092, False, 2, 1, 7098.321532849926, 7090.67225028394]
[9, 6, 0.10500000000000001, 0.020316006546431092, False, 4, 2, 7883.161216827519, 7860.827020432904]
[9, 6, 0.10500000000000001, 0.020316006546431092, False, 6, 3, 7372.283222568074, 7340.790349736021]
[9, 6, 0.10500000000000001, 0.020316006546431092, False, 8, 4, 20028.97803515743, 6573.907187204412]
[10, 6, 0.10500000000000001, 0.019273456093684076, False, 2, 1, 7502.152151848721, 7493.204351011307]
[10, 6, 0.10500000000000001, 0.019273456093684076, False, 4, 2, 8547.60154219373, 8520.405396155586]
[10, 6, 0.10500000000000001, 0.019273456093684076, False, 6, 3, 8070.662166251114, 8031.777793820907]
[10, 6, 0.10500000000000001, 0.019273456093684076, False, 8, 4, 7287.9210258291105, 7241.094966065425]
[11, 6, 0.10500000000000001, 0.01837651935079526, False, 2, 1, 7867.354184628847, 7857.089651402583]
[11, 6, 0.10500000000000001, 0.01837651935079526, False, 4, 2, 9172.899920172806, 9140.482789431226]
[11, 6, 0.10500000000000001, 0.01837651935079526, False, 6, 3, 8743.149706666203, 8696.146553022518]
[11, 6, 0.10500000000000001, 0.01837651935079526, False, 8, 4, 7950.107588462067, 7892.98461577211]
[12, 6, 0.10500000000000001, 0.017594177772660285, False, 2, 1, 8200.375512768771, 8188.785801331219]
[12, 6, 0.10500000000000001, 0.017594177772660285, False, 4, 2, 9760.089294236801, 9722.115851846003]
[12, 6, 0.10500000000000001, 0.017594177772660285, False, 6, 3, 9389.850923484833, 9334.018220398706]
[12, 6, 0.10500000000000001, 0.017594177772660285, False, 8, 4, 8598.543869343472, 8530.079507671153]
[13, 6, 0.10500000000000001, 0.01690393922672755, False, 2, 1, 8505.20472199221, 8492.283410611712]
[13, 6, 0.10500000000000001, 0.01690393922672755, False, 4, 2, 10293.703642023876, 10249.90103126528]
[13, 6, 0.10500000000000001, 0.01690393922672755, False, 6, 3, 10010.964119975388, 9945.607229152658]
[13, 6, 0.10500000000000001, 0.01690393922672755, False, 8, 4, 9232.327612220035, 9151.461349060279]
[14, 6, 0.10500000000000001, 0.016289043420900352, False, 2, 1, 8785.66847124387, 8771.411931769588]
[14, 6, 0.10500000000000001, 0.016289043420900352, False, 4, 2, 10789.6122855779, 10739.725926279774]
[14, 6, 0.10500000000000001, 0.016289043420900352, False, 6, 3, 10592.292779959813, 10516.858552624413]
[14, 6, 0.10500000000000001, 0.016289043420900352, False, 8, 4, 9830.10822146603, 9736.010938191175]
[15, 6, 0.10500000000000001, 0.015736711003153693, False, 8, 4, 9830.10822146603, 9736.010938191175]
[16, 6, 0.10500000000000001, 0.015237004909823318, False, 8, 4, 9830.10822146603, 9736.010938191175]
[17, 6, 0.10500000000000001, 0.01478206603794269, False, 8, 4, 9830.10822146603, 9736.010938191175]
[18, 6, 0.10500000000000001, 0.014365585995611716, False, 8, 4, 9830.10822146603, 9736.010938191175]
[19, 6, 0.10500000000000001, 0.013982434653505876, False, 8, 4, 9830.10822146603, 9736.010938191175]
[20, 6, 0.10500000000000001, 0.013628391500745197, False, 8, 4, 9830.10822146603, 9736.010938191175]
[21, 6, 0.10500000000000001, 0.013299948259748407, False, 8, 4, 9830.10822146603, 9736.010938191175]
[22, 6, 0.10500000000000001, 0.01299416144755314, False, 8, 4, 9830.10822146603, 9736.010938191175]
[23, 6, 0.10500000000000001, 0.012708540603026322, False, 8, 4, 9830.10822146603, 9736.010938191175]
[24, 6, 0.10500000000000001, 0.012440962412449713, False, 8, 4, 9830.10822146603, 9736.010938191175]
[25, 6, 0.10500000000000001, 0.012189603927858655, False, 8, 4, 9830.10822146603, 9736.010938191175]
[26, 6, 0.10500000000000001, 0.011952890055984334, False, 8, 4, 9830.10822146603, 9736.010938191175]
[27, 6, 0.10500000000000001, 0.01172945184844019, False, 8, 4, 9830.10822146603, 9736.010938191175]
[28, 6, 0.10500000000000001, 0.011518093061960758, False, 8, 4, 9830.10822146603, 9736.010938191175]
[29, 6, 0.10500000000000001, 0.011317763118140162, False, 8, 4, 9830.10822146603, 9736.010938191175]
[30, 6, 0.10500000000000001, 0.011127535063902934, False, 8, 4, 9830.10822146603, 9736.010938191175]
[31, 6, 0.10500000000000001, 0.010946587475249077, False, 8, 4, 9830.10822146603, 9736.010938191175]
[32, 6, 0.10500000000000001, 0.010774189496708789, False, 8, 4, 9830.10822146603, 9736.010938191175]
[5, 7, 0.10500000000000001, 0.027256783001490394, False, 2, 1, 5231.927957125487, 5228.338367695043]
[5, 7, 0.10500000000000001, 0.027256783001490394, False, 4, 2, 5103.512396802337, 5094.4991689731605]
[5, 7, 0.10500000000000001, 0.027256783001490394, False, 6, 3, 20907.602122571196, 4459.45683105156]
[5, 7, 0.10500000000000001, 0.027256783001490394, False, 8, 4, 19561.759360015272, 3917.4014692955457]
[6, 7, 0.10500000000000001, 0.024881924824899426, False, 2, 1, 5886.826160529838, 5881.968013841083]
[6, 7, 0.10500000000000001, 0.024881924824899426, False, 4, 2, 5976.278817223607, 5963.457213537182]
[6, 7, 0.10500000000000001, 0.024881924824899426, False, 6, 3, 20567.828346205846, 5290.532777765889]
[6, 7, 0.10500000000000001, 0.024881924824899426, False, 8, 4, 19201.242354462105, 4660.802195670869]
[7, 7, 0.10500000000000001, 0.023036186123921516, False, 2, 1, 6462.510122824552, 6456.301674382467]
[7, 7, 0.10500000000000001, 0.023036186123921516, False, 4, 2, 6794.7175852440205, 6777.495883496689]
[7, 7, 0.10500000000000001, 0.023036186123921516, False, 6, 3, 6121.097727090067, 6097.677813844221]
[7, 7, 0.10500000000000001, 0.023036186123921516, False, 8, 4, 18861.319593431297, 5388.74916566755]
[8, 7, 0.10500000000000001, 0.021548378993417577, False, 2, 1, 6967.457630525208, 6959.849339031703]
[8, 7, 0.10500000000000001, 0.021548378993417577, False, 4, 2, 7544.487963242501, 7522.382202338033]
[8, 7, 0.10500000000000001, 0.021548378993417577, False, 6, 3, 6911.031361381033, 6880.278453253917]
[8, 7, 0.10500000000000001, 0.021548378993417577, False, 8, 4, 18527.92553860919, 6100.185434716545]
[9, 7, 0.10500000000000001, 0.020316006546431092, False, 2, 1, 7413.575647281693, 7404.538038585417]
[9, 7, 0.10500000000000001, 0.020316006546431092, False, 4, 2, 8244.564903277422, 8217.10417402204]
[9, 7, 0.10500000000000001, 0.020316006546431092, False, 6, 3, 7663.552679421059, 7624.5873276219345]
[9, 7, 0.10500000000000001, 0.020316006546431092, False, 8, 4, 6840.900633387644, 6794.5037097069]
[10, 7, 0.10500000000000001, 0.019273456093684076, False, 2, 1, 7809.768395663962, 7799.287329442012]
[10, 7, 0.10500000000000001, 0.019273456093684076, False, 4, 2, 8910.549951028084, 8877.250749630643]
[10, 7, 0.10500000000000001, 0.019273456093684076, False, 6, 3, 8371.481463395101, 8323.52026961453]
[10, 7, 0.10500000000000001, 0.019273456093684076, False, 8, 4, 7528.708015708301, 7471.023917028126]
[11, 7, 0.10500000000000001, 0.01837651935079526, False, 2, 1, 8165.770937431186, 8153.838044783851]
[11, 7, 0.10500000000000001, 0.01837651935079526, False, 4, 2, 9532.523147724969, 9492.982422195868]
[11, 7, 0.10500000000000001, 0.01837651935079526, False, 6, 3, 9050.946930873839, 8993.162032009746]
[11, 7, 0.10500000000000001, 0.01837651935079526, False, 8, 4, 8199.628527322158, 8129.416844588678]
[12, 7, 0.10500000000000001, 0.017594177772660285, False, 2, 1, 8487.930282686099, 8474.542295154062]
[12, 7, 0.10500000000000001, 0.017594177772660285, False, 4, 2, 10113.056548356117, 10066.90740124905]
[12, 7, 0.10500000000000001, 0.017594177772660285, False, 6, 3, 9701.347243344755, 9632.925791719328]
[12, 7, 0.10500000000000001, 0.017594177772660285, False, 8, 4, 8853.236851510948, 8769.249369482593]
[13, 7, 0.10500000000000001, 0.01690393922672755, False, 2, 1, 8781.314158578114, 8766.470646434429]
[13, 7, 0.10500000000000001, 0.01690393922672755, False, 4, 2, 10639.924469800622, 10586.922414765831]
[13, 7, 0.10500000000000001, 0.01690393922672755, False, 6, 3, 10323.079312518452, 10243.232876517563]
[13, 7, 0.10500000000000001, 0.01690393922672755, False, 8, 4, 9489.131956560263, 9390.117781837867]
[14, 7, 0.10500000000000001, 0.016289043420900352, False, 2, 1, 9049.998756853318, 9033.70050859291]
[14, 7, 0.10500000000000001, 0.016289043420900352, False, 4, 2, 11126.201970785336, 11066.086675222015]
[14, 7, 0.10500000000000001, 0.016289043420900352, False, 6, 3, 10902.449689770487, 10809.414454989126]
[14, 7, 0.10500000000000001, 0.016289043420900352, False, 8, 4, 10085.181356343985, 9970.208546195818]
[15, 7, 0.10500000000000001, 0.015736711003153693, False, 8, 4, 10085.181356343985, 9970.208546195818]
[16, 7, 0.10500000000000001, 0.015237004909823318, False, 8, 4, 10085.181356343985, 9970.208546195818]
[17, 7, 0.10500000000000001, 0.01478206603794269, False, 8, 4, 10085.181356343985, 9970.208546195818]
[18, 7, 0.10500000000000001, 0.014365585995611716, False, 8, 4, 10085.181356343985, 9970.208546195818]
[19, 7, 0.10500000000000001, 0.013982434653505876, False, 8, 4, 10085.181356343985, 9970.208546195818]
[20, 7, 0.10500000000000001, 0.013628391500745197, False, 8, 4, 10085.181356343985, 9970.208546195818]
[21, 7, 0.10500000000000001, 0.013299948259748407, False, 8, 4, 10085.181356343985, 9970.208546195818]
[22, 7, 0.10500000000000001, 0.01299416144755314, False, 8, 4, 10085.181356343985, 9970.208546195818]
[23, 7, 0.10500000000000001, 0.012708540603026322, False, 8, 4, 10085.181356343985, 9970.208546195818]
[24, 7, 0.10500000000000001, 0.012440962412449713, False, 8, 4, 10085.181356343985, 9970.208546195818]
[25, 7, 0.10500000000000001, 0.012189603927858655, False, 8, 4, 10085.181356343985, 9970.208546195818]
[26, 7, 0.10500000000000001, 0.011952890055984334, False, 8, 4, 10085.181356343985, 9970.208546195818]
[27, 7, 0.10500000000000001, 0.01172945184844019, False, 8, 4, 10085.181356343985, 9970.208546195818]
[28, 7, 0.10500000000000001, 0.011518093061960758, False, 8, 4, 10085.181356343985, 9970.208546195818]
[29, 7, 0.10500000000000001, 0.011317763118140162, False, 8, 4, 10085.181356343985, 9970.208546195818]
[30, 7, 0.10500000000000001, 0.011127535063902934, False, 8, 4, 10085.181356343985, 9970.208546195818]
[31, 7, 0.10500000000000001, 0.010946587475249077, False, 8, 4, 10085.181356343985, 9970.208546195818]
[32, 7, 0.10500000000000001, 0.010774189496708789, False, 8, 4, 10085.181356343985, 9970.208546195818]
[5, 8, 0.10500000000000001, 0.027256783001490394, False, 2, 1, 5478.98893749345, 5474.729222365791]
[5, 8, 0.10500000000000001, 0.027256783001490394, False, 4, 2, 5318.850795590455, 5307.930933398113]
[5, 8, 0.10500000000000001, 0.027256783001490394, False, 6, 3, 19327.618473864382, 4613.295683768473]
[5, 8, 0.10500000000000001, 0.027256783001490394, False, 8, 4, 17940.658477846606, 4034.1637496734534]
[6, 8, 0.10500000000000001, 0.024881924824899426, False, 2, 1, 6138.389986176702, 6132.688934212278]
[6, 8, 0.10500000000000001, 0.024881924824899426, False, 4, 2, 6208.287209308483, 6192.8098312135735]
[6, 8, 0.10500000000000001, 0.024881924824899426, False, 6, 3, 5483.696913699583, 5463.129705476339]
[6, 8, 0.10500000000000001, 0.024881924824899426, False, 8, 4, 17569.134456549895, 4792.028383352909]
[7, 8, 0.10500000000000001, 0.023036186123921516, False, 2, 1, 6713.225391349978, 6706.0080056969855]
[7, 8, 0.10500000000000001, 0.023036186123921516, False, 4, 2, 7040.066444548551, 7019.36644578373]
[7, 8, 0.10500000000000001, 0.023036186123921516, False, 6, 3, 6313.594139576503, 6285.427250954325]
[7, 8, 0.10500000000000001, 0.023036186123921516, False, 8, 4, 17210.692905579483, 5531.15252356456]
[8, 8, 0.10500000000000001, 0.021548378993417577, False, 2, 1, 7213.548374411301, 7204.775127127527]
[8, 8, 0.10500000000000001, 0.021548378993417577, False, 4, 2, 7797.458800397975, 7771.007090003104]
[8, 8, 0.10500000000000001, 0.021548378993417577, False, 6, 3, 7116.593390948161, 7079.704163278948]
[8, 8, 0.10500000000000001, 0.021548378993417577, False, 8, 4, 6294.4716255371395, 6250.906943201262]
[9, 8, 0.10500000000000001, 0.020316006546431092, False, 2, 1, 7652.559373105131, 7642.210547848395]
[9, 8, 0.10500000000000001, 0.020316006546431092, False, 4, 2, 8500.781088834328, 8468.05930646195]
[9, 8, 0.10500000000000001, 0.020316006546431092, False, 6, 3, 7878.231974340416, 7831.614803550701]
[9, 8, 0.10500000000000001, 0.020316006546431092, False, 8, 4, 7006.2495731598965, 6950.721989572125]
[10, 8, 0.10500000000000001, 0.019273456093684076, False, 2, 1, 8040.000475899679, 8028.070895803581]
[10, 8, 0.10500000000000001, 0.019273456093684076, False, 4, 2, 9166.98570710907, 9127.457509880674]
[10, 8, 0.10500000000000001, 0.019273456093684076, False, 6, 3, 8590.991690335983, 8533.766780757429]
[10, 8, 0.10500000000000001, 0.019273456093684076, False, 8, 4, 7698.644191625583, 7629.718918345215]
[11, 8, 0.10500000000000001, 0.01837651935079526, False, 2, 1, 8386.323521687329, 8372.811536393125]
[11, 8, 0.10500000000000001, 0.01837651935079526, False, 4, 2, 9785.985206809471, 9739.218502440464]
[11, 8, 0.10500000000000001, 0.01837651935079526, False, 6, 3, 9272.188567287529, 9202.430302896668]
[11, 8, 0.10500000000000001, 0.01837651935079526, False, 8, 4, 8369.378722357764, 8285.553583624864]
[12, 8, 0.10500000000000001, 0.017594177772660285, False, 2, 1, 8696.543642378316, 8681.437475227242]
[12, 8, 0.10500000000000001, 0.017594177772660285, False, 4, 2, 10361.925421369551, 10307.547479292878]
[12, 8, 0.10500000000000001, 0.017594177772660285, False, 6, 3, 9920.516173180393, 9838.145634804792]
[12, 8, 0.10500000000000001, 0.017594177772660285, False, 8, 4, 9019.819671247229, 8919.637214486851]
[13, 8, 0.10500000000000001, 0.01690393922672755, False, 2, 1, 8976.16046769359, 8959.446264100945]
[13, 8, 0.10500000000000001, 0.01690393922672755, False, 4, 2, 10881.171211881465, 10818.949121123258]
[13, 8, 0.10500000000000001, 0.01690393922672755, False, 6, 3, 10537.387499237655, 10441.522991160913]
[13, 8, 0.10500000000000001, 0.01690393922672755, False, 8, 4, 9649.572976687528, 9531.580935425905]
[14, 8, 0.10500000000000001, 0.016289043420900352, False, 2, 1, 9230.861239623608, 9212.53456381074]
[14, 8, 0.10500000000000001, 0.016289043420900352, False, 4, 2, 11357.740314421535, 11287.417944518076]
[14, 8, 0.10500000000000001, 0.016289043420900352, False, 6, 3, 11107.542402371273, 10997.541854942729]
[14, 8, 0.10500000000000001, 0.016289043420900352, False, 8, 4, 10235.87868422403, 10099.02909734491]
[15, 8, 0.10500000000000001, 0.015736711003153693, False, 8, 4, 10235.87868422403, 10099.02909734491]
[16, 8, 0.10500000000000001, 0.015237004909823318, False, 8, 4, 10235.87868422403, 10099.02909734491]
[17, 8, 0.10500000000000001, 0.01478206603794269, False, 8, 4, 10235.87868422403, 10099.02909734491]
[18, 8, 0.10500000000000001, 0.014365585995611716, False, 8, 4, 10235.87868422403, 10099.02909734491]
[19, 8, 0.10500000000000001, 0.013982434653505876, False, 8, 4, 10235.87868422403, 10099.02909734491]
[20, 8, 0.10500000000000001, 0.013628391500745197, False, 8, 4, 10235.87868422403, 10099.02909734491]
[21, 8, 0.10500000000000001, 0.013299948259748407, False, 8, 4, 10235.87868422403, 10099.02909734491]
[22, 8, 0.10500000000000001, 0.01299416144755314, False, 8, 4, 10235.87868422403, 10099.02909734491]
[23, 8, 0.10500000000000001, 0.012708540603026322, False, 8, 4, 10235.87868422403, 10099.02909734491]
[24, 8, 0.10500000000000001, 0.012440962412449713, False, 8, 4, 10235.87868422403, 10099.02909734491]
[25, 8, 0.10500000000000001, 0.012189603927858655, False, 8, 4, 10235.87868422403, 10099.02909734491]
[26, 8, 0.10500000000000001, 0.011952890055984334, False, 8, 4, 10235.87868422403, 10099.02909734491]
[27, 8, 0.10500000000000001, 0.01172945184844019, False, 8, 4, 10235.87868422403, 10099.02909734491]
[28, 8, 0.10500000000000001, 0.011518093061960758, False, 8, 4, 10235.87868422403, 10099.02909734491]
[29, 8, 0.10500000000000001, 0.011317763118140162, False, 8, 4, 10235.87868422403, 10099.02909734491]
[30, 8, 0.10500000000000001, 0.011127535063902934, False, 8, 4, 10235.87868422403, 10099.02909734491]
[31, 8, 0.10500000000000001, 0.010946587475249077, False, 8, 4, 10235.87868422403, 10099.02909734491]
[32, 8, 0.10500000000000001, 0.010774189496708789, False, 8, 4, 10235.87868422403, 10099.02909734491]
[5, 9, 0.10500000000000001, 0.027256783001490394, False, 2, 1, 5675.580844187608, 5670.669741136877]
[5, 9, 0.10500000000000001, 0.027256783001490394, False, 4, 2, 5483.103014210959, 5470.216914880251]
[5, 9, 0.10500000000000001, 0.027256783001490394, False, 6, 3, 17878.39061185087, 4733.075208243419]
[5, 9, 0.10500000000000001, 0.027256783001490394, False, 8, 4, 16433.59729698101, 4122.410163578471]
[6, 9, 0.10500000000000001, 0.024881924824899426, False, 2, 1, 6336.0544433195755, 6329.537752930457]
[6, 9, 0.10500000000000001, 0.024881924824899426, False, 4, 2, 6385.67968944885, 6367.481910635552]
[6, 9, 0.10500000000000001, 0.024881924824899426, False, 6, 3, 5620.044798295669, 5595.278145152384]
[6, 9, 0.10500000000000001, 0.024881924824899426, False, 8, 4, 16040.30202130639, 4888.76651596663]
[7, 9, 0.10500000000000001, 0.023036186123921516, False, 2, 1, 6907.957209334313, 6899.76587816141]
[7, 9, 0.10500000000000001, 0.023036186123921516, False, 4, 2, 7226.292942951574, 7202.04477588066]
[7, 9, 0.10500000000000001, 0.023036186123921516, False, 6, 3, 6460.145861997086, 6426.444240222346]
[7, 9, 0.10500000000000001, 0.023036186123921516, False, 8, 4, 5672.069559139772, 5632.592084179004]
[8, 9, 0.10500000000000001, 0.021548378993417577, False, 2, 1, 7399.502825011692, 7389.589471663232]
[8, 9, 0.10500000000000001, 0.021548378993417577, False, 4, 2, 7987.920946680271, 7957.056390942642]
[8, 9, 0.10500000000000001, 0.021548378993417577, False, 6, 3, 7270.193468606411, 7226.237670900196]
[8, 9, 0.10500000000000001, 0.021548378993417577, False, 8, 4, 6405.155830343294, 6353.953124115351]
[9, 9, 0.10500000000000001, 0.020316006546431092, False, 2, 1, 7827.820033619219, 7816.165853936231]
[9, 9, 0.10500000000000001, 0.020316006546431092, False, 4, 2, 8692.031013701195, 8653.992240991136]
[9, 9, 0.10500000000000001, 0.020316006546431092, False, 6, 3, 8035.2679392419905, 7979.904429919152]
[9, 9, 0.10500000000000001, 0.020316006546431092, False, 8, 4, 7117.500393996789, 7052.300876132354]
[10, 9, 0.10500000000000001, 0.019273456093684076, False, 2, 1, 8203.343108918416, 8189.942471203252]
[10, 9, 0.10500000000000001, 0.019273456093684076, False, 4, 2, 9356.64624939089, 9310.852859224146]
[10, 9, 0.10500000000000001, 0.019273456093684076, False, 6, 3, 8747.086549080883, 8679.308700827041]
[10, 9, 0.10500000000000001, 0.019273456093684076, False, 8, 4, 7807.856350463417, 7726.996522692123]
[11, 9, 0.10500000000000001, 0.01837651935079526, False, 2, 1, 8537.08138121545, 8521.929631279916]
[11, 9, 0.10500000000000001, 0.01837651935079526, False, 4, 2, 9971.297133632037, 9917.29459093475]
[11, 9, 0.10500000000000001, 0.01837651935079526, False, 6, 3, 9421.484030077476, 9340.178600015184]
[11, 9, 0.10500000000000001, 0.01837651935079526, False, 8, 4, 8475.945863149122, 8377.769949499363]
[12, 9, 0.10500000000000001, 0.017594177772660285, False, 2, 1, 8836.05850058034, 8819.152572886205]
[12, 9, 0.10500000000000001, 0.017594177772660285, False, 4, 2, 10539.387793480342, 10476.774492024104]
[12, 9, 0.10500000000000001, 0.017594177772660285, False, 6, 3, 10060.814610076408, 9964.9542070544]
[12, 9, 0.10500000000000001, 0.017594177772660285, False, 8, 4, 9121.362750114435, 9004.230316437362]
[13, 9, 0.10500000000000001, 0.01690393922672755, False, 2, 1, 9105.771975867432, 9087.1083320074]
[13, 9, 0.10500000000000001, 0.01690393922672755, False, 4, 2, 11048.275173304884, 10976.831082748973]
[13, 9, 0.10500000000000001, 0.01690393922672755, False, 6, 3, 10665.810221004145, 10554.421884813946]
[13, 9, 0.10500000000000001, 0.01690393922672755, False, 8, 4, 9743.724607258711, 9606.012308694262]
[14, 9, 0.10500000000000001, 0.016289043420900352, False, 2, 1, 9350.564695817278, 9330.13794906636]
[14, 9, 0.10500000000000001, 0.016289043420900352, False, 4, 2, 11511.515976693596, 11432.201344470977]
[14, 9, 0.10500000000000001, 0.016289043420900352, False, 6, 3, 11221.05203846467, 11093.458206112424]
[14, 9, 0.10500000000000001, 0.016289043420900352, False, 8, 4, 10320.490715633827, 10161.088269860262]
[15, 9, 0.10500000000000001, 0.015736711003153693, False, 8, 4, 10320.490715633827, 10161.088269860262]
[16, 9, 0.10500000000000001, 0.015237004909823318, False, 8, 4, 10320.490715633827, 10161.088269860262]
[17, 9, 0.10500000000000001, 0.01478206603794269, False, 8, 4, 10320.490715633827, 10161.088269860262]
[18, 9, 0.10500000000000001, 0.014365585995611716, False, 8, 4, 10320.490715633827, 10161.088269860262]
[19, 9, 0.10500000000000001, 0.013982434653505876, False, 8, 4, 10320.490715633827, 10161.088269860262]
[20, 9, 0.10500000000000001, 0.013628391500745197, False, 8, 4, 10320.490715633827, 10161.088269860262]
[21, 9, 0.10500000000000001, 0.013299948259748407, False, 8, 4, 10320.490715633827, 10161.088269860262]
[22, 9, 0.10500000000000001, 0.01299416144755314, False, 8, 4, 10320.490715633827, 10161.088269860262]
[23, 9, 0.10500000000000001, 0.012708540603026322, False, 8, 4, 10320.490715633827, 10161.088269860262]
[24, 9, 0.10500000000000001, 0.012440962412449713, False, 8, 4, 10320.490715633827, 10161.088269860262]
[25, 9, 0.10500000000000001, 0.012189603927858655, False, 8, 4, 10320.490715633827, 10161.088269860262]
[26, 9, 0.10500000000000001, 0.011952890055984334, False, 8, 4, 10320.490715633827, 10161.088269860262]
[27, 9, 0.10500000000000001, 0.01172945184844019, False, 8, 4, 10320.490715633827, 10161.088269860262]
[28, 9, 0.10500000000000001, 0.011518093061960758, False, 8, 4, 10320.490715633827, 10161.088269860262]
[29, 9, 0.10500000000000001, 0.011317763118140162, False, 8, 4, 10320.490715633827, 10161.088269860262]
[30, 9, 0.10500000000000001, 0.011127535063902934, False, 8, 4, 10320.490715633827, 10161.088269860262]
[31, 9, 0.10500000000000001, 0.010946587475249077, False, 8, 4, 10320.490715633827, 10161.088269860262]
[32, 9, 0.10500000000000001, 0.010774189496708789, False, 8, 4, 10320.490715633827, 10161.088269860262]
[5, 1, 0.11875000000000001, 0.027256783001490394, False, 2, 1, 1551.7269799289443, 1551.6384452759944]
[5, 1, 0.11875000000000001, 0.027256783001490394, False, 4, 2, 1544.2480129546875, 1544.0099440285778]
[5, 1, 0.11875000000000001, 0.027256783001490394, False, 6, 3, 26454.237775286634, 1490.209234018078]
[5, 1, 0.11875000000000001, 0.027256783001490394, False, 8, 4, 26414.011609208555, 1434.2390983096445]
[6, 1, 0.11875000000000001, 0.024881924824899426, False, 2, 1, 1862.5366611913994, 1862.3915342417708]
[6, 1, 0.11875000000000001, 0.024881924824899426, False, 4, 2, 1874.1363372893804, 1873.7755142947706]
[6, 1, 0.11875000000000001, 0.024881924824899426, False, 6, 3, 26444.839844884496, 1814.256139834029]
[6, 1, 0.11875000000000001, 0.024881924824899426, False, 8, 4, 26401.548060703266, 1746.31478425769]
[7, 1, 0.11875000000000001, 0.023036186123921516, False, 2, 1, 2170.7287696224357, 2170.5070300475586]
[7, 1, 0.11875000000000001, 0.023036186123921516, False, 4, 2, 2208.118661364361, 2207.5956557493805]
[7, 1, 0.11875000000000001, 0.023036186123921516, False, 6, 3, 26435.1774281022, 2144.910967154142]
[7, 1, 0.11875000000000001, 0.023036186123921516, False, 8, 4, 26388.738884836548, 2065.0451946823123]
[8, 1, 0.11875000000000001, 0.021548378993417577, False, 2, 1, 2475.3507522643877, 2475.0292029847365]
[8, 1, 0.11875000000000001, 0.021548378993417577, False, 4, 2, 2543.7345517656945, 2543.0021781243345]
[8, 1, 0.11875000000000001, 0.021548378993417577, False, 6, 3, 26425.16598499968, 2481.779674897173]
[8, 1, 0.11875000000000001, 0.021548378993417577, False, 8, 4, 26375.47249912861, 2390.1146033069012]
[9, 1, 0.11875000000000001, 0.020316006546431092, False, 2, 1, 2776.071478048516, 2775.6239751720746]
[9, 1, 0.11875000000000001, 0.020316006546431092, False, 4, 2, 2881.7345890678243, 2880.7408354421095]
[9, 1, 0.11875000000000001, 0.020316006546431092, False, 6, 3, 2824.2014589519895, 2822.9592323264014]
[9, 1, 0.11875000000000001, 0.020316006546431092, False, 8, 4, 26361.65286022009, 2721.2733575877182]
[10, 1, 0.11875000000000001, 0.019273456093684076, False, 2, 1, 3072.5784790167318, 3071.9760022040105]
[10, 1, 0.11875000000000001, 0.019273456093684076, False, 4, 2, 3223.244260438483, 3221.9328843305816]
[10, 1, 0.11875000000000001, 0.019273456093684076, False, 6, 3, 3168.5234380224983, 3166.89665810628]
[10, 1, 0.11875000000000001, 0.019273456093684076, False, 8, 4, 26347.191004899687, 3058.298124952654]
[11, 1, 0.11875000000000001, 0.01837651935079526, False, 2, 1, 3365.0307950022357, 3364.2417611805104]
[11, 1, 0.11875000000000001, 0.01837651935079526, False, 4, 2, 3566.5490904882336, 3564.854857042613]
[11, 1, 0.11875000000000001, 0.01837651935079526, False, 6, 3, 3517.176739506095, 3515.0946111583326]
[11, 1, 0.11875000000000001, 0.01837651935079526, False, 8, 4, 26332.00006256281, 3401.0468810645725]
[12, 1, 0.11875000000000001, 0.017594177772660285, False, 2, 1, 3653.4386055207847, 3652.4289148246085]
[12, 1, 0.11875000000000001, 0.017594177772660285, False, 4, 2, 3911.2982400060737, 3909.1483990414686]
[12, 1, 0.11875000000000001, 0.017594177772660285, False, 6, 3, 3869.9036083198407, 3867.2879083556204]
[12, 1, 0.11875000000000001, 0.017594177772660285, False, 8, 4, 26315.991959368694, 3749.3861367361724]
[13, 1, 0.11875000000000001, 0.01690393922672755, False, 2, 1, 3937.8470493341997, 3936.5802081238576]
[13, 1, 0.11875000000000001, 0.01690393922672755, False, 4, 2, 4255.1296784849055, 4252.4395305926455]
[13, 1, 0.11875000000000001, 0.01690393922672755, False, 6, 3, 4226.476004612178, 4223.240943388674]
[13, 1, 0.11875000000000001, 0.01690393922672755, False, 8, 4, 4107.626577808958, 4103.205508414545]
[14, 1, 0.11875000000000001, 0.016289043420900352, False, 2, 1, 4218.325142933977, 4216.762378539353]
[14, 1, 0.11875000000000001, 0.016289043420900352, False, 4, 2, 4598.331152028506, 4595.544972176739]
[14, 1, 0.11875000000000001, 0.016289043420900352, False, 6, 3, 4584.304970029352, 4580.354175492035]
[14, 1, 0.11875000000000001, 0.016289043420900352, False, 8, 4, 4464.027188110518, 4458.658805533862]
[15, 1, 0.11875000000000001, 0.015736711003153693, False, 8, 4, 4464.027188110518, 4458.658805533862]
[16, 1, 0.11875000000000001, 0.015237004909823318, False, 8, 4, 4464.027188110518, 4458.658805533862]
[17, 1, 0.11875000000000001, 0.01478206603794269, False, 8, 4, 4464.027188110518, 4458.658805533862]
[18, 1, 0.11875000000000001, 0.014365585995611716, False, 8, 4, 4464.027188110518, 4458.658805533862]
[19, 1, 0.11875000000000001, 0.013982434653505876, False, 8, 4, 4464.027188110518, 4458.658805533862]
[20, 1, 0.11875000000000001, 0.013628391500745197, False, 8, 4, 4464.027188110518, 4458.658805533862]
[21, 1, 0.11875000000000001, 0.013299948259748407, False, 8, 4, 4464.027188110518, 4458.658805533862]
[22, 1, 0.11875000000000001, 0.01299416144755314, False, 8, 4, 4464.027188110518, 4458.658805533862]
[23, 1, 0.11875000000000001, 0.012708540603026322, False, 8, 4, 4464.027188110518, 4458.658805533862]
[24, 1, 0.11875000000000001, 0.012440962412449713, False, 8, 4, 4464.027188110518, 4458.658805533862]
[25, 1, 0.11875000000000001, 0.012189603927858655, False, 8, 4, 4464.027188110518, 4458.658805533862]
[26, 1, 0.11875000000000001, 0.011952890055984334, False, 8, 4, 4464.027188110518, 4458.658805533862]
[27, 1, 0.11875000000000001, 0.01172945184844019, False, 8, 4, 4464.027188110518, 4458.658805533862]
[28, 1, 0.11875000000000001, 0.011518093061960758, False, 8, 4, 4464.027188110518, 4458.658805533862]
[5, 2, 0.11875000000000001, 0.027256783001490394, False, 2, 1, 2531.372387425663, 2530.9638356345495]
[5, 2, 0.11875000000000001, 0.027256783001490394, False, 4, 2, 2509.0330103818337, 2508.204100547537]
[5, 2, 0.11875000000000001, 0.027256783001490394, False, 6, 3, 26195.340376215834, 2366.4261859467106]
[5, 2, 0.11875000000000001, 0.027256783001490394, False, 8, 4, 26072.44189036464, 2225.1475966803573]
[6, 2, 0.11875000000000001, 0.024881924824899426, False, 2, 1, 2993.314104352257, 2992.671892251108]
[6, 2, 0.11875000000000001, 0.024881924824899426, False, 4, 2, 3020.220747421783, 3018.9511405233816]
[6, 2, 0.11875000000000001, 0.024881924824899426, False, 6, 3, 26166.509374231897, 2863.7973768543297]
[6, 2, 0.11875000000000001, 0.024881924824899426, False, 8, 4, 26034.630052996596, 2694.0598776973598]
[7, 2, 0.11875000000000001, 0.023036186123921516, False, 2, 1, 3438.3351395805744, 3437.3929396516223]
[7, 2, 0.11875000000000001, 0.023036186123921516, False, 4, 2, 3529.1899433512767, 3527.3630561665705]
[7, 2, 0.11875000000000001, 0.023036186123921516, False, 6, 3, 26136.94263574558, 3365.569673346031]
[7, 2, 0.11875000000000001, 0.023036186123921516, False, 8, 4, 25993.971282976934, 3167.964977227564]
[8, 2, 0.11875000000000001, 0.021548378993417577, False, 2, 1, 3865.5403489073874, 3864.2272756868606]
[8, 2, 0.11875000000000001, 0.021548378993417577, False, 4, 2, 4030.2149062406043, 4027.701951602867]
[8, 2, 0.11875000000000001, 0.021548378993417577, False, 6, 3, 26106.388371797657, 3870.932131121542]
[8, 2, 0.11875000000000001, 0.021548378993417577, False, 8, 4, 25951.169109981834, 3646.242771125513]
[9, 2, 0.11875000000000001, 0.020316006546431092, False, 2, 1, 4275.496393581087, 4273.738666611276]
[9, 2, 0.11875000000000001, 0.020316006546431092, False, 4, 2, 4525.784800262863, 4522.449160868639]
[9, 2, 0.11875000000000001, 0.020316006546431092, False, 6, 3, 4380.448085535461, 4375.367761602118]
[9, 2, 0.11875000000000001, 0.020316006546431092, False, 8, 4, 25906.755499292525, 4128.375915476535]
[10, 2, 0.11875000000000001, 0.019273456093684076, False, 2, 1, 4668.680600480113, 4666.402525901607]
[10, 2, 0.11875000000000001, 0.019273456093684076, False, 4, 2, 5019.053233888535, 5014.751335806248]
[10, 2, 0.11875000000000001, 0.019273456093684076, False, 6, 3, 4881.865282971443, 4875.343999846747]
[10, 2, 0.11875000000000001, 0.019273456093684076, False, 8, 4, 25860.466065086628, 4613.8299469752255]
[11, 2, 0.11875000000000001, 0.01837651935079526, False, 2, 1, 5046.532518556888, 5043.657720600882]
[11, 2, 0.11875000000000001, 0.01837651935079526, False, 4, 2, 5506.113618059919, 5500.692791733858]
[11, 2, 0.11875000000000001, 0.01837651935079526, False, 6, 3, 5382.742033724681, 5374.549635110862]
[11, 2, 0.11875000000000001, 0.01837651935079526, False, 8, 4, 25812.04845973894, 5102.223219136036]
[12, 2, 0.11875000000000001, 0.017594177772660285, False, 2, 1, 5409.393936940106, 5406.438252811672]
[12, 2, 0.11875000000000001, 0.017594177772660285, False, 4, 2, 5986.4749472864805, 5979.775587093874]
[12, 2, 0.11875000000000001, 0.017594177772660285, False, 6, 3, 5882.488320116359, 5872.380267973268]
[12, 2, 0.11875000000000001, 0.017594177772660285, False, 8, 4, 25761.252204607626, 5593.1645063232745]
[13, 2, 0.11875000000000001, 0.01690393922672755, False, 2, 1, 5759.186386529087, 5755.638561610717]
[13, 2, 0.11875000000000001, 0.01690393922672755, False, 4, 2, 6455.000061337598, 6446.856025145453]
[13, 2, 0.11875000000000001, 0.01690393922672755, False, 6, 3, 6380.7109390105215, 6368.427985360053]
[13, 2, 0.11875000000000001, 0.01690393922672755, False, 8, 4, 6101.650305100804, 6086.291949914565]
[14, 2, 0.11875000000000001, 0.016289043420900352, False, 2, 1, 6096.293743740388, 6092.102036027487]
[14, 2, 0.11875000000000001, 0.016289043420900352, False, 4, 2, 6914.103506328766, 6904.345076193054]
[14, 2, 0.11875000000000001, 0.016289043420900352, False, 6, 3, 6871.59568383878, 6856.861086193058]
[14, 2, 0.11875000000000001, 0.016289043420900352, False, 8, 4, 6591.415444481598, 6573.040930654852]
[15, 2, 0.11875000000000001, 0.015736711003153693, False, 8, 4, 6591.415444481598, 6573.040930654852]
[16, 2, 0.11875000000000001, 0.015237004909823318, False, 8, 4, 6591.415444481598, 6573.040930654852]
[17, 2, 0.11875000000000001, 0.01478206603794269, False, 8, 4, 6591.415444481598, 6573.040930654852]
[18, 2, 0.11875000000000001, 0.014365585995611716, False, 8, 4, 6591.415444481598, 6573.040930654852]
[19, 2, 0.11875000000000001, 0.013982434653505876, False, 8, 4, 6591.415444481598, 6573.040930654852]
[20, 2, 0.11875000000000001, 0.013628391500745197, False, 8, 4, 6591.415444481598, 6573.040930654852]
[21, 2, 0.11875000000000001, 0.013299948259748407, False, 8, 4, 6591.415444481598, 6573.040930654852]
[22, 2, 0.11875000000000001, 0.01299416144755314, False, 8, 4, 6591.415444481598, 6573.040930654852]
[23, 2, 0.11875000000000001, 0.012708540603026322, False, 8, 4, 6591.415444481598, 6573.040930654852]
[24, 2, 0.11875000000000001, 0.012440962412449713, False, 8, 4, 6591.415444481598, 6573.040930654852]
[25, 2, 0.11875000000000001, 0.012189603927858655, False, 8, 4, 6591.415444481598, 6573.040930654852]
[26, 2, 0.11875000000000001, 0.011952890055984334, False, 8, 4, 6591.415444481598, 6573.040930654852]
[27, 2, 0.11875000000000001, 0.01172945184844019, False, 8, 4, 6591.415444481598, 6573.040930654852]
[28, 2, 0.11875000000000001, 0.011518093061960758, False, 8, 4, 6591.415444481598, 6573.040930654852]
[5, 3, 0.11875000000000001, 0.027256783001490394, False, 2, 1, 3395.3067358760177, 3394.264458153006]
[5, 3, 0.11875000000000001, 0.027256783001490394, False, 4, 2, 3350.6627711672495, 3348.667632717332]
[5, 3, 0.11875000000000001, 0.027256783001490394, False, 6, 3, 25717.188480611556, 3095.093857569705]
[5, 3, 0.11875000000000001, 0.027256783001490394, False, 8, 4, 25439.162389520243, 2852.2401810467427]
[6, 3, 0.11875000000000001, 0.024881924824899426, False, 2, 1, 3962.7452057025152, 3961.16804531729]
[6, 3, 0.11875000000000001, 0.024881924824899426, False, 4, 2, 4004.1339974930725, 4001.1294971613106]
[6, 3, 0.11875000000000001, 0.024881924824899426, False, 6, 3, 25651.452986630284, 3726.0620041267866]
[6, 3, 0.11875000000000001, 0.024881924824899426, False, 8, 4, 25354.753852807895, 3436.8054414031976]
[7, 3, 0.11875000000000001, 0.023036186123921516, False, 2, 1, 4496.000165048395, 4493.767990762548]
[7, 3, 0.11875000000000001, 0.023036186123921516, False, 4, 2, 4645.251821611343, 4641.007195615983]
[7, 3, 0.11875000000000001, 0.023036186123921516, False, 6, 3, 25584.369001092306, 4356.334585069027]
[7, 3, 0.11875000000000001, 0.023036186123921516, False, 8, 4, 25268.833304078416, 4022.5566357049884]
[8, 3, 0.11875000000000001, 0.021548378993417577, False, 2, 1, 4994.932629792869, 4992.439664067425]
[8, 3, 0.11875000000000001, 0.021548378993417577, False, 4, 2, 5264.979972224278, 5259.2574079667975]
[8, 3, 0.11875000000000001, 0.021548378993417577, False, 6, 3, 4993.681798415262, 4984.841163066695]
[8, 3, 0.11875000000000001, 0.021548378993417577, False, 8, 4, 25180.7156992194, 4608.660412128019]
[9, 3, 0.11875000000000001, 0.020316006546431092, False, 2, 1, 5463.0048946069855, 5459.805983970731]
[9, 3, 0.11875000000000001, 0.020316006546431092, False, 4, 2, 5868.543166888634, 5861.098933100119]
[9, 3, 0.11875000000000001, 0.020316006546431092, False, 6, 3, 5615.829784280444, 5604.372186283479]
[9, 3, 0.11875000000000001, 0.020316006546431092, False, 8, 4, 25089.84724330847, 5194.3854379860495]
[10, 3, 0.11875000000000001, 0.019273456093684076, False, 2, 1, 5902.028066996806, 5898.0482741095675]
[10, 3, 0.11875000000000001, 0.019273456093684076, False, 4, 2, 6461.8956267482745, 6452.479036634095]
[10, 3, 0.11875000000000001, 0.019273456093684076, False, 6, 3, 6224.057648416865, 6209.567772805858]
[10, 3, 0.11875000000000001, 0.019273456093684076, False, 8, 4, 24995.746512099, 5778.9987576511985]
[11, 3, 0.11875000000000001, 0.01837651935079526, False, 2, 1, 6315.456484233701, 6310.627223369196]
[11, 3, 0.11875000000000001, 0.01837651935079526, False, 4, 2, 7039.049306208737, 7027.410052179766]
[11, 3, 0.11875000000000001, 0.01837651935079526, False, 6, 3, 6824.976464420115, 6807.034978350826]
[11, 3, 0.11875000000000001, 0.01837651935079526, False, 8, 4, 24897.971267638022, 6361.992242121223]
[12, 3, 0.11875000000000001, 0.017594177772660285, False, 2, 1, 6705.665752611472, 6699.924717096809]
[12, 3, 0.11875000000000001, 0.017594177772660285, False, 4, 2, 7599.818490037409, 7585.70647464415]
[12, 3, 0.11875000000000001, 0.017594177772660285, False, 6, 3, 7417.974872642994, 7396.150073463872]
[12, 3, 0.11875000000000001, 0.017594177772660285, False, 8, 4, 6969.491192700085, 6942.828204348762]
[13, 3, 0.11875000000000001, 0.01690393922672755, False, 2, 1, 7074.775774066513, 7068.066570648979]
[13, 3, 0.11875000000000001, 0.01690393922672755, False, 4, 2, 8137.471670419995, 8119.778477448768]
[13, 3, 0.11875000000000001, 0.01690393922672755, False, 6, 3, 8002.5309375075, 7976.378883495853]
[13, 3, 0.11875000000000001, 0.01690393922672755, False, 8, 4, 7552.965644485913, 7521.00542783844]
[14, 3, 0.11875000000000001, 0.016289043420900352, False, 2, 1, 7424.669613126484, 7416.941308346868]
[14, 3, 0.11875000000000001, 0.016289043420900352, False, 4, 2, 8655.117657491322, 8634.269862107352]
[14, 3, 0.11875000000000001, 0.016289043420900352, False, 6, 3, 8569.81834224025, 8538.893450701673]
[14, 3, 0.11875000000000001, 0.016289043420900352, False, 8, 4, 8121.351368060177, 8083.542485300845]
[15, 3, 0.11875000000000001, 0.015736711003153693, False, 8, 4, 8121.351368060177, 8083.542485300845]
[16, 3, 0.11875000000000001, 0.015237004909823318, False, 8, 4, 8121.351368060177, 8083.542485300845]
[17, 3, 0.11875000000000001, 0.01478206603794269, False, 8, 4, 8121.351368060177, 8083.542485300845]
[18, 3, 0.11875000000000001, 0.014365585995611716, False, 8, 4, 8121.351368060177, 8083.542485300845]
[19, 3, 0.11875000000000001, 0.013982434653505876, False, 8, 4, 8121.351368060177, 8083.542485300845]
[20, 3, 0.11875000000000001, 0.013628391500745197, False, 8, 4, 8121.351368060177, 8083.542485300845]
[21, 3, 0.11875000000000001, 0.013299948259748407, False, 8, 4, 8121.351368060177, 8083.542485300845]
[22, 3, 0.11875000000000001, 0.01299416144755314, False, 8, 4, 8121.351368060177, 8083.542485300845]
[23, 3, 0.11875000000000001, 0.012708540603026322, False, 8, 4, 8121.351368060177, 8083.542485300845]
[24, 3, 0.11875000000000001, 0.012440962412449713, False, 8, 4, 8121.351368060177, 8083.542485300845]
[25, 3, 0.11875000000000001, 0.012189603927858655, False, 8, 4, 8121.351368060177, 8083.542485300845]
[26, 3, 0.11875000000000001, 0.011952890055984334, False, 8, 4, 8121.351368060177, 8083.542485300845]
[27, 3, 0.11875000000000001, 0.01172945184844019, False, 8, 4, 8121.351368060177, 8083.542485300845]
[28, 3, 0.11875000000000001, 0.011518093061960758, False, 8, 4, 8121.351368060177, 8083.542485300845]
[5, 4, 0.11875000000000001, 0.027256783001490394, False, 2, 1, 4113.478738770735, 4111.531725089327]
[5, 4, 0.11875000000000001, 0.027256783001490394, False, 4, 2, 4039.7848515079017, 4036.2401042618676]
[5, 4, 0.11875000000000001, 0.027256783001490394, False, 6, 3, 24997.31551766925, 3666.891410073862]
[5, 4, 0.11875000000000001, 0.027256783001490394, False, 8, 4, 24526.10409629562, 3324.8039851434687]
[6, 4, 0.11875000000000001, 0.024881924824899426, False, 2, 1, 4748.61076565324, 4746.279102517347]
[6, 4, 0.11875000000000001, 0.024881924824899426, False, 4, 2, 4798.477153399304, 4793.206547130596]
[6, 4, 0.11875000000000001, 0.024881924824899426, False, 6, 3, 24884.753341753298, 4395.489343691557]
[6, 4, 0.11875000000000001, 0.024881924824899426, False, 8, 4, 24385.509015514803, 3990.9251402926857]
[7, 4, 0.11875000000000001, 0.023036186123921516, False, 2, 1, 5333.681810589478, 5330.504338732412]
[7, 4, 0.11875000000000001, 0.023036186123921516, False, 4, 2, 5533.745873995782, 5526.403097947345]
[7, 4, 0.11875000000000001, 0.023036186123921516, False, 6, 3, 24770.6251776329, 5117.375966837684]
[7, 4, 0.11875000000000001, 0.023036186123921516, False, 8, 4, 24243.533746772948, 4653.731610075514]
[8, 4, 0.11875000000000001, 0.021548378993417577, False, 2, 1, 5870.784117831696, 5866.658856359013]
[8, 4, 0.11875000000000001, 0.021548378993417577, False, 4, 2, 6233.775929509321, 6224.026999320489]
[8, 4, 0.11875000000000001, 0.021548378993417577, False, 6, 3, 5845.974586170755, 5831.411662007307]
[8, 4, 0.11875000000000001, 0.021548378993417577, False, 8, 4, 24101.38396767363, 5312.456371639191]
[9, 4, 0.11875000000000001, 0.020316006546431092, False, 2, 1, 6365.08436679965, 6359.923439519117]
[9, 4, 0.11875000000000001, 0.020316006546431092, False, 4, 2, 6907.797755671094, 6894.506300193578]
[9, 4, 0.11875000000000001, 0.020316006546431092, False, 6, 3, 6546.839955765319, 6528.0774874407425]
[9, 4, 0.11875000000000001, 0.020316006546431092, False, 8, 4, 23969.71607233174, 5967.1060842449515]
[10, 4, 0.11875000000000001, 0.019273456093684076, False, 2, 1, 6820.746898344915, 6814.476020449178]
[10, 4, 0.11875000000000001, 0.019273456093684076, False, 4, 2, 7563.385961276846, 7546.798991384656]
[10, 4, 0.11875000000000001, 0.019273456093684076, False, 6, 3, 7224.127173878341, 7200.62335315311]
[10, 4, 0.11875000000000001, 0.019273456093684076, False, 8, 4, 23834.22939714974, 6616.179351517805]
[11, 4, 0.11875000000000001, 0.01837651935079526, False, 2, 1, 7243.31984002882, 7235.8754276062255]
[11, 4, 0.11875000000000001, 0.01837651935079526, False, 4, 2, 8193.491204675378, 8173.249397245976]
[11, 4, 0.11875000000000001, 0.01837651935079526, False, 6, 3, 7887.299083458457, 7858.488201125017]
[11, 4, 0.11875000000000001, 0.01837651935079526, False, 8, 4, 23694.367525223202, 7259.154040769721]
[12, 4, 0.11875000000000001, 0.017594177772660285, False, 2, 1, 7636.6076600615315, 7627.93590280803]
[12, 4, 0.11875000000000001, 0.017594177772660285, False, 4, 2, 8798.52031345652, 8774.27370539191]
[12, 4, 0.11875000000000001, 0.017594177772660285, False, 6, 3, 8535.862123420933, 8501.175058232682]
[12, 4, 0.11875000000000001, 0.017594177772660285, False, 8, 4, 7938.489796249704, 7895.4587894102515]
[13, 4, 0.11875000000000001, 0.01690393922672755, False, 2, 1, 8003.874732162996, 7993.9301487506955]
[13, 4, 0.11875000000000001, 0.01690393922672755, False, 4, 2, 9368.998078808136, 9340.429597691817]
[13, 4, 0.11875000000000001, 0.01690393922672755, False, 6, 3, 9170.644599104013, 9129.514387010659]
[13, 4, 0.11875000000000001, 0.01690393922672755, False, 8, 4, 8575.761404231422, 8524.563558769289]
[14, 4, 0.11875000000000001, 0.016289043420900352, False, 2, 1, 8347.921529581266, 8336.665646454447]
[14, 4, 0.11875000000000001, 0.016289043420900352, False, 4, 2, 9911.8847279065, 9878.683465111571]
[14, 4, 0.11875000000000001, 0.016289043420900352, False, 6, 3, 9779.762470711932, 9731.666878415976]
[14, 4, 0.11875000000000001, 0.016289043420900352, False, 8, 4, 9190.050308977507, 9129.95661207586]
[15, 4, 0.11875000000000001, 0.015736711003153693, False, 8, 4, 9190.050308977507, 9129.95661207586]
[16, 4, 0.11875000000000001, 0.015237004909823318, False, 8, 4, 9190.050308977507, 9129.95661207586]
[17, 4, 0.11875000000000001, 0.01478206603794269, False, 8, 4, 9190.050308977507, 9129.95661207586]
[18, 4, 0.11875000000000001, 0.014365585995611716, False, 8, 4, 9190.050308977507, 9129.95661207586]
[19, 4, 0.11875000000000001, 0.013982434653505876, False, 8, 4, 9190.050308977507, 9129.95661207586]
[20, 4, 0.11875000000000001, 0.013628391500745197, False, 8, 4, 9190.050308977507, 9129.95661207586]
[21, 4, 0.11875000000000001, 0.013299948259748407, False, 8, 4, 9190.050308977507, 9129.95661207586]
[22, 4, 0.11875000000000001, 0.01299416144755314, False, 8, 4, 9190.050308977507, 9129.95661207586]
[23, 4, 0.11875000000000001, 0.012708540603026322, False, 8, 4, 9190.050308977507, 9129.95661207586]
[24, 4, 0.11875000000000001, 0.012440962412449713, False, 8, 4, 9190.050308977507, 9129.95661207586]
[25, 4, 0.11875000000000001, 0.012189603927858655, False, 8, 4, 9190.050308977507, 9129.95661207586]
[26, 4, 0.11875000000000001, 0.011952890055984334, False, 8, 4, 9190.050308977507, 9129.95661207586]
[27, 4, 0.11875000000000001, 0.01172945184844019, False, 8, 4, 9190.050308977507, 9129.95661207586]
[28, 4, 0.11875000000000001, 0.011518093061960758, False, 8, 4, 9190.050308977507, 9129.95661207586]
[5, 5, 0.11875000000000001, 0.027256783001490394, False, 2, 1, 4693.698100134472, 4691.27019179538]
[5, 5, 0.11875000000000001, 0.027256783001490394, False, 4, 2, 4590.035729198035, 4584.183654199525]
[5, 5, 0.11875000000000001, 0.027256783001490394, False, 6, 3, 24070.296838470393, 4106.369900635228]
[5, 5, 0.11875000000000001, 0.027256783001490394, False, 8, 4, 23455.451674213014, 3678.434903688668]
[6, 5, 0.11875000000000001, 0.024881924824899426, False, 2, 1, 5371.349628520094, 5367.905070319465]
[6, 5, 0.11875000000000001, 0.024881924824899426, False, 4, 2, 5425.002523415318, 5416.486635507066]
[6, 5, 0.11875000000000001, 0.024881924824899426, False, 6, 3, 23922.12058416343, 4905.944145724562]
[6, 5, 0.11875000000000001, 0.024881924824899426, False, 8, 4, 23274.705231217053, 4402.767552414696]
[7, 5, 0.11875000000000001, 0.023036186123921516, False, 2, 1, 5985.211984404416, 5980.6237846226395]
[7, 5, 0.11875000000000001, 0.023036186123921516, False, 4, 2, 6226.1055079654, 6214.427999921491]
[7, 5, 0.11875000000000001, 0.023036186123921516, False, 6, 3, 23772.72880328801, 5693.158453976429]
[7, 5, 0.11875000000000001, 0.023036186123921516, False, 8, 4, 23093.396947358237, 5119.700094154603]
[8, 5, 0.11875000000000001, 0.021548378993417577, False, 2, 1, 6539.881830475837, 6534.048064717416]
[8, 5, 0.11875000000000001, 0.021548378993417577, False, 4, 2, 6979.402145558771, 6964.099828624994]
[8, 5, 0.11875000000000001, 0.021548378993417577, False, 6, 3, 6488.0344612481595, 6466.934820803259]
[8, 5, 0.11875000000000001, 0.021548378993417577, False, 8, 4, 22910.168943761368, 5828.349800121905]
[9, 5, 0.11875000000000001, 0.020316006546431092, False, 2, 1, 7043.0344729861035, 7035.873960346816]
[9, 5, 0.11875000000000001, 0.020316006546431092, False, 4, 2, 7696.532569383182, 7677.151001239479]
[9, 5, 0.11875000000000001, 0.020316006546431092, False, 6, 3, 7242.9055938579295, 7215.913830706842]
[9, 5, 0.11875000000000001, 0.020316006546431092, False, 8, 4, 22724.011016326935, 6527.938766452724]
[10, 5, 0.11875000000000001, 0.019273456093684076, False, 2, 1, 7500.694683980365, 7492.144612424614]
[10, 5, 0.11875000000000001, 0.019273456093684076, False, 4, 2, 8389.29293365372, 8365.373876938113]
[10, 5, 0.11875000000000001, 0.019273456093684076, False, 6, 3, 7965.9141805546, 7932.357974936104]
[10, 5, 0.11875000000000001, 0.019273456093684076, False, 8, 4, 22534.121617976787, 7217.649572296938]
[11, 5, 0.11875000000000001, 0.01837651935079526, False, 2, 1, 7920.238081334698, 7910.248032511064]
[11, 5, 0.11875000000000001, 0.01837651935079526, False, 4, 2, 9049.510418564889, 9020.63495306707]
[11, 5, 0.11875000000000001, 0.01837651935079526, False, 6, 3, 8669.078908323036, 8628.252255621246]
[11, 5, 0.11875000000000001, 0.01837651935079526, False, 8, 4, 7946.22062028835, 7896.99450853347]
[12, 5, 0.11875000000000001, 0.017594177772660285, False, 2, 1, 8306.65385679877, 8295.184270459931]
[12, 5, 0.11875000000000001, 0.017594177772660285, False, 4, 2, 9678.314413922662, 9644.08721284074]
[12, 5, 0.11875000000000001, 0.017594177772660285, False, 6, 3, 9352.115372233908, 9303.320278222604]
[12, 5, 0.11875000000000001, 0.017594177772660285, False, 8, 4, 8621.603046030903, 8562.361917935348]
[13, 5, 0.11875000000000001, 0.01690393922672755, False, 2, 1, 8664.109552910557, 8651.129390300888]
[13, 5, 0.11875000000000001, 0.01690393922672755, False, 4, 2, 10264.237623022651, 10224.327889981194]
[13, 5, 0.11875000000000001, 0.01690393922672755, False, 6, 3, 10014.852135135172, 9957.399944124829]
[13, 5, 0.11875000000000001, 0.01690393922672755, False, 8, 4, 9283.681498331887, 9213.411579663145]
[14, 5, 0.11875000000000001, 0.016289043420900352, False, 2, 1, 8996.095528007852, 8981.580330721641]
[14, 5, 0.11875000000000001, 0.016289043420900352, False, 4, 2, 10816.32665004431, 10770.411135455342]
[14, 5, 0.11875000000000001, 0.016289043420900352, False, 6, 3, 10644.235224019305, 10577.532978909803]
[14, 5, 0.11875000000000001, 0.016289043420900352, False, 8, 4, 9915.12783348016, 9832.978614507685]
[15, 5, 0.11875000000000001, 0.015736711003153693, False, 8, 4, 9915.12783348016, 9832.978614507685]
[16, 5, 0.11875000000000001, 0.015237004909823318, False, 8, 4, 9915.12783348016, 9832.978614507685]
[17, 5, 0.11875000000000001, 0.01478206603794269, False, 8, 4, 9915.12783348016, 9832.978614507685]
[18, 5, 0.11875000000000001, 0.014365585995611716, False, 8, 4, 9915.12783348016, 9832.978614507685]
[19, 5, 0.11875000000000001, 0.013982434653505876, False, 8, 4, 9915.12783348016, 9832.978614507685]
[20, 5, 0.11875000000000001, 0.013628391500745197, False, 8, 4, 9915.12783348016, 9832.978614507685]
[21, 5, 0.11875000000000001, 0.013299948259748407, False, 8, 4, 9915.12783348016, 9832.978614507685]
[22, 5, 0.11875000000000001, 0.01299416144755314, False, 8, 4, 9915.12783348016, 9832.978614507685]
[23, 5, 0.11875000000000001, 0.012708540603026322, False, 8, 4, 9915.12783348016, 9832.978614507685]
[24, 5, 0.11875000000000001, 0.012440962412449713, False, 8, 4, 9915.12783348016, 9832.978614507685]
[25, 5, 0.11875000000000001, 0.012189603927858655, False, 8, 4, 9915.12783348016, 9832.978614507685]
[26, 5, 0.11875000000000001, 0.011952890055984334, False, 8, 4, 9915.12783348016, 9832.978614507685]
[27, 5, 0.11875000000000001, 0.01172945184844019, False, 8, 4, 9915.12783348016, 9832.978614507685]
[28, 5, 0.11875000000000001, 0.011518093061960758, False, 8, 4, 9915.12783348016, 9832.978614507685]
[5, 6, 0.11875000000000001, 0.027256783001490394, False, 2, 1, 5159.14155083273, 5155.843103369308]
[5, 6, 0.11875000000000001, 0.027256783001490394, False, 4, 2, 5025.038849502445, 5016.981562262511]
[5, 6, 0.11875000000000001, 0.027256783001490394, False, 6, 3, 23079.94092808473, 4446.912768637529]
[5, 6, 0.11875000000000001, 0.027256783001490394, False, 8, 4, 22264.185314283022, 3943.550916562491]
[6, 6, 0.11875000000000001, 0.024881924824899426, False, 2, 1, 5862.166743434008, 5857.579284607104]
[6, 6, 0.11875000000000001, 0.024881924824899426, False, 4, 2, 5915.977998540121, 5904.372321609639]
[6, 6, 0.11875000000000001, 0.024881924824899426, False, 6, 3, 22880.88970443212, 5297.556753985198]
[6, 6, 0.11875000000000001, 0.024881924824899426, False, 8, 4, 21963.681418720975, 4705.539293740134]
[7, 6, 0.11875000000000001, 0.023036186123921516, False, 2, 1, 6490.731548305015, 6484.7280076551115]
[7, 6, 0.11875000000000001, 0.023036186123921516, False, 4, 2, 6764.033969308898, 6748.273519987274]
[7, 6, 0.11875000000000001, 0.023036186123921516, False, 6, 3, 6151.506930967204, 6130.425133083021]
[7, 6, 0.11875000000000001, 0.023036186123921516, False, 8, 4, 21665.746547080802, 5455.219837109516]
[8, 6, 0.11875000000000001, 0.021548378993417577, False, 2, 1, 7051.53012130194, 7044.017043487671]
[8, 6, 0.11875000000000001, 0.021548378993417577, False, 4, 2, 7553.654394469198, 7533.202534664513]
[8, 6, 0.11875000000000001, 0.021548378993417577, False, 6, 3, 6972.411388305144, 6944.568451623126]
[8, 6, 0.11875000000000001, 0.021548378993417577, False, 8, 4, 21369.798906097923, 6191.819388305266]
[9, 6, 0.11875000000000001, 0.020316006546431092, False, 2, 1, 7554.4645889424055, 7545.373426336846]
[9, 6, 0.11875000000000001, 0.020316006546431092, False, 4, 2, 8299.429168814015, 8273.765592418707]
[9, 6, 0.11875000000000001, 0.020316006546431092, False, 6, 3, 7762.650631944478, 7727.207678164096]
[9, 6, 0.11875000000000001, 0.020316006546431092, False, 8, 4, 21074.205561732448, 6914.593038013882]
[10, 6, 0.11875000000000001, 0.019273456093684076, False, 2, 1, 8007.141312117521, 7996.424287062914]
[10, 6, 0.11875000000000001, 0.019273456093684076, False, 4, 2, 9015.648843161065, 8984.248374794299]
[10, 6, 0.11875000000000001, 0.019273456093684076, False, 6, 3, 8509.132481409268, 8465.263506345393]
[10, 6, 0.11875000000000001, 0.019273456093684076, False, 8, 4, 7675.145468513513, 7622.733779852079]
[11, 6, 0.11875000000000001, 0.01837651935079526, False, 2, 1, 8418.417957976237, 8406.039147288862]
[11, 6, 0.11875000000000001, 0.01837651935079526, False, 4, 2, 9692.371479844616, 9654.772396301525]
[11, 6, 0.11875000000000001, 0.01837651935079526, False, 6, 3, 9229.356011600084, 9176.203022120151]
[11, 6, 0.11875000000000001, 0.01837651935079526, False, 8, 4, 8379.838669035955, 8315.790748554991]
[12, 6, 0.11875000000000001, 0.017594177772660285, False, 2, 1, 8794.198210481632, 8780.131872458925]
[12, 6, 0.11875000000000001, 0.017594177772660285, False, 4, 2, 10331.349038153276, 10287.124181846391]
[12, 6, 0.11875000000000001, 0.017594177772660285, False, 6, 3, 9924.78676740764, 9860.469166820885]
[12, 6, 0.11875000000000001, 0.017594177772660285, False, 8, 4, 9070.104941856407, 8993.222196960762]
[13, 6, 0.11875000000000001, 0.01690393922672755, False, 2, 1, 9139.31726724838, 9123.54496748259]
[13, 6, 0.11875000000000001, 0.01690393922672755, False, 4, 2, 10920.759212025945, 10869.581755604871]
[13, 6, 0.11875000000000001, 0.01690393922672755, False, 6, 3, 10593.593928201351, 10518.154377478377]
[13, 6, 0.11875000000000001, 0.01690393922672755, False, 8, 4, 9745.465867634968, 9654.522967713467]
[14, 6, 0.11875000000000001, 0.016289043420900352, False, 2, 1, 9457.753632199032, 9440.261997664178]
[14, 6, 0.11875000000000001, 0.016289043420900352, False, 4, 2, 11471.44103187478, 11412.988364116729]
[14, 6, 0.11875000000000001, 0.016289043420900352, False, 6, 3, 11222.403777223004, 11135.139865890891]
[14, 6, 0.11875000000000001, 0.016289043420900352, False, 8, 4, 10384.83832677098, 10278.845511607666]
[15, 6, 0.11875000000000001, 0.015736711003153693, False, 8, 4, 10384.83832677098, 10278.845511607666]
[16, 6, 0.11875000000000001, 0.015237004909823318, False, 8, 4, 10384.83832677098, 10278.845511607666]
[17, 6, 0.11875000000000001, 0.01478206603794269, False, 8, 4, 10384.83832677098, 10278.845511607666]
[18, 6, 0.11875000000000001, 0.014365585995611716, False, 8, 4, 10384.83832677098, 10278.845511607666]
[19, 6, 0.11875000000000001, 0.013982434653505876, False, 8, 4, 10384.83832677098, 10278.845511607666]
[20, 6, 0.11875000000000001, 0.013628391500745197, False, 8, 4, 10384.83832677098, 10278.845511607666]
[21, 6, 0.11875000000000001, 0.013299948259748407, False, 8, 4, 10384.83832677098, 10278.845511607666]
[22, 6, 0.11875000000000001, 0.01299416144755314, False, 8, 4, 10384.83832677098, 10278.845511607666]
[23, 6, 0.11875000000000001, 0.012708540603026322, False, 8, 4, 10384.83832677098, 10278.845511607666]
[24, 6, 0.11875000000000001, 0.012440962412449713, False, 8, 4, 10384.83832677098, 10278.845511607666]
[25, 6, 0.11875000000000001, 0.012189603927858655, False, 8, 4, 10384.83832677098, 10278.845511607666]
[26, 6, 0.11875000000000001, 0.011952890055984334, False, 8, 4, 10384.83832677098, 10278.845511607666]
[27, 6, 0.11875000000000001, 0.01172945184844019, False, 8, 4, 10384.83832677098, 10278.845511607666]
[28, 6, 0.11875000000000001, 0.011518093061960758, False, 8, 4, 10384.83832677098, 10278.845511607666]
[5, 7, 0.11875000000000001, 0.027256783001490394, False, 2, 1, 5531.71940456134, 5527.543511719412]
[5, 7, 0.11875000000000001, 0.027256783001490394, False, 4, 2, 5372.485345586044, 5362.144948173696]
[5, 7, 0.11875000000000001, 0.027256783001490394, False, 6, 3, 21889.45101401177, 4705.237809170124]
[5, 7, 0.11875000000000001, 0.027256783001490394, False, 8, 4, 20635.76281491927, 4130.406095502734]
[6, 7, 0.11875000000000001, 0.024881924824899426, False, 2, 1, 6249.34254248778, 6243.624758180639]
[6, 7, 0.11875000000000001, 0.024881924824899426, False, 4, 2, 6303.690725009019, 6288.913894191379]
[6, 7, 0.11875000000000001, 0.024881924824899426, False, 6, 3, 21575.63731127502, 5588.169445923896]
[6, 7, 0.11875000000000001, 0.024881924824899426, False, 8, 4, 20289.829750388613, 4918.103724626255]
[7, 7, 0.11875000000000001, 0.023036186123921516, False, 2, 1, 6884.192209105758, 6876.810826380177]
[7, 7, 0.11875000000000001, 0.023036186123921516, False, 4, 2, 7183.9719886280045, 7164.054102539581]
[7, 7, 0.11875000000000001, 0.023036186123921516, False, 6, 3, 6474.594397946668, 6447.395006812401]
[7, 7, 0.11875000000000001, 0.023036186123921516, False, 8, 4, 19952.101682398665, 5689.962596517269]
[8, 7, 0.11875000000000001, 0.021548378993417577, False, 2, 1, 7444.815788195816, 7435.6891937190985]
[8, 7, 0.11875000000000001, 0.021548378993417577, False, 4, 2, 7996.625062734958, 7970.969299716816]
[8, 7, 0.11875000000000001, 0.021548378993417577, False, 6, 3, 7317.8125084181565, 7282.135875247145]
[8, 7, 0.11875000000000001, 0.021548378993417577, False, 8, 4, 19619.72362141569, 6445.202785014103]
[9, 7, 0.11875000000000001, 0.020316006546431092, False, 2, 1, 7943.437819872126, 7932.512939875747]
[9, 7, 0.11875000000000001, 0.020316006546431092, False, 4, 2, 8758.879725331535, 8726.910671096972]
[9, 7, 0.11875000000000001, 0.020316006546431092, False, 6, 3, 8123.867223679238, 8078.644949268269]
[9, 7, 0.11875000000000001, 0.020316006546431092, False, 8, 4, 7236.4119760380745, 7183.226880260682]
[10, 7, 0.11875000000000001, 0.019273456093684076, False, 2, 1, 8389.080103752125, 8376.326843435352]
[10, 7, 0.11875000000000001, 0.019273456093684076, False, 4, 2, 9484.298067487784, 9445.411526850963]
[10, 7, 0.11875000000000001, 0.019273456093684076, False, 6, 3, 8883.967465561242, 8828.237627264141]
[10, 7, 0.11875000000000001, 0.019273456093684076, False, 8, 4, 7970.338757444003, 7904.272961463865]
[11, 7, 0.11875000000000001, 0.01837651935079526, False, 2, 1, 8791.24100896852, 8776.637965020223]
[11, 7, 0.11875000000000001, 0.01837651935079526, False, 4, 2, 10161.971480287872, 10115.642370848524]
[11, 7, 0.11875000000000001, 0.01837651935079526, False, 6, 3, 9614.029678488272, 9546.775677669622]
[11, 7, 0.11875000000000001, 0.01837651935079526, False, 8, 4, 8687.476660165317, 8607.069259976855]
[12, 7, 0.11875000000000001, 0.017594177772660285, False, 2, 1, 9156.50488045201, 9140.039411748116]
[12, 7, 0.11875000000000001, 0.017594177772660285, False, 4, 2, 10796.693629695843, 10742.453637092392]
[12, 7, 0.11875000000000001, 0.017594177772660285, False, 6, 3, 10314.254901359995, 10234.489080877942]
[12, 7, 0.11875000000000001, 0.017594177772660285, False, 8, 4, 9387.316577099557, 9291.116180698278]
[13, 7, 0.11875000000000001, 0.01690393922672755, False, 2, 1, 9490.186230879639, 9471.85133709796]
[13, 7, 0.11875000000000001, 0.01690393922672755, False, 4, 2, 11374.900482502797, 11313.591393404473]
[13, 7, 0.11875000000000001, 0.01690393922672755, False, 6, 3, 10984.940091788496, 10891.703777293009]
[13, 7, 0.11875000000000001, 0.01690393922672755, False, 8, 4, 10069.39294107677, 9955.948287894904]
[14, 7, 0.11875000000000001, 0.016289043420900352, False, 2, 1, 9797.586940074603, 9776.39313806493]
[14, 7, 0.11875000000000001, 0.016289043420900352, False, 4, 2, 11911.094115246788, 11841.396278553006]
[14, 7, 0.11875000000000001, 0.016289043420900352, False, 6, 3, 11612.231694687653, 11504.780757689312]
[14, 7, 0.11875000000000001, 0.016289043420900352, False, 8, 4, 10711.350267881562, 10579.531444641469]
[15, 7, 0.11875000000000001, 0.015736711003153693, False, 8, 4, 10711.350267881562, 10579.531444641469]
[16, 7, 0.11875000000000001, 0.015237004909823318, False, 8, 4, 10711.350267881562, 10579.531444641469]
[17, 7, 0.11875000000000001, 0.01478206603794269, False, 8, 4, 10711.350267881562, 10579.531444641469]
[18, 7, 0.11875000000000001, 0.014365585995611716, False, 8, 4, 10711.350267881562, 10579.531444641469]
[19, 7, 0.11875000000000001, 0.013982434653505876, False, 8, 4, 10711.350267881562, 10579.531444641469]
[20, 7, 0.11875000000000001, 0.013628391500745197, False, 8, 4, 10711.350267881562, 10579.531444641469]
[21, 7, 0.11875000000000001, 0.013299948259748407, False, 8, 4, 10711.350267881562, 10579.531444641469]
[22, 7, 0.11875000000000001, 0.01299416144755314, False, 8, 4, 10711.350267881562, 10579.531444641469]
[23, 7, 0.11875000000000001, 0.012708540603026322, False, 8, 4, 10711.350267881562, 10579.531444641469]
[24, 7, 0.11875000000000001, 0.012440962412449713, False, 8, 4, 10711.350267881562, 10579.531444641469]
[25, 7, 0.11875000000000001, 0.012189603927858655, False, 8, 4, 10711.350267881562, 10579.531444641469]
[26, 7, 0.11875000000000001, 0.011952890055984334, False, 8, 4, 10711.350267881562, 10579.531444641469]
[27, 7, 0.11875000000000001, 0.01172945184844019, False, 8, 4, 10711.350267881562, 10579.531444641469]
[28, 7, 0.11875000000000001, 0.011518093061960758, False, 8, 4, 10711.350267881562, 10579.531444641469]
[5, 8, 0.11875000000000001, 0.027256783001490394, False, 2, 1, 5831.630456838031, 5826.589337025831]
[5, 8, 0.11875000000000001, 0.027256783001490394, False, 4, 2, 5647.029945075228, 5634.365178435811]
[5, 8, 0.11875000000000001, 0.027256783001490394, False, 6, 3, 20414.779452855586, 4894.393887575048]
[5, 8, 0.11875000000000001, 0.027256783001490394, False, 8, 4, 19044.434932995387, 4271.422132456457]
[6, 8, 0.11875000000000001, 0.024881924824899426, False, 2, 1, 6558.042449304698, 6551.226749779315]
[6, 8, 0.11875000000000001, 0.024881924824899426, False, 4, 2, 6602.8763036943055, 6584.868094561569]
[6, 8, 0.11875000000000001, 0.024881924824899426, False, 6, 3, 5824.908889780345, 5800.665765634348]
[6, 8, 0.11875000000000001, 0.024881924824899426, False, 8, 4, 18686.552883015913, 5077.627235228041]
[7, 8, 0.11875000000000001, 0.023036186123921516, False, 2, 1, 7195.309093140742, 7186.606413632388]
[7, 8, 0.11875000000000001, 0.023036186123921516, False, 4, 2, 7499.9403054518425, 7475.777610699364]
[7, 8, 0.11875000000000001, 0.023036186123921516, False, 6, 3, 6711.900175817897, 6678.842951855766]
[7, 8, 0.11875000000000001, 0.023036186123921516, False, 8, 4, 18339.349608613433, 5864.979886981766]
[8, 8, 0.11875000000000001, 0.021548378993417577, False, 2, 1, 7753.532086982684, 7742.875189474797]
[8, 8, 0.11875000000000001, 0.021548378993417577, False, 4, 2, 8320.896724909902, 8289.912607659138]
[8, 8, 0.11875000000000001, 0.021548378993417577, False, 6, 3, 7571.554935366921, 7528.306804954454]
[8, 8, 0.11875000000000001, 0.021548378993417577, False, 8, 4, 17999.689915873565, 6632.752358356492]
[9, 8, 0.11875000000000001, 0.020316006546431092, False, 2, 1, 8246.03163905898, 8233.381078934774]
[9, 8, 0.11875000000000001, 0.020316006546431092, False, 4, 2, 9085.31705840922, 9046.866240010535]
[9, 8, 0.11875000000000001, 0.020316006546431092, False, 6, 3, 8390.309884193239, 8335.656152274125]
[9, 8, 0.11875000000000001, 0.020316006546431092, False, 8, 4, 7444.391859483898, 7380.294457875008]
[10, 8, 0.11875000000000001, 0.019273456093684076, False, 2, 1, 8682.722833513097, 8668.060411938055]
[10, 8, 0.11875000000000001, 0.019273456093684076, False, 4, 2, 9811.37389366526, 9764.79378235216]
[10, 8, 0.11875000000000001, 0.019273456093684076, False, 6, 3, 9158.59509529908, 9091.461893708498]
[10, 8, 0.11875000000000001, 0.019273456093684076, False, 8, 4, 8186.354725809254, 8106.867092278594]
[11, 8, 0.11875000000000001, 0.01837651935079526, False, 2, 1, 9074.532516212828, 9057.847602924725]
[11, 8, 0.11875000000000001, 0.01837651935079526, False, 4, 2, 10486.941293911123, 10432.737163592172]
[11, 8, 0.11875000000000001, 0.01837651935079526, False, 6, 3, 9893.43477869988, 9812.678718764695]
[11, 8, 0.11875000000000001, 0.01837651935079526, False, 8, 4, 8908.680511762323, 8812.122837855863]
[12, 8, 0.11875000000000001, 0.017594177772660285, False, 2, 1, 9428.561477954694, 9409.85017269431]
[12, 8, 0.11875000000000001, 0.017594177772660285, False, 4, 2, 11116.88014342271, 11053.696232102644]
[12, 8, 0.11875000000000001, 0.017594177772660285, False, 6, 3, 10595.235172431772, 10499.757544492386]
[12, 8, 0.11875000000000001, 0.017594177772660285, False, 8, 4, 9610.8917373541, 9495.597145535488]
[13, 8, 0.11875000000000001, 0.01690393922672755, False, 2, 1, 9751.480605979374, 9729.735774022622]
[13, 8, 0.11875000000000001, 0.01690393922672755, False, 4, 2, 11687.575006744955, 11615.095860299605]
[13, 8, 0.11875000000000001, 0.01690393922672755, False, 6, 3, 11264.486991206404, 11153.233785798746]
[13, 8, 0.11875000000000001, 0.01690393922672755, False, 8, 4, 10292.541684938216, 10156.856879338922]
[14, 8, 0.11875000000000001, 0.016289043420900352, False, 2, 1, 10045.974536048821, 10022.0571201825]
[14, 8, 0.11875000000000001, 0.016289043420900352, False, 4, 2, 12212.489377424105, 12130.380837296012]
[14, 8, 0.11875000000000001, 0.016289043420900352, False, 6, 3, 11885.58812616423, 11757.761100854863]
[14, 8, 0.11875000000000001, 0.016289043420900352, False, 8, 4, 10928.41275896262, 10771.047076437946]
[15, 8, 0.11875000000000001, 0.015736711003153693, False, 8, 4, 10928.41275896262, 10771.047076437946]
[16, 8, 0.11875000000000001, 0.015237004909823318, False, 8, 4, 10928.41275896262, 10771.047076437946]
[17, 8, 0.11875000000000001, 0.01478206603794269, False, 8, 4, 10928.41275896262, 10771.047076437946]
[18, 8, 0.11875000000000001, 0.014365585995611716, False, 8, 4, 10928.41275896262, 10771.047076437946]
[19, 8, 0.11875000000000001, 0.013982434653505876, False, 8, 4, 10928.41275896262, 10771.047076437946]
[20, 8, 0.11875000000000001, 0.013628391500745197, False, 8, 4, 10928.41275896262, 10771.047076437946]
[21, 8, 0.11875000000000001, 0.013299948259748407, False, 8, 4, 10928.41275896262, 10771.047076437946]
[22, 8, 0.11875000000000001, 0.01299416144755314, False, 8, 4, 10928.41275896262, 10771.047076437946]
[23, 8, 0.11875000000000001, 0.012708540603026322, False, 8, 4, 10928.41275896262, 10771.047076437946]
[24, 8, 0.11875000000000001, 0.012440962412449713, False, 8, 4, 10928.41275896262, 10771.047076437946]
[25, 8, 0.11875000000000001, 0.012189603927858655, False, 8, 4, 10928.41275896262, 10771.047076437946]
[26, 8, 0.11875000000000001, 0.011952890055984334, False, 8, 4, 10928.41275896262, 10771.047076437946]
[27, 8, 0.11875000000000001, 0.01172945184844019, False, 8, 4, 10928.41275896262, 10771.047076437946]
[28, 8, 0.11875000000000001, 0.011518093061960758, False, 8, 4, 10928.41275896262, 10771.047076437946]
[5, 9, 0.11875000000000001, 0.027256783001490394, False, 2, 1, 6076.255439706915, 6070.372111321357]
[5, 9, 0.11875000000000001, 0.027256783001490394, False, 4, 2, 5852.001814863219, 5836.917620080685]
[5, 9, 0.11875000000000001, 0.027256783001490394, False, 6, 3, 18984.59633267465, 5041.117803565758]
[5, 9, 0.11875000000000001, 0.027256783001490394, False, 8, 4, 17580.267546208714, 4380.8214724821155]
[6, 9, 0.11875000000000001, 0.024881924824899426, False, 2, 1, 6806.3579212115865, 6798.481771544849]
[6, 9, 0.11875000000000001, 0.024881924824899426, False, 4, 2, 6826.005005460809, 6804.649981838497]
[6, 9, 0.11875000000000001, 0.024881924824899426, False, 6, 3, 5993.213771159547, 5964.508172286962]
[6, 9, 0.11875000000000001, 0.024881924824899426, False, 8, 4, 17205.641267576895, 5199.345913736903]
[7, 9, 0.11875000000000001, 0.023036186123921516, False, 2, 1, 7442.234477553991, 7432.261819914256]
[7, 9, 0.11875000000000001, 0.023036186123921516, False, 4, 2, 7735.431830647138, 7706.897613587838]
[7, 9, 0.11875000000000001, 0.023036186123921516, False, 6, 3, 6895.184840751298, 6856.1145303369885]
[7, 9, 0.11875000000000001, 0.023036186123921516, False, 8, 4, 16844.828300384816, 5996.034159465918]
[8, 9, 0.11875000000000001, 0.021548378993417577, False, 2, 1, 7995.328682252763, 7983.204508772345]
[8, 9, 0.11875000000000001, 0.021548378993417577, False, 4, 2, 8562.517140015834, 8526.080161145017]
[8, 9, 0.11875000000000001, 0.021548378993417577, False, 6, 3, 7766.453734215256, 7715.466738917848]
[8, 9, 0.11875000000000001, 0.021548378993417577, False, 8, 4, 6829.575358104885, 6770.20227377829]
[9, 9, 0.11875000000000001, 0.020316006546431092, False, 2, 1, 8480.244980511668, 8465.941733642818]
[9, 9, 0.11875000000000001, 0.020316006546431092, False, 4, 2, 9328.668010240997, 9283.628944517386]
[9, 9, 0.11875000000000001, 0.020316006546431092, False, 6, 3, 8591.88028860541, 8527.601903169554]
[9, 9, 0.11875000000000001, 0.020316006546431092, False, 8, 4, 7596.201030397561, 7520.794573688223]
[10, 9, 0.11875000000000001, 0.019273456093684076, False, 2, 1, 8907.727884318361, 8891.238260148606]
[10, 9, 0.11875000000000001, 0.019273456093684076, False, 4, 2, 10052.690243131274, 9999.394428866983]
[10, 9, 0.11875000000000001, 0.019273456093684076, False, 6, 3, 9362.333561898982, 9283.57652022539]
[10, 9, 0.11875000000000001, 0.019273456093684076, False, 8, 4, 8338.835050665371, 8245.408625913822]
[11, 9, 0.11875000000000001, 0.01837651935079526, False, 2, 1, 9286.96968725069, 9268.27117998493]
[11, 9, 0.11875000000000001, 0.01837651935079526, False, 4, 2, 10726.049421652673, 10663.070007392771]
[11, 9, 0.11875000000000001, 0.01837651935079526, False, 6, 3, 10096.151404123237, 10001.650100719964]
[11, 9, 0.11875000000000001, 0.01837651935079526, False, 8, 4, 9058.7215455392, 8945.3545564631]
[12, 9, 0.11875000000000001, 0.017594177772660285, False, 2, 1, 9627.51957546142, 9605.600286471798]
[12, 9, 0.11875000000000001, 0.017594177772660285, False, 4, 2, 11350.204556571893, 11277.039411486201]
[12, 9, 0.11875000000000001, 0.017594177772660285, False, 6, 3, 10793.929528624056, 10682.48138198237]
[12, 9, 0.11875000000000001, 0.017594177772660285, False, 8, 4, 9755.385700889135, 9620.185874152769]
[13, 9, 0.11875000000000001, 0.01690393922672755, False, 2, 1, 9934.70519780895, 9910.403379260815]
[13, 9, 0.11875000000000001, 0.01690393922672755, False, 4, 2, 11912.202104136963, 11828.548145415465]
[13, 9, 0.11875000000000001, 0.01690393922672755, False, 6, 3, 11456.334527337345, 11326.800726626527]
[13, 9, 0.11875000000000001, 0.01690393922672755, False, 8, 4, 10428.37548924698, 10269.484947297506]
[14, 9, 0.11875000000000001, 0.016289043420900352, False, 2, 1, 10214.088632288223, 10187.392576322092]
[14, 9, 0.11875000000000001, 0.016289043420900352, False, 4, 2, 12426.374247645239, 12331.899460593393]
[14, 9, 0.11875000000000001, 0.016289043420900352, False, 6, 3, 12064.419993541453, 11915.90666008523]
[14, 9, 0.11875000000000001, 0.016289043420900352, False, 8, 4, 11053.964866101343, 10870.059503243308]
[15, 9, 0.11875000000000001, 0.015736711003153693, False, 8, 4, 11053.964866101343, 10870.059503243308]
[16, 9, 0.11875000000000001, 0.015237004909823318, False, 8, 4, 11053.964866101343, 10870.059503243308]
[17, 9, 0.11875000000000001, 0.01478206603794269, False, 8, 4, 11053.964866101343, 10870.059503243308]
[18, 9, 0.11875000000000001, 0.014365585995611716, False, 8, 4, 11053.964866101343, 10870.059503243308]
[19, 9, 0.11875000000000001, 0.013982434653505876, False, 8, 4, 11053.964866101343, 10870.059503243308]
[20, 9, 0.11875000000000001, 0.013628391500745197, False, 8, 4, 11053.964866101343, 10870.059503243308]
[21, 9, 0.11875000000000001, 0.013299948259748407, False, 8, 4, 11053.964866101343, 10870.059503243308]
[22, 9, 0.11875000000000001, 0.01299416144755314, False, 8, 4, 11053.964866101343, 10870.059503243308]
[23, 9, 0.11875000000000001, 0.012708540603026322, False, 8, 4, 11053.964866101343, 10870.059503243308]
[24, 9, 0.11875000000000001, 0.012440962412449713, False, 8, 4, 11053.964866101343, 10870.059503243308]
[25, 9, 0.11875000000000001, 0.012189603927858655, False, 8, 4, 11053.964866101343, 10870.059503243308]
[26, 9, 0.11875000000000001, 0.011952890055984334, False, 8, 4, 11053.964866101343, 10870.059503243308]
[27, 9, 0.11875000000000001, 0.01172945184844019, False, 8, 4, 11053.964866101343, 10870.059503243308]
[28, 9, 0.11875000000000001, 0.011518093061960758, False, 8, 4, 11053.964866101343, 10870.059503243308]
[5, 1, 0.1325, 0.027256783001490394, False, 2, 1, 1494.9818430401058, 1494.9028956884426]
[5, 1, 0.1325, 0.027256783001490394, False, 4, 2, 1486.7999742104873, 1486.588990534365]
[5, 1, 0.1325, 0.027256783001490394, False, 6, 3, 26476.467451557637, 1438.9295052735702]
[5, 1, 0.1325, 0.027256783001490394, False, 8, 4, 26443.51227873833, 1388.8409820326538]
[6, 1, 0.1325, 0.024881924824899426, False, 2, 1, 1799.589009813844, 1799.458501750472]
[6, 1, 0.1325, 0.024881924824899426, False, 4, 2, 1806.981870788608, 1806.6604777379334]
[6, 1, 0.1325, 0.024881924824899426, False, 6, 3, 26468.770987885786, 1753.532997405333]
[6, 1, 0.1325, 0.024881924824899426, False, 8, 4, 26433.29528890727, 1692.5550272524001]
[7, 1, 0.1325, 0.023036186123921516, False, 2, 1, 2103.3092388926448, 2103.108155294733]
[7, 1, 0.1325, 0.023036186123921516, False, 4, 2, 2132.0787150349374, 2131.6106323430213]
[7, 1, 0.1325, 0.023036186123921516, False, 6, 3, 26460.8561647695, 2075.1405151679933]
[7, 1, 0.1325, 0.023036186123921516, False, 8, 4, 26422.791885777002, 2003.2472512604809]
[8, 1, 0.1325, 0.021548378993417577, False, 2, 1, 2405.2347370871234, 2404.940688569191]
[8, 1, 0.1325, 0.021548378993417577, False, 4, 2, 2459.9782106970783, 2459.3195749319393]
[8, 1, 0.1325, 0.021548378993417577, False, 6, 3, 26452.653562912816, 2403.4005703414587]
[8, 1, 0.1325, 0.021548378993417577, False, 8, 4, 26411.910279111213, 2320.6328011795613]
[9, 1, 0.1325, 0.020316006546431092, False, 2, 1, 2704.9758903447037, 2704.5632292318996]
[9, 1, 0.1325, 0.020316006546431092, False, 4, 2, 2791.2173151497414, 2790.3192043577546]
[9, 1, 0.1325, 0.020316006546431092, False, 6, 3, 2737.844974478799, 2736.7128608996754]
[9, 1, 0.1325, 0.020316006546431092, False, 8, 4, 26400.571307714614, 2644.493768102265]
[10, 1, 0.1325, 0.019273456093684076, False, 2, 1, 3002.161408784478, 3001.6011956451885]
[10, 1, 0.1325, 0.019273456093684076, False, 4, 2, 3126.816455484778, 3125.6256642525805]
[10, 1, 0.1325, 0.019273456093684076, False, 6, 3, 3075.1144081146326, 3073.627257961826]
[10, 1, 0.1325, 0.019273456093684076, False, 8, 4, 26388.701506088437, 2974.6402254694663]
[11, 1, 0.1325, 0.01837651935079526, False, 2, 1, 3296.8472215111738, 3296.107463524585]
[11, 1, 0.1325, 0.01837651935079526, False, 4, 2, 3465.2667566160835, 3463.7209411190197]
[11, 1, 0.1325, 0.01837651935079526, False, 6, 3, 3417.4010839504363, 3415.4916060102387]
[11, 1, 0.1325, 0.01837651935079526, False, 8, 4, 26376.2290080842, 3310.9594751558116]
[12, 1, 0.1325, 0.017594177772660285, False, 2, 1, 3588.966695144628, 3588.012309341285]
[12, 1, 0.1325, 0.017594177772660285, False, 4, 2, 3806.2526759157786, 3804.2816599918247]
[12, 1, 0.1325, 0.017594177772660285, False, 6, 3, 3764.4886786341485, 3762.082039712702]
[12, 1, 0.1325, 0.017594177772660285, False, 8, 4, 26363.08083109682, 3653.3499907549985]
[13, 1, 0.1325, 0.01690393922672755, False, 2, 1, 3878.49108083207, 3877.283943953973]
[13, 1, 0.1325, 0.01690393922672755, False, 4, 2, 4147.765372826094, 4145.286656796119]
[13, 1, 0.1325, 0.01690393922672755, False, 6, 3, 4116.189338059164, 4113.202913186974]
[13, 1, 0.1325, 0.01690393922672755, False, 8, 4, 4005.423656943463, 4001.7339987550195]
[14, 1, 0.1325, 0.016289043420900352, False, 2, 1, 4165.419286723204, 4163.918282866368]
[14, 1, 0.1325, 0.016289043420900352, False, 4, 2, 4489.904187490342, 4487.313755622213]
[14, 1, 0.1325, 0.016289043420900352, False, 6, 3, 4470.304800920768, 4466.644754951452]
[14, 1, 0.1325, 0.016289043420900352, False, 8, 4, 4357.808368301109, 4352.832306904721]
[15, 1, 0.1325, 0.015736711003153693, False, 8, 4, 4357.808368301109, 4352.832306904721]
[16, 1, 0.1325, 0.015237004909823318, False, 8, 4, 4357.808368301109, 4352.832306904721]
[17, 1, 0.1325, 0.01478206603794269, False, 8, 4, 4357.808368301109, 4352.832306904721]
[18, 1, 0.1325, 0.014365585995611716, False, 8, 4, 4357.808368301109, 4352.832306904721]
[19, 1, 0.1325, 0.013982434653505876, False, 8, 4, 4357.808368301109, 4352.832306904721]
[20, 1, 0.1325, 0.013628391500745197, False, 8, 4, 4357.808368301109, 4352.832306904721]
[21, 1, 0.1325, 0.013299948259748407, False, 8, 4, 4357.808368301109, 4352.832306904721]
[22, 1, 0.1325, 0.01299416144755314, False, 8, 4, 4357.808368301109, 4352.832306904721]
[23, 1, 0.1325, 0.012708540603026322, False, 8, 4, 4357.808368301109, 4352.832306904721]
[24, 1, 0.1325, 0.012440962412449713, False, 8, 4, 4357.808368301109, 4352.832306904721]
[25, 1, 0.1325, 0.012189603927858655, False, 8, 4, 4357.808368301109, 4352.832306904721]
[5, 2, 0.1325, 0.027256783001490394, False, 2, 1, 2484.5211457217442, 2484.1359011659365]
[5, 2, 0.1325, 0.027256783001490394, False, 4, 2, 2459.8619939792393, 2459.0813240001085]
[5, 2, 0.1325, 0.027256783001490394, False, 6, 3, 26263.827650355503, 2328.8090168794615]
[5, 2, 0.1325, 0.027256783001490394, False, 8, 4, 26162.44252050415, 2197.4074480022014]
[6, 2, 0.1325, 0.024881924824899426, False, 2, 1, 2949.69144615827, 2949.0784232630135]
[6, 2, 0.1325, 0.024881924824899426, False, 4, 2, 2966.879698040038, 2965.677273713259]
[6, 2, 0.1325, 0.024881924824899426, False, 6, 3, 26240.06916354745, 2821.934920946339]
[6, 2, 0.1325, 0.024881924824899426, False, 8, 4, 26131.192231884455, 2663.5220226232605]
[7, 2, 0.1325, 0.023036186123921516, False, 2, 1, 3401.2222258686757, 3400.312158814664]
[7, 2, 0.1325, 0.023036186123921516, False, 4, 2, 3473.720722939089, 3471.980683323224]
[7, 2, 0.1325, 0.023036186123921516, False, 6, 3, 26215.688042461403, 3320.6280723987225]
[7, 2, 0.1325, 0.023036186123921516, False, 8, 4, 26099.15474529993, 3135.6495163536756]
[8, 2, 0.1325, 0.021548378993417577, False, 2, 1, 3838.0109301586294, 3836.7279691416798]
[8, 2, 0.1325, 0.021548378993417577, False, 4, 2, 3975.227539264411, 3972.819607163347]
[8, 2, 0.1325, 0.021548378993417577, False, 6, 3, 26190.47522301358, 3824.1073247783133]
[8, 2, 0.1325, 0.021548378993417577, False, 8, 4, 26066.058114298598, 3613.171168222207]
[9, 2, 0.1325, 0.020316006546431092, False, 2, 1, 4260.239819453314, 4258.503117387036]
[9, 2, 0.1325, 0.020316006546431092, False, 4, 2, 4473.27924193012, 4470.063599226237]
[9, 2, 0.1325, 0.020316006546431092, False, 6, 3, 4333.283251556638, 4328.381222867258]
[9, 2, 0.1325, 0.020316006546431092, False, 8, 4, 26031.67206460599, 4095.5608362336675]
[10, 2, 0.1325, 0.019273456093684076, False, 2, 1, 4668.041370322645, 4665.766013253311]
[10, 2, 0.1325, 0.019273456093684076, False, 4, 2, 4970.779739408333, 4966.608424956028]
[10, 2, 0.1325, 0.019273456093684076, False, 6, 3, 4836.26211170814, 4829.943337669642]
[10, 2, 0.1325, 0.019273456093684076, False, 8, 4, 25993.850455106534, 4582.178751473227]
[11, 2, 0.1325, 0.01837651935079526, False, 2, 1, 5062.490280886759, 5059.588715386823]
[11, 2, 0.1325, 0.01837651935079526, False, 4, 2, 5464.077329745126, 5458.790427640655]
[11, 2, 0.1325, 0.01837651935079526, False, 6, 3, 5340.236805937858, 5332.265459629365]
[11, 2, 0.1325, 0.01837651935079526, False, 8, 4, 25953.605481992086, 5072.714156147154]
[12, 2, 0.1325, 0.017594177772660285, False, 2, 1, 5443.630230197731, 5440.62095615022]
[12, 2, 0.1325, 0.017594177772660285, False, 4, 2, 5952.628579031133, 5946.056765049384]
[12, 2, 0.1325, 0.017594177772660285, False, 6, 3, 5844.674039821857, 5834.797266188662]
[12, 2, 0.1325, 0.017594177772660285, False, 8, 4, 25911.33655366248, 5566.833920926838]
[13, 2, 0.1325, 0.01690393922672755, False, 2, 1, 5813.155196593539, 5809.510152499546]
[13, 2, 0.1325, 0.01690393922672755, False, 4, 2, 6431.800439980657, 6423.7637667467425]
[13, 2, 0.1325, 0.01690393922672755, False, 6, 3, 6349.095554143535, 6337.042962979289]
[13, 2, 0.1325, 0.01690393922672755, False, 8, 4, 6079.309963645734, 6064.197070060104]
[14, 2, 0.1325, 0.016289043420900352, False, 2, 1, 6171.230004905717, 6166.885901192559]
[14, 2, 0.1325, 0.016289043420900352, False, 4, 2, 6903.3901414176225, 6893.702736399637]
[14, 2, 0.1325, 0.016289043420900352, False, 6, 3, 6848.2012817529285, 6833.679310182898]
[14, 2, 0.1325, 0.016289043420900352, False, 8, 4, 6575.248501825686, 6557.108642856597]
[15, 2, 0.1325, 0.015736711003153693, False, 8, 4, 6575.248501825686, 6557.108642856597]
[16, 2, 0.1325, 0.015237004909823318, False, 8, 4, 6575.248501825686, 6557.108642856597]
[17, 2, 0.1325, 0.01478206603794269, False, 8, 4, 6575.248501825686, 6557.108642856597]
[18, 2, 0.1325, 0.014365585995611716, False, 8, 4, 6575.248501825686, 6557.108642856597]
[19, 2, 0.1325, 0.013982434653505876, False, 8, 4, 6575.248501825686, 6557.108642856597]
[20, 2, 0.1325, 0.013628391500745197, False, 8, 4, 6575.248501825686, 6557.108642856597]
[21, 2, 0.1325, 0.013299948259748407, False, 8, 4, 6575.248501825686, 6557.108642856597]
[22, 2, 0.1325, 0.01299416144755314, False, 8, 4, 6575.248501825686, 6557.108642856597]
[23, 2, 0.1325, 0.012708540603026322, False, 8, 4, 6575.248501825686, 6557.108642856597]
[24, 2, 0.1325, 0.012440962412449713, False, 8, 4, 6575.248501825686, 6557.108642856597]
[25, 2, 0.1325, 0.012189603927858655, False, 8, 4, 6575.248501825686, 6557.108642856597]
[5, 3, 0.1325, 0.027256783001490394, False, 2, 1, 3389.0131423200137, 3387.9779154868083]
[5, 3, 0.1325, 0.027256783001490394, False, 4, 2, 3339.2610631152247, 3337.2920724865976]
[5, 3, 0.1325, 0.027256783001490394, False, 6, 3, 25874.631176396742, 3096.8801963171104]
[5, 3, 0.1325, 0.027256783001490394, False, 8, 4, 25642.206018341923, 2863.3717663853645]
[6, 3, 0.1325, 0.024881924824899426, False, 2, 1, 3973.4098464247913, 3971.820887642898]
[6, 3, 0.1325, 0.024881924824899426, False, 4, 2, 3999.5800952231116, 3996.5959648500116]
[6, 3, 0.1325, 0.024881924824899426, False, 6, 3, 25819.806229031514, 3733.491568227927]
[6, 3, 0.1325, 0.024881924824899426, False, 8, 4, 25571.360306487855, 3454.3718565627432]
[7, 3, 0.1325, 0.023036186123921516, False, 2, 1, 4527.2394358499205, 4524.960172595683]
[7, 3, 0.1325, 0.023036186123921516, False, 4, 2, 4650.389343592787, 4646.146989276078]
[7, 3, 0.1325, 0.023036186123921516, False, 6, 3, 25763.77423775942, 4371.0641942120665]
[7, 3, 0.1325, 0.023036186123921516, False, 8, 4, 25499.11142806438, 4047.8320506764685]
[8, 3, 0.1325, 0.021548378993417577, False, 2, 1, 5049.802945026561, 5047.231168170679]
[8, 3, 0.1325, 0.021548378993417577, False, 4, 2, 5283.108515093629, 5277.351580749778]
[8, 3, 0.1325, 0.021548378993417577, False, 6, 3, 5017.4378882726005, 5008.50251675164]
[8, 3, 0.1325, 0.021548378993417577, False, 8, 4, 25424.87492308503, 4642.895458834605]
[9, 3, 0.1325, 0.020316006546431092, False, 2, 1, 5543.887139007224, 5540.5498048751615]
[9, 3, 0.1325, 0.020316006546431092, False, 4, 2, 5901.943058703, 5894.406034194909]
[9, 3, 0.1325, 0.020316006546431092, False, 6, 3, 5650.81775767752, 5639.198548801991]
[9, 3, 0.1325, 0.020316006546431092, False, 8, 4, 25348.17265287639, 5238.815388963969]
[10, 3, 0.1325, 0.019273456093684076, False, 2, 1, 6010.706531029522, 6006.510356768603]
[10, 3, 0.1325, 0.019273456093684076, False, 4, 2, 6512.607343710064, 6503.015489968884]
[10, 3, 0.1325, 0.019273456093684076, False, 6, 3, 6272.33322745732, 6257.576326485092]
[10, 3, 0.1325, 0.019273456093684076, False, 8, 4, 25268.583792153568, 5834.845595964327]
[11, 3, 0.1325, 0.01837651935079526, False, 2, 1, 6453.198848117102, 6448.056279330703]
[11, 3, 0.1325, 0.01837651935079526, False, 4, 2, 7109.266923257549, 7097.34034694398]
[11, 3, 0.1325, 0.01837651935079526, False, 6, 3, 6888.242665193893, 6869.892616909763]
[11, 3, 0.1325, 0.01837651935079526, False, 8, 4, 25185.717044103854, 6430.46185536523]
[12, 3, 0.1325, 0.017594177772660285, False, 2, 1, 6873.361430944263, 6867.190881784304]
[12, 3, 0.1325, 0.017594177772660285, False, 4, 2, 7691.56081705896, 7677.015938476759]
[12, 3, 0.1325, 0.017594177772660285, False, 6, 3, 7497.882960637696, 7475.466514485708]
[12, 3, 0.1325, 0.017594177772660285, False, 8, 4, 7052.536971488371, 7025.114059328362]
[13, 3, 0.1325, 0.01690393922672755, False, 2, 1, 7273.013977227742, 7265.739791331634]
[13, 3, 0.1325, 0.01690393922672755, False, 4, 2, 8253.30981188465, 8234.927734887431]
[13, 3, 0.1325, 0.01690393922672755, False, 6, 3, 8100.678093242647, 8073.704028773618]
[13, 3, 0.1325, 0.01690393922672755, False, 8, 4, 7651.246115877523, 7618.289085941641]
[14, 3, 0.1325, 0.016289043420900352, False, 2, 1, 7653.802242763016, 7645.354489410736]
[14, 3, 0.1325, 0.016289043420900352, False, 4, 2, 8796.57258294315, 8774.77929154388]
[14, 3, 0.1325, 0.016289043420900352, False, 6, 3, 8688.395150305078, 8656.358250383526]
[14, 3, 0.1325, 0.016289043420900352, False, 8, 4, 8237.001845873821, 8197.894929444185]
[15, 3, 0.1325, 0.015736711003153693, False, 8, 4, 8237.001845873821, 8197.894929444185]
[16, 3, 0.1325, 0.015237004909823318, False, 8, 4, 8237.001845873821, 8197.894929444185]
[17, 3, 0.1325, 0.01478206603794269, False, 8, 4, 8237.001845873821, 8197.894929444185]
[18, 3, 0.1325, 0.014365585995611716, False, 8, 4, 8237.001845873821, 8197.894929444185]
[19, 3, 0.1325, 0.013982434653505876, False, 8, 4, 8237.001845873821, 8197.894929444185]
[20, 3, 0.1325, 0.013628391500745197, False, 8, 4, 8237.001845873821, 8197.894929444185]
[21, 3, 0.1325, 0.013299948259748407, False, 8, 4, 8237.001845873821, 8197.894929444185]
[22, 3, 0.1325, 0.01299416144755314, False, 8, 4, 8237.001845873821, 8197.894929444185]
[23, 3, 0.1325, 0.012708540603026322, False, 8, 4, 8237.001845873821, 8197.894929444185]
[24, 3, 0.1325, 0.012440962412449713, False, 8, 4, 8237.001845873821, 8197.894929444185]
[25, 3, 0.1325, 0.012189603927858655, False, 8, 4, 8237.001845873821, 8197.894929444185]
[5, 4, 0.1325, 0.027256783001490394, False, 2, 1, 4165.306113509621, 4163.28323031128]
[5, 4, 0.1325, 0.027256783001490394, False, 4, 2, 4082.995516496227, 4079.365839866484]
[5, 4, 0.1325, 0.027256783001490394, False, 6, 3, 25269.912148679323, 3718.974536226483]
[5, 4, 0.1325, 0.027256783001490394, False, 8, 4, 24868.977387908923, 3381.0112047967605]
[6, 4, 0.1325, 0.024881924824899426, False, 2, 1, 4830.982020064743, 4828.534052385145]
[6, 4, 0.1325, 0.024881924824899426, False, 4, 2, 4860.850866444152, 4855.417290817394]
[6, 4, 0.1325, 0.024881924824899426, False, 6, 3, 25174.50128113558, 4464.132056449799]
[6, 4, 0.1325, 0.024881924824899426, False, 8, 4, 24748.5797307948, 4063.0502430286824]
[7, 4, 0.1325, 0.023036186123921516, False, 2, 1, 5449.493361332084, 5446.1152052308535]
[7, 4, 0.1325, 0.023036186123921516, False, 4, 2, 5618.143194385854, 5610.525459082555]
[7, 4, 0.1325, 0.023036186123921516, False, 6, 3, 25077.529338484303, 5204.313301783752]
[7, 4, 0.1325, 0.023036186123921516, False, 8, 4, 24626.643434309583, 4743.065449231273]
[8, 4, 0.1325, 0.021548378993417577, False, 2, 1, 6022.125434241368, 6017.688441860844]
[8, 4, 0.1325, 0.021548378993417577, False, 4, 2, 6344.183196905377, 6333.318616253488]
[8, 4, 0.1325, 0.021548378993417577, False, 6, 3, 5953.526703490091, 5938.292860480465]
[8, 4, 0.1325, 0.021548378993417577, False, 8, 4, 24502.227309834263, 5420.093687562798]
[9, 4, 0.1325, 0.020316006546431092, False, 2, 1, 6553.052066381118, 6547.441408423883]
[9, 4, 0.1325, 0.020316006546431092, False, 4, 2, 7044.924675045495, 7030.907655591072]
[9, 4, 0.1325, 0.020316006546431092, False, 6, 3, 6676.810793267868, 6657.109432521653]
[9, 4, 0.1325, 0.020316006546431092, False, 8, 4, 24374.593901040957, 6093.290913266354]
[10, 4, 0.1325, 0.019273456093684076, False, 2, 1, 7045.879793119136, 7038.994800371575]
[10, 4, 0.1325, 0.019273456093684076, False, 4, 2, 7729.6390249613605, 7712.040671008115]
[10, 4, 0.1325, 0.019273456093684076, False, 6, 3, 7378.263163253813, 7353.488444591352]
[10, 4, 0.1325, 0.019273456093684076, False, 8, 4, 24243.123103287635, 6761.793997591574]
[11, 4, 0.1325, 0.01837651935079526, False, 2, 1, 7505.714416266843, 7497.466449531204]
[11, 4, 0.1325, 0.01837651935079526, False, 4, 2, 8390.635580628641, 8369.032816289257]
[11, 4, 0.1325, 0.01837651935079526, False, 6, 3, 8067.101261046626, 8036.619703288268]
[11, 4, 0.1325, 0.01837651935079526, False, 8, 4, 24108.655003574528, 7425.14657149322]
[12, 4, 0.1325, 0.017594177772660285, False, 2, 1, 7936.035455748599, 7926.347171032059]
[12, 4, 0.1325, 0.017594177772660285, False, 4, 2, 9028.06793281359, 9002.042612246845]
[12, 4, 0.1325, 0.017594177772660285, False, 6, 3, 8742.727632575441, 8705.89673107563]
[12, 4, 0.1325, 0.017594177772660285, False, 8, 4, 8129.751726273698, 8083.9327944388515]
[13, 4, 0.1325, 0.01690393922672755, False, 2, 1, 8339.877839557521, 8328.681909459843]
[13, 4, 0.1325, 0.01690393922672755, False, 4, 2, 9632.840293448719, 9601.998430402378]
[13, 4, 0.1325, 0.01690393922672755, False, 6, 3, 9404.653262186435, 9360.823619334107]
[13, 4, 0.1325, 0.01690393922672755, False, 8, 4, 8791.151023676373, 8736.521660716397]
[14, 4, 0.1325, 0.016289043420900352, False, 2, 1, 8719.8833861298, 8707.121232946118]
[14, 4, 0.1325, 0.016289043420900352, False, 4, 2, 10210.810733107743, 10174.76527612227]
[14, 4, 0.1325, 0.016289043420900352, False, 6, 3, 10042.119866415525, 9990.675846182901]
[14, 4, 0.1325, 0.016289043420900352, False, 8, 4, 9430.450453003117, 9367.153988733236]
[15, 4, 0.1325, 0.015736711003153693, False, 8, 4, 9430.450453003117, 9367.153988733236]
[16, 4, 0.1325, 0.015237004909823318, False, 8, 4, 9430.450453003117, 9367.153988733236]
[17, 4, 0.1325, 0.01478206603794269, False, 8, 4, 9430.450453003117, 9367.153988733236]
[18, 4, 0.1325, 0.014365585995611716, False, 8, 4, 9430.450453003117, 9367.153988733236]
[19, 4, 0.1325, 0.013982434653505876, False, 8, 4, 9430.450453003117, 9367.153988733236]
[20, 4, 0.1325, 0.013628391500745197, False, 8, 4, 9430.450453003117, 9367.153988733236]
[21, 4, 0.1325, 0.013299948259748407, False, 8, 4, 9430.450453003117, 9367.153988733236]
[22, 4, 0.1325, 0.01299416144755314, False, 8, 4, 9430.450453003117, 9367.153988733236]
[23, 4, 0.1325, 0.012708540603026322, False, 8, 4, 9430.450453003117, 9367.153988733236]
[24, 4, 0.1325, 0.012440962412449713, False, 8, 4, 9430.450453003117, 9367.153988733236]
[25, 4, 0.1325, 0.012189603927858655, False, 8, 4, 9430.450453003117, 9367.153988733236]
[5, 5, 0.1325, 0.027256783001490394, False, 2, 1, 4810.5691367918225, 4807.9685355702295]
[5, 5, 0.1325, 0.027256783001490394, False, 4, 2, 4693.142573316597, 4686.931619948875]
[5, 5, 0.1325, 0.027256783001490394, False, 6, 3, 24472.1045208941, 4209.744269577753]
[5, 5, 0.1325, 0.027256783001490394, False, 8, 4, 23901.419749744822, 3776.1192228710256]
[6, 5, 0.1325, 0.024881924824899426, False, 2, 1, 5530.039861175218, 5526.301334626904]
[6, 5, 0.1325, 0.024881924824899426, False, 4, 2, 5559.05458044644, 5549.961798021123]
[6, 5, 0.1325, 0.024881924824899426, False, 6, 3, 24328.424762615337, 5035.024226716051]
[6, 5, 0.1325, 0.024881924824899426, False, 8, 4, 23743.96855979167, 4524.3686281595765]
[7, 5, 0.1325, 0.023036186123921516, False, 2, 1, 6187.062381071809, 6182.023490110996]
[7, 5, 0.1325, 0.023036186123921516, False, 4, 2, 6393.514689423802, 6380.972297180086]
[7, 5, 0.1325, 0.023036186123921516, False, 6, 3, 24183.400404782224, 5849.16111438284]
[7, 5, 0.1325, 0.023036186123921516, False, 8, 4, 23585.45062053548, 5266.318455199034]
[8, 5, 0.1325, 0.021548378993417577, False, 2, 1, 6785.495887494652, 6779.020139033035]
[8, 5, 0.1325, 0.021548378993417577, False, 4, 2, 7182.813713789501, 7166.277184081551]
[8, 5, 0.1325, 0.021548378993417577, False, 6, 3, 6674.295007603938, 6651.636413777009]
[8, 5, 0.1325, 0.021548378993417577, False, 8, 4, 23424.67075582468, 6000.997120587148]
[9, 5, 0.1325, 0.020316006546431092, False, 2, 1, 7332.238940572061, 7324.21300320214]
[9, 5, 0.1325, 0.020316006546431092, False, 4, 2, 7937.166736563351, 7916.0987312274265]
[9, 5, 0.1325, 0.020316006546431092, False, 6, 3, 7460.711222903126, 7431.625403229181]
[9, 5, 0.1325, 0.020316006546431092, False, 8, 4, 23260.72328180376, 6727.554825592222]
[10, 5, 0.1325, 0.019273456093684076, False, 2, 1, 7832.756467733473, 7823.0884396626625]
[10, 5, 0.1325, 0.019273456093684076, False, 4, 2, 8668.389825755727, 8642.248082418166]
[10, 5, 0.1325, 0.019273456093684076, False, 6, 3, 8216.395639695833, 8180.1146123065355]
[10, 5, 0.1325, 0.019273456093684076, False, 8, 4, 23092.874280169235, 7445.103068386557]
[11, 5, 0.1325, 0.01837651935079526, False, 2, 1, 8294.104540952649, 8282.718189413605]
[11, 5, 0.1325, 0.01837651935079526, False, 4, 2, 9367.312162735685, 9335.585416633863]
[11, 5, 0.1325, 0.01837651935079526, False, 6, 3, 8953.314645846369, 8909.031950187007]
[11, 5, 0.1325, 0.01837651935079526, False, 8, 4, 8206.321505101012, 8153.093502362191]
[12, 5, 0.1325, 0.017594177772660285, False, 2, 1, 8721.082766073463, 8707.915844042866]
[12, 5, 0.1325, 0.017594177772660285, False, 4, 2, 10034.752042220998, 9996.949208922106]
[12, 5, 0.1325, 0.017594177772660285, False, 6, 3, 9671.055100157768, 9617.967812377132]
[12, 5, 0.1325, 0.017594177772660285, False, 8, 4, 8915.078147510607, 8850.911505786424]
[13, 5, 0.1325, 0.01690393922672755, False, 2, 1, 9117.756710110865, 9102.75841695898]
[13, 5, 0.1325, 0.01690393922672755, False, 4, 2, 10660.135086728227, 10615.824783150576]
[13, 5, 0.1325, 0.01690393922672755, False, 6, 3, 10369.323498452146, 10306.634370836877]
[13, 5, 0.1325, 0.01690393922672755, False, 8, 4, 9614.176004166884, 9537.987487395716]
[14, 5, 0.1325, 0.016289043420900352, False, 2, 1, 9487.573988286498, 9470.702759756135]
[14, 5, 0.1325, 0.016289043420900352, False, 4, 2, 11252.093450662462, 11200.859529423058]
[14, 5, 0.1325, 0.016289043420900352, False, 6, 3, 11036.59541405461, 10962.393669783847]
[14, 5, 0.1325, 0.016289043420900352, False, 8, 4, 10284.859383929572, 10195.694251106383]
[15, 5, 0.1325, 0.015736711003153693, False, 8, 4, 10284.859383929572, 10195.694251106383]
[16, 5, 0.1325, 0.015237004909823318, False, 8, 4, 10284.859383929572, 10195.694251106383]
[17, 5, 0.1325, 0.01478206603794269, False, 8, 4, 10284.859383929572, 10195.694251106383]
[18, 5, 0.1325, 0.014365585995611716, False, 8, 4, 10284.859383929572, 10195.694251106383]
[19, 5, 0.1325, 0.013982434653505876, False, 8, 4, 10284.859383929572, 10195.694251106383]
[20, 5, 0.1325, 0.013628391500745197, False, 8, 4, 10284.859383929572, 10195.694251106383]
[21, 5, 0.1325, 0.013299948259748407, False, 8, 4, 10284.859383929572, 10195.694251106383]
[22, 5, 0.1325, 0.01299416144755314, False, 8, 4, 10284.859383929572, 10195.694251106383]
[23, 5, 0.1325, 0.012708540603026322, False, 8, 4, 10284.859383929572, 10195.694251106383]
[24, 5, 0.1325, 0.012440962412449713, False, 8, 4, 10284.859383929572, 10195.694251106383]
[25, 5, 0.1325, 0.012189603927858655, False, 8, 4, 10284.859383929572, 10195.694251106383]
[5, 6, 0.1325, 0.027256783001490394, False, 2, 1, 5340.164542813337, 5336.535827083133]
[5, 6, 0.1325, 0.027256783001490394, False, 4, 2, 5186.110351818518, 5177.337790038172]
[5, 6, 0.1325, 0.027256783001490394, False, 6, 3, 23573.663071834715, 4596.182404852033]
[5, 6, 0.1325, 0.027256783001490394, False, 8, 4, 22853.208622879338, 4079.4679937169067]
[6, 6, 0.1325, 0.024881924824899426, False, 2, 1, 6093.73052312117, 6088.6218405519]
[6, 6, 0.1325, 0.024881924824899426, False, 4, 2, 6116.998264669448, 6104.2927753413005]
[6, 6, 0.1325, 0.024881924824899426, False, 6, 3, 23398.924563856963, 5481.8062915170285]
[6, 6, 0.1325, 0.024881924824899426, False, 8, 4, 22643.667956013745, 4875.19756970505]
[7, 6, 0.1325, 0.023036186123921516, False, 2, 1, 6772.533278374538, 6765.775602619706]
[7, 6, 0.1325, 0.023036186123921516, False, 4, 2, 7006.452362207663, 6989.104913119176]
[7, 6, 0.1325, 0.023036186123921516, False, 6, 3, 23223.475595594882, 6350.780505641433]
[7, 6, 0.1325, 0.023036186123921516, False, 8, 4, 22434.465312285778, 5660.408695709097]
[8, 6, 0.1325, 0.021548378993417577, False, 2, 1, 7382.662251513916, 7374.124190389317]
[8, 6, 0.1325, 0.021548378993417577, False, 4, 2, 7840.250341089878, 7817.614987836245]
[8, 6, 0.1325, 0.021548378993417577, False, 6, 3, 7233.202592052928, 7202.002950016994]
[8, 6, 0.1325, 0.021548378993417577, False, 8, 4, 22214.084339170193, 6433.525692172034]
[9, 6, 0.1325, 0.020316006546431092, False, 2, 1, 7933.422325224689, 7923.00245553668]
[9, 6, 0.1325, 0.020316006546431092, False, 4, 2, 8630.521478100647, 8601.969604632506]
[9, 6, 0.1325, 0.020316006546431092, False, 6, 3, 8062.79181112363, 8023.035829054384]
[9, 6, 0.1325, 0.020316006546431092, False, 8, 4, 21940.52080231147, 7190.484755484544]
[10, 6, 0.1325, 0.019273456093684076, False, 2, 1, 8432.027040413588, 8419.649911104972]
[10, 6, 0.1325, 0.019273456093684076, False, 4, 2, 9391.863581599899, 9356.762201550686]
[10, 6, 0.1325, 0.019273456093684076, False, 6, 3, 8853.679706327619, 8804.411670767202]
[10, 6, 0.1325, 0.019273456093684076, False, 8, 4, 21664.895087813245, 7933.308823960078]
[11, 6, 0.1325, 0.01837651935079526, False, 2, 1, 8887.225461257289, 8872.832031712036]
[11, 6, 0.1325, 0.01837651935079526, False, 4, 2, 10113.948667394265, 10071.726357163554]
[11, 6, 0.1325, 0.01837651935079526, False, 6, 3, 9620.25204003337, 9560.477358674078]
[11, 6, 0.1325, 0.01837651935079526, False, 8, 4, 8732.542820072822, 8661.479166903615]
[12, 6, 0.1325, 0.017594177772660285, False, 2, 1, 9304.890475904554, 9288.435927992341]
[12, 6, 0.1325, 0.017594177772660285, False, 4, 2, 10798.276132835968, 10748.397827028526]
[12, 6, 0.1325, 0.017594177772660285, False, 6, 3, 10362.32757884825, 10291.069192103934]
[12, 6, 0.1325, 0.017594177772660285, False, 8, 4, 9459.713128845477, 9374.387587749447]
[13, 6, 0.1325, 0.01690393922672755, False, 2, 1, 9689.890777905148, 9671.341062928952]
[13, 6, 0.1325, 0.01690393922672755, False, 4, 2, 11432.000320174257, 11375.201326611117]
[13, 6, 0.1325, 0.01690393922672755, False, 6, 3, 11074.375215941789, 10990.625679210647]
[13, 6, 0.1325, 0.01690393922672755, False, 8, 4, 10172.451136936836, 10071.466629266284]
[14, 6, 0.1325, 0.016289043420900352, False, 2, 1, 10047.365224030122, 10025.60502931798]
[14, 6, 0.1325, 0.016289043420900352, False, 4, 2, 12026.9745705454, 11961.90259138103]
[14, 6, 0.1325, 0.016289043420900352, False, 6, 3, 11745.42872576239, 11648.33275763096]
[14, 6, 0.1325, 0.016289043420900352, False, 8, 4, 10849.917609901297, 10732.095473308633]
[15, 6, 0.1325, 0.015736711003153693, False, 8, 4, 10849.917609901297, 10732.095473308633]
[16, 6, 0.1325, 0.015237004909823318, False, 8, 4, 10849.917609901297, 10732.095473308633]
[17, 6, 0.1325, 0.01478206603794269, False, 8, 4, 10849.917609901297, 10732.095473308633]
[18, 6, 0.1325, 0.014365585995611716, False, 8, 4, 10849.917609901297, 10732.095473308633]
[19, 6, 0.1325, 0.013982434653505876, False, 8, 4, 10849.917609901297, 10732.095473308633]
[20, 6, 0.1325, 0.013628391500745197, False, 8, 4, 10849.917609901297, 10732.095473308633]
[21, 6, 0.1325, 0.013299948259748407, False, 8, 4, 10849.917609901297, 10732.095473308633]
[22, 6, 0.1325, 0.01299416144755314, False, 8, 4, 10849.917609901297, 10732.095473308633]
[23, 6, 0.1325, 0.012708540603026322, False, 8, 4, 10849.917609901297, 10732.095473308633]
[24, 6, 0.1325, 0.012440962412449713, False, 8, 4, 10849.917609901297, 10732.095473308633]
[25, 6, 0.1325, 0.012189603927858655, False, 8, 4, 10849.917609901297, 10732.095473308633]
[5, 7, 0.1325, 0.027256783001490394, False, 2, 1, 5772.699914845948, 5768.009368077629]
[5, 7, 0.1325, 0.027256783001490394, False, 4, 2, 5585.884306001966, 5574.394826516535]
[5, 7, 0.1325, 0.027256783001490394, False, 6, 3, 22591.792464582464, 4900.358887229387]
[5, 7, 0.1325, 0.027256783001490394, False, 8, 4, 21532.416773978417, 4304.988616030297]
[6, 7, 0.1325, 0.024881924824899426, False, 2, 1, 6547.29895354895, 6540.805335469628]
[6, 7, 0.1325, 0.024881924824899426, False, 4, 2, 6566.440219999753, 6549.945969966053]
[6, 7, 0.1325, 0.024881924824899426, False, 6, 3, 22370.67118700057, 5829.8527434152675]
[6, 7, 0.1325, 0.024881924824899426, False, 8, 4, 21208.475730286464, 5130.185605319228]
[7, 7, 0.1325, 0.023036186123921516, False, 2, 1, 7237.231372295123, 7228.768180743145]
[7, 7, 0.1325, 0.023036186123921516, False, 4, 2, 7496.893601999591, 7474.56026574845]
[7, 7, 0.1325, 0.023036186123921516, False, 6, 3, 6765.462293616994, 6735.255858356909]
[7, 7, 0.1325, 0.023036186123921516, False, 8, 4, 20890.585231834448, 5939.988645077225]
[8, 7, 0.1325, 0.021548378993417577, False, 2, 1, 7850.651010922626, 7840.098812764471]
[8, 7, 0.1325, 0.021548378993417577, False, 4, 2, 8360.377340536617, 8331.474279363509]
[8, 7, 0.1325, 0.021548378993417577, False, 6, 3, 7654.339670538977, 7614.67176409192]
[8, 7, 0.1325, 0.021548378993417577, False, 8, 4, 20576.175205976557, 6733.5129349784875]
[9, 7, 0.1325, 0.020316006546431092, False, 2, 1, 8398.978220073897, 8386.25166494228]
[9, 7, 0.1325, 0.020316006546431092, False, 4, 2, 9172.829239863038, 9136.654232774528]
[9, 7, 0.1325, 0.020316006546431092, False, 6, 3, 8506.814209418559, 8456.448318512672]
[9, 7, 0.1325, 0.020316006546431092, False, 8, 4, 20263.46114911688, 7509.977736764342]
[10, 7, 0.1325, 0.019273456093684076, False, 2, 1, 8890.9078944559, 8875.949724246508]
[10, 7, 0.1325, 0.019273456093684076, False, 4, 2, 9951.305451669741, 9907.149246595629]
[10, 7, 0.1325, 0.019273456093684076, False, 6, 3, 9312.77236117514, 9250.587997888188]
[10, 7, 0.1325, 0.019273456093684076, False, 8, 4, 8341.751553732805, 8268.521135515]
[11, 7, 0.1325, 0.01837651935079526, False, 2, 1, 9336.568560043734, 9319.336545278476]
[11, 7, 0.1325, 0.01837651935079526, False, 4, 2, 10683.454046579294, 10631.84076259207]
[11, 7, 0.1325, 0.01837651935079526, False, 6, 3, 10088.644168746456, 10013.465274762864]
[11, 7, 0.1325, 0.01837651935079526, False, 8, 4, 9097.877821076156, 9008.680383401435]
[12, 7, 0.1325, 0.017594177772660285, False, 2, 1, 9744.078712455856, 9723.552907451462]
[12, 7, 0.1325, 0.017594177772660285, False, 4, 2, 11373.47009425658, 11312.936981375402]
[12, 7, 0.1325, 0.017594177772660285, False, 6, 3, 10834.50657842118, 10745.186434756273]
[12, 7, 0.1325, 0.017594177772660285, False, 8, 4, 9836.70225281781, 9729.886427358186]
[13, 7, 0.1325, 0.01690393922672755, False, 2, 1, 10117.443271256254, 10094.417445874724]
[13, 7, 0.1325, 0.01690393922672755, False, 4, 2, 12005.157732915193, 11935.282291398982]
[13, 7, 0.1325, 0.01690393922672755, False, 6, 3, 11550.545301825447, 11445.967291548528]
[13, 7, 0.1325, 0.01690393922672755, False, 8, 4, 10559.329642516797, 10433.278123864122]
[14, 7, 0.1325, 0.016289043420900352, False, 2, 1, 10461.268268023267, 10435.719005676245]
[14, 7, 0.1325, 0.016289043420900352, False, 4, 2, 12588.060638997233, 12508.39693197295]
[14, 7, 0.1325, 0.016289043420900352, False, 6, 3, 12221.66680976734, 12100.910091341626]
[14, 7, 0.1325, 0.016289043420900352, False, 8, 4, 11242.089223540557, 11095.479546572831]
[15, 7, 0.1325, 0.015736711003153693, False, 8, 4, 11242.089223540557, 11095.479546572831]
[16, 7, 0.1325, 0.015237004909823318, False, 8, 4, 11242.089223540557, 11095.479546572831]
[17, 7, 0.1325, 0.01478206603794269, False, 8, 4, 11242.089223540557, 11095.479546572831]
[18, 7, 0.1325, 0.014365585995611716, False, 8, 4, 11242.089223540557, 11095.479546572831]
[19, 7, 0.1325, 0.013982434653505876, False, 8, 4, 11242.089223540557, 11095.479546572831]
[20, 7, 0.1325, 0.013628391500745197, False, 8, 4, 11242.089223540557, 11095.479546572831]
[21, 7, 0.1325, 0.013299948259748407, False, 8, 4, 11242.089223540557, 11095.479546572831]
[22, 7, 0.1325, 0.01299416144755314, False, 8, 4, 11242.089223540557, 11095.479546572831]
[23, 7, 0.1325, 0.012708540603026322, False, 8, 4, 11242.089223540557, 11095.479546572831]
[24, 7, 0.1325, 0.012440962412449713, False, 8, 4, 11242.089223540557, 11095.479546572831]
[25, 7, 0.1325, 0.012189603927858655, False, 8, 4, 11242.089223540557, 11095.479546572831]
[5, 8, 0.1325, 0.027256783001490394, False, 2, 1, 6125.810351747276, 6120.054680772151]
[5, 8, 0.1325, 0.027256783001490394, False, 4, 2, 5909.882603252484, 5895.595849525998]
[5, 8, 0.1325, 0.027256783001490394, False, 6, 3, 21325.678380123383, 5129.50478443434]
[5, 8, 0.1325, 0.027256783001490394, False, 8, 4, 20016.10346206831, 4471.363156075319]
[6, 8, 0.1325, 0.024881924824899426, False, 2, 1, 6912.7482451422375, 6904.8866355015]
[6, 8, 0.1325, 0.024881924824899426, False, 4, 2, 6926.496302958088, 6906.128674424855]
[6, 8, 0.1325, 0.024881924824899426, False, 6, 3, 20996.23583518211, 6085.030604614234]
[6, 8, 0.1325, 0.024881924824899426, False, 8, 4, 19657.724528294646, 5318.364365811796]
[7, 8, 0.1325, 0.023036186123921516, False, 2, 1, 7607.551840591676, 7597.426171274872]
[7, 8, 0.1325, 0.023036186123921516, False, 4, 2, 7885.224094897834, 7857.825881858866]
[7, 8, 0.1325, 0.023036186123921516, False, 6, 3, 7049.627059256066, 7012.56784112199]
[7, 8, 0.1325, 0.023036186123921516, False, 8, 4, 19309.557271378468, 6146.441382037852]
[8, 8, 0.1325, 0.021548378993417577, False, 2, 1, 8220.525719706888, 8208.034258272584]
[8, 8, 0.1325, 0.021548378993417577, False, 4, 2, 8765.551945871552, 8730.307317127026]
[8, 8, 0.1325, 0.021548378993417577, False, 6, 3, 7959.867437492971, 7911.3436963841605]
[8, 8, 0.1325, 0.021548378993417577, False, 8, 4, 18982.623863413126, 6955.782037493727]
[9, 8, 0.1325, 0.020316006546431092, False, 2, 1, 8764.22896937368, 8749.305049560797]
[9, 8, 0.1325, 0.020316006546431092, False, 4, 2, 9584.15695721225, 9541.281745864608]
[9, 8, 0.1325, 0.020316006546431092, False, 6, 3, 8828.383886804308, 8766.971286296492]
[9, 8, 0.1325, 0.020316006546431092, False, 8, 4, 7815.561977042613, 7744.86416998573]
[10, 8, 0.1325, 0.019273456093684076, False, 2, 1, 9248.560892374944, 9231.16667677906]
[10, 8, 0.1325, 0.019273456093684076, False, 4, 2, 10364.479527193591, 10312.400864246603]
[10, 8, 0.1325, 0.019273456093684076, False, 6, 3, 9644.690722914, 9569.12396530762]
[10, 8, 0.1325, 0.019273456093684076, False, 8, 4, 8600.68531776428, 8512.86384039914]
[11, 8, 0.1325, 0.01837651935079526, False, 2, 1, 9685.760677816015, 9664.855424521662]
[11, 8, 0.1325, 0.01837651935079526, False, 4, 2, 11093.92383870861, 11031.99322170248]
[11, 8, 0.1325, 0.01837651935079526, False, 6, 3, 10426.805964564432, 10335.750321714315]
[11, 8, 0.1325, 0.01837651935079526, False, 8, 4, 9366.188377464732, 9259.375493981102]
[12, 8, 0.1325, 0.017594177772660285, False, 2, 1, 10081.339797275565, 10057.729813633368]
[12, 8, 0.1325, 0.017594177772660285, False, 4, 2, 11775.305584099222, 11702.931411920128]
[12, 8, 0.1325, 0.017594177772660285, False, 6, 3, 11176.341467025592, 11068.530836567123]
[12, 8, 0.1325, 0.017594177772660285, False, 8, 4, 10111.550339528716, 9983.874360286725]
[13, 8, 0.1325, 0.01690393922672755, False, 2, 1, 10442.046523692105, 10415.71315308319]
[13, 8, 0.1325, 0.01690393922672755, False, 4, 2, 12395.795446855418, 12312.563858210993]
[13, 8, 0.1325, 0.01690393922672755, False, 6, 3, 11893.08358130334, 11767.294949198971]
[13, 8, 0.1325, 0.01690393922672755, False, 8, 4, 10836.278740099304, 10685.871391134322]
[14, 8, 0.1325, 0.016289043420900352, False, 2, 1, 10772.673560138155, 10743.603460180093]
[14, 8, 0.1325, 0.016289043420900352, False, 4, 2, 12968.036379150923, 12873.527499687416]
[14, 8, 0.1325, 0.016289043420900352, False, 6, 3, 12560.844461979686, 12416.113303601076]
[14, 8, 0.1325, 0.016289043420900352, False, 8, 4, 11517.004579295752, 11342.431671176531]
[15, 8, 0.1325, 0.015736711003153693, False, 8, 4, 11517.004579295752, 11342.431671176531]
[16, 8, 0.1325, 0.015237004909823318, False, 8, 4, 11517.004579295752, 11342.431671176531]
[17, 8, 0.1325, 0.01478206603794269, False, 8, 4, 11517.004579295752, 11342.431671176531]
[18, 8, 0.1325, 0.014365585995611716, False, 8, 4, 11517.004579295752, 11342.431671176531]
[19, 8, 0.1325, 0.013982434653505876, False, 8, 4, 11517.004579295752, 11342.431671176531]
[20, 8, 0.1325, 0.013628391500745197, False, 8, 4, 11517.004579295752, 11342.431671176531]
[21, 8, 0.1325, 0.013299948259748407, False, 8, 4, 11517.004579295752, 11342.431671176531]
[22, 8, 0.1325, 0.01299416144755314, False, 8, 4, 11517.004579295752, 11342.431671176531]
[23, 8, 0.1325, 0.012708540603026322, False, 8, 4, 11517.004579295752, 11342.431671176531]
[24, 8, 0.1325, 0.012440962412449713, False, 8, 4, 11517.004579295752, 11342.431671176531]
[25, 8, 0.1325, 0.012189603927858655, False, 8, 4, 11517.004579295752, 11342.431671176531]
[5, 9, 0.1325, 0.027256783001490394, False, 2, 1, 6417.115764544214, 6410.310492304667]
[5, 9, 0.1325, 0.027256783001490394, False, 4, 2, 6165.501567122809, 6148.344918244012]
[5, 9, 0.1325, 0.027256783001490394, False, 6, 3, 19956.256667819973, 5304.872514672928]
[5, 9, 0.1325, 0.027256783001490394, False, 8, 4, 18576.790287933476, 4600.812608388357]
[6, 9, 0.1325, 0.024881924824899426, False, 2, 1, 7211.958865031463, 7202.767556216059]
[6, 9, 0.1325, 0.024881924824899426, False, 4, 2, 7202.765648964915, 7178.413506374191]
[6, 9, 0.1325, 0.024881924824899426, False, 6, 3, 6313.293564245842, 6280.859871860013]
[6, 9, 0.1325, 0.024881924824899426, False, 8, 4, 18212.347566986, 5464.045660912154]
[7, 9, 0.1325, 0.023036186123921516, False, 2, 1, 7908.080354558783, 7896.355524251825]
[7, 9, 0.1325, 0.023036186123921516, False, 4, 2, 8174.3187485162825, 8141.691926532316]
[7, 9, 0.1325, 0.023036186123921516, False, 6, 3, 7268.828186726429, 7224.687365205875]
[7, 9, 0.1325, 0.023036186123921516, False, 8, 4, 17859.629334961915, 6305.311226437388]
[8, 9, 0.1325, 0.021548378993417577, False, 2, 1, 8517.006725908554, 8502.660978106098]
[8, 9, 0.1325, 0.021548378993417577, False, 4, 2, 9060.849452899243, 9020.086320482917]
[8, 9, 0.1325, 0.021548378993417577, False, 6, 3, 8194.238687548264, 8136.602780918005]
[8, 9, 0.1325, 0.021548378993417577, False, 8, 4, 7189.345028021724, 7123.832396784809]
[9, 9, 0.1325, 0.020316006546431092, False, 2, 1, 9053.455025253232, 9036.437824205274]
[9, 9, 0.1325, 0.020316006546431092, False, 4, 2, 9884.715411844572, 9834.196314165]
[9, 9, 0.1325, 0.020316006546431092, False, 6, 3, 9073.553508716297, 9000.823745882659]
[9, 9, 0.1325, 0.020316006546431092, False, 8, 4, 8002.353736623073, 7918.924601799786]
[10, 9, 0.1325, 0.019273456093684076, False, 2, 1, 9529.324614182307, 9508.618097947976]
[10, 9, 0.1325, 0.019273456093684076, False, 4, 2, 10665.967222516178, 10604.844185732087]
[10, 9, 0.1325, 0.019273456093684076, False, 6, 3, 9896.041739931321, 9806.829096761317]
[10, 9, 0.1325, 0.019273456093684076, False, 8, 4, 8793.249974823884, 8689.797568190095]
[11, 9, 0.1325, 0.01837651935079526, False, 2, 1, 9954.935884916227, 9931.320128893329]
[11, 9, 0.1325, 0.01837651935079526, False, 4, 2, 11392.399791630185, 11319.981473054497]
[11, 9, 0.1325, 0.01837651935079526, False, 6, 3, 10681.002704615952, 10573.837436525886]
[11, 9, 0.1325, 0.01837651935079526, False, 8, 4, 9561.697851866733, 9436.09317720794]
[12, 9, 0.1325, 0.017594177772660285, False, 2, 1, 10338.936158397502, 10312.395243424746]
[12, 9, 0.1325, 0.017594177772660285, False, 4, 2, 12067.35108698051, 11983.012692219589]
[12, 9, 0.1325, 0.017594177772660285, False, 6, 3, 11427.781040898028, 11302.426089143584]
[12, 9, 0.1325, 0.017594177772660285, False, 8, 4, 10306.879468452616, 10156.99725373487]
[13, 9, 0.1325, 0.01690393922672755, False, 2, 1, 10687.572851425464, 10658.097115524259]
[13, 9, 0.1325, 0.01690393922672755, False, 4, 2, 12677.926800173453, 12581.261446838434]
[13, 9, 0.1325, 0.01690393922672755, False, 6, 3, 12139.160000402931, 11993.25775423034]
[13, 9, 0.1325, 0.01690393922672755, False, 8, 4, 11025.406577338033, 10849.039004953389]
[14, 9, 0.1325, 0.016289043420900352, False, 2, 1, 11003.614437759888, 10971.172531683696]
[14, 9, 0.1325, 0.016289043420900352, False, 4, 2, 13239.413344411669, 13130.027110461018]
[14, 9, 0.1325, 0.016289043420900352, False, 6, 3, 12797.958034627378, 12630.49576635818]
[14, 9, 0.1325, 0.016289043420900352, False, 8, 4, 11695.894048147204, 11491.458658767027]
[15, 9, 0.1325, 0.015736711003153693, False, 8, 4, 11695.894048147204, 11491.458658767027]
[16, 9, 0.1325, 0.015237004909823318, False, 8, 4, 11695.894048147204, 11491.458658767027]
[17, 9, 0.1325, 0.01478206603794269, False, 8, 4, 11695.894048147204, 11491.458658767027]
[18, 9, 0.1325, 0.014365585995611716, False, 8, 4, 11695.894048147204, 11491.458658767027]
[19, 9, 0.1325, 0.013982434653505876, False, 8, 4, 11695.894048147204, 11491.458658767027]
[20, 9, 0.1325, 0.013628391500745197, False, 8, 4, 11695.894048147204, 11491.458658767027]
[21, 9, 0.1325, 0.013299948259748407, False, 8, 4, 11695.894048147204, 11491.458658767027]
[22, 9, 0.1325, 0.01299416144755314, False, 8, 4, 11695.894048147204, 11491.458658767027]
[23, 9, 0.1325, 0.012708540603026322, False, 8, 4, 11695.894048147204, 11491.458658767027]
[24, 9, 0.1325, 0.012440962412449713, False, 8, 4, 11695.894048147204, 11491.458658767027]
[25, 9, 0.1325, 0.012189603927858655, False, 8, 4, 11695.894048147204, 11491.458658767027]
[5, 1, 0.14625000000000002, 0.027256783001490394, False, 2, 1, 1440.9118766925044, 1440.841375130856]
[5, 1, 0.14625000000000002, 0.027256783001490394, False, 4, 2, 1432.3672992037336, 1432.179884641222]
[5, 1, 0.14625000000000002, 0.027256783001490394, False, 6, 3, 26493.025380415525, 1389.6106167990856]
[5, 1, 0.14625000000000002, 0.027256783001490394, False, 8, 4, 26465.504041583263, 1344.4809415524915]
[6, 1, 0.14625000000000002, 0.024881924824899426, False, 2, 1, 1738.5486038324825, 1738.431267038191]
[6, 1, 0.14625000000000002, 0.024881924824899426, False, 4, 2, 1742.8433655729484, 1742.556675844128]
[6, 1, 0.14625000000000002, 0.024881924824899426, False, 6, 3, 26486.599675364287, 1694.7901088157128]
[6, 1, 0.14625000000000002, 0.024881924824899426, False, 8, 4, 26456.967779755694, 1639.7143481615662]
[7, 1, 0.14625000000000002, 0.023036186123921516, False, 2, 1, 2036.661027194406, 2036.4790104005074]
[7, 1, 0.14625000000000002, 0.023036186123921516, False, 4, 2, 2058.8319615261616, 2058.41278191769]
[7, 1, 0.14625000000000002, 0.023036186123921516, False, 6, 3, 26479.99056907989, 2007.2360239220843]
[7, 1, 0.14625000000000002, 0.023036186123921516, False, 8, 4, 26448.190294120584, 1942.1379813137182]
[8, 1, 0.14625000000000002, 0.021548378993417577, False, 2, 1, 2334.4015643141197, 2334.13358547044]
[8, 1, 0.14625000000000002, 0.021548378993417577, False, 4, 2, 2378.5071098908943, 2377.9149688568627]
[8, 1, 0.14625000000000002, 0.021548378993417577, False, 6, 3, 26473.139987932256, 2326.6349076603783]
[8, 1, 0.14625000000000002, 0.021548378993417577, False, 8, 4, 26439.094692197454, 2251.4951536259746]
[9, 1, 0.14625000000000002, 0.020316006546431092, False, 2, 1, 2631.358549790939, 2630.979908661234]
[9, 1, 0.14625000000000002, 0.020316006546431092, False, 4, 2, 2702.2500002294496, 2701.4393028093436]
[9, 1, 0.14625000000000002, 0.020316006546431092, False, 6, 3, 2652.66369057433, 2651.6333925214353]
[9, 1, 0.14625000000000002, 0.020316006546431092, False, 8, 4, 26429.614564417112, 2567.5965045861335]
[10, 1, 0.14625000000000002, 0.019273456093684076, False, 2, 1, 2927.1368985195923, 2926.6193531161275]
[10, 1, 0.14625000000000002, 0.019273456093684076, False, 4, 2, 3030.998414956184, 3029.919359032273]
[10, 1, 0.14625000000000002, 0.019273456093684076, False, 6, 3, 2982.234430067817, 2980.877607094967]
[10, 1, 0.14625000000000002, 0.019273456093684076, False, 8, 4, 26419.688191704503, 2890.2819693865918]
[11, 1, 0.14625000000000002, 0.01837651935079526, False, 2, 1, 3221.7288632090986, 3221.0407912077235]
[11, 1, 0.14625000000000002, 0.01837651935079526, False, 4, 2, 3363.419985477908, 3362.013733074489]
[11, 1, 0.14625000000000002, 0.01837651935079526, False, 6, 3, 3317.3375676471383, 3315.590854201201]
[11, 1, 0.14625000000000002, 0.01837651935079526, False, 8, 4, 26409.255117897636, 3219.4652098207644]
[12, 1, 0.14625000000000002, 0.017594177772660285, False, 2, 1, 3515.023638456882, 3514.129920433661]
[12, 1, 0.14625000000000002, 0.017594177772660285, False, 4, 2, 3699.2370564076327, 3697.436877189993]
[12, 1, 0.14625000000000002, 0.017594177772660285, False, 6, 3, 3657.795090894219, 3655.5876446392012]
[12, 1, 0.14625000000000002, 0.017594177772660285, False, 8, 4, 26398.253871662047, 3555.0732744586503]
[13, 1, 0.14625000000000002, 0.01690393922672755, False, 2, 1, 3806.9486574667476, 3805.810649260242]
[13, 1, 0.14625000000000002, 0.01690393922672755, False, 4, 2, 4036.7380703192143, 4034.464944888178]
[13, 1, 0.14625000000000002, 0.01690393922672755, False, 6, 3, 4003.456686717269, 4000.7098537482666]
[13, 1, 0.14625000000000002, 0.01690393922672755, False, 8, 4, 3900.4729520538294, 3897.0575652805014]
[14, 1, 0.14625000000000002, 0.016289043420900352, False, 2, 1, 4097.460268545053, 4096.035773543771]
[14, 1, 0.14625000000000002, 0.016289043420900352, False, 4, 2, 4375.894776598266, 4373.499240243655]
[14, 1, 0.14625000000000002, 0.016289043420900352, False, 6, 3, 4352.450408638323, 4349.074115100589]
[14, 1, 0.14625000000000002, 0.016289043420900352, False, 8, 4, 4246.813149731836, 4242.612631015483]
[15, 1, 0.14625000000000002, 0.015736711003153693, False, 8, 4, 4246.813149731836, 4242.612631015483]
[16, 1, 0.14625000000000002, 0.015237004909823318, False, 8, 4, 4246.813149731836, 4242.612631015483]
[17, 1, 0.14625000000000002, 0.01478206603794269, False, 8, 4, 4246.813149731836, 4242.612631015483]
[18, 1, 0.14625000000000002, 0.014365585995611716, False, 8, 4, 4246.813149731836, 4242.612631015483]
[19, 1, 0.14625000000000002, 0.013982434653505876, False, 8, 4, 4246.813149731836, 4242.612631015483]
[20, 1, 0.14625000000000002, 0.013628391500745197, False, 8, 4, 4246.813149731836, 4242.612631015483]
[21, 1, 0.14625000000000002, 0.013299948259748407, False, 8, 4, 4246.813149731836, 4242.612631015483]
[22, 1, 0.14625000000000002, 0.01299416144755314, False, 8, 4, 4246.813149731836, 4242.612631015483]
[5, 2, 0.14625000000000002, 0.027256783001490394, False, 2, 1, 2431.426893143675, 2431.066855196496]
[5, 2, 0.14625000000000002, 0.027256783001490394, False, 4, 2, 2405.3454774370457, 2404.615673815387]
[5, 2, 0.14625000000000002, 0.027256783001490394, False, 6, 3, 26315.10904811938, 2284.6990689343866]
[5, 2, 0.14625000000000002, 0.027256783001490394, False, 8, 4, 26229.999231114274, 2162.4514553834892]
[6, 2, 0.14625000000000002, 0.024881924824899426, False, 2, 1, 2896.374770226257, 2895.7959982927473]
[6, 2, 0.14625000000000002, 0.024881924824899426, False, 4, 2, 2905.955529953988, 2904.8261935472124]
[6, 2, 0.14625000000000002, 0.024881924824899426, False, 6, 3, 26295.180712938716, 2771.55560910004]
[6, 2, 0.14625000000000002, 0.024881924824899426, False, 8, 4, 26203.72914810115, 2623.741146101289]
[7, 2, 0.14625000000000002, 0.023036186123921516, False, 2, 1, 3350.5814287076946, 3349.7136449881077]
[7, 2, 0.14625000000000002, 0.023036186123921516, False, 4, 2, 3408.0847911393003, 3406.4427156746324]
[7, 2, 0.14625000000000002, 0.023036186123921516, False, 6, 3, 26274.719796496363, 3264.9291898793444]
[7, 2, 0.14625000000000002, 0.023036186123921516, False, 8, 4, 26176.77955034815, 3091.8082393397895]
[8, 2, 0.14625000000000002, 0.021548378993417577, False, 2, 1, 3792.8252830501397, 3791.5899835754826]
[8, 2, 0.14625000000000002, 0.021548378993417577, False, 4, 2, 3907.0882673557553, 3904.804334325]
[8, 2, 0.14625000000000002, 0.021548378993417577, False, 6, 3, 26253.54992046982, 3764.0752181964226]
[8, 2, 0.14625000000000002, 0.021548378993417577, False, 8, 4, 26148.920140104452, 3566.056824252671]
[9, 2, 0.14625000000000002, 0.020316006546431092, False, 2, 1, 4223.009444340676, 4221.321290353779]
[9, 2, 0.14625000000000002, 0.020316006546431092, False, 4, 2, 4404.363746290612, 4401.297922206458]
[9, 2, 0.14625000000000002, 0.020316006546431092, False, 6, 3, 4269.725323660565, 4265.467577502925]
[9, 2, 0.14625000000000002, 0.020316006546431092, False, 8, 4, 26119.955058250584, 4045.986349283707]
[10, 2, 0.14625000000000002, 0.019273456093684076, False, 2, 1, 4641.009702201854, 4638.777294801808]
[10, 2, 0.14625000000000002, 0.019273456093684076, False, 4, 2, 4902.60355644013, 4898.606788885551]
[10, 2, 0.14625000000000002, 0.019273456093684076, False, 6, 3, 4771.709494016384, 4765.6586472142935]
[10, 2, 0.14625000000000002, 0.019273456093684076, False, 8, 4, 26089.70502155528, 4531.115558895771]
[11, 2, 0.14625000000000002, 0.01837651935079526, False, 2, 1, 5047.6097129814825, 5044.737080566067]
[11, 2, 0.14625000000000002, 0.01837651935079526, False, 4, 2, 5398.4060630173, 5393.315068371644]
[11, 2, 0.14625000000000002, 0.01837651935079526, False, 6, 3, 5275.514316862478, 5267.8534273526675]
[11, 2, 0.14625000000000002, 0.01837651935079526, False, 8, 4, 26057.996912180603, 5021.104983262877]
[12, 2, 0.14625000000000002, 0.017594177772660285, False, 2, 1, 5442.626296151486, 5439.621267041713]
[12, 2, 0.14625000000000002, 0.017594177772660285, False, 4, 2, 5891.205252328256, 5884.8452696504455]
[12, 2, 0.14625000000000002, 0.017594177772660285, False, 6, 3, 5781.048435843176, 5771.52194364424]
[12, 2, 0.14625000000000002, 0.017594177772660285, False, 8, 4, 26024.657026902867, 5515.612397465121]
[13, 2, 0.14625000000000002, 0.01690393922672755, False, 2, 1, 5827.542223087077, 5823.873154459148]
[13, 2, 0.14625000000000002, 0.01690393922672755, False, 4, 2, 6376.83721283214, 6369.01948806959]
[13, 2, 0.14625000000000002, 0.01690393922672755, False, 6, 3, 6287.852419898085, 6276.184959804546]
[13, 2, 0.14625000000000002, 0.01690393922672755, False, 8, 4, 6028.787691651575, 6014.108894646584]
[14, 2, 0.14625000000000002, 0.016289043420900352, False, 2, 1, 6202.347914190342, 6197.941437505629]
[14, 2, 0.14625000000000002, 0.016289043420900352, False, 4, 2, 6856.595170072573, 6847.122644823222]
[14, 2, 0.14625000000000002, 0.016289043420900352, False, 6, 3, 6791.245482845415, 6777.133994786595]
[14, 2, 0.14625000000000002, 0.016289043420900352, False, 8, 4, 6527.526935383284, 6509.8578473985435]
[15, 2, 0.14625000000000002, 0.015736711003153693, False, 8, 4, 6527.526935383284, 6509.8578473985435]
[16, 2, 0.14625000000000002, 0.015237004909823318, False, 8, 4, 6527.526935383284, 6509.8578473985435]
[17, 2, 0.14625000000000002, 0.01478206603794269, False, 8, 4, 6527.526935383284, 6509.8578473985435]
[18, 2, 0.14625000000000002, 0.014365585995611716, False, 8, 4, 6527.526935383284, 6509.8578473985435]
[19, 2, 0.14625000000000002, 0.013982434653505876, False, 8, 4, 6527.526935383284, 6509.8578473985435]
[20, 2, 0.14625000000000002, 0.013628391500745197, False, 8, 4, 6527.526935383284, 6509.8578473985435]
[21, 2, 0.14625000000000002, 0.013299948259748407, False, 8, 4, 6527.526935383284, 6509.8578473985435]
[22, 2, 0.14625000000000002, 0.01299416144755314, False, 8, 4, 6527.526935383284, 6509.8578473985435]
[5, 3, 0.14625000000000002, 0.027256783001490394, False, 2, 1, 3364.206902397759, 3363.196100799609]
[5, 3, 0.14625000000000002, 0.027256783001490394, False, 4, 2, 3310.8762633318242, 3308.9603503837407]
[5, 3, 0.14625000000000002, 0.027256783001490394, False, 6, 3, 25993.730359978952, 3081.7502146138504]
[5, 3, 0.14625000000000002, 0.027256783001490394, False, 8, 4, 25796.635707677997, 2858.214269618341]
[6, 3, 0.14625000000000002, 0.024881924824899426, False, 2, 1, 3959.8984658779264, 3958.327820288621]
[6, 3, 0.14625000000000002, 0.024881924824899426, False, 4, 2, 3973.2780040610405, 3970.3583646464926]
[6, 3, 0.14625000000000002, 0.024881924824899426, False, 6, 3, 25947.322872134122, 3719.8914524860947]
[6, 3, 0.14625000000000002, 0.024881924824899426, False, 8, 4, 25736.375094303323, 3451.8480728353484]
[7, 3, 0.14625000000000002, 0.023036186123921516, False, 2, 1, 4528.596374542581, 4526.316892454983]
[7, 3, 0.14625000000000002, 0.023036186123921516, False, 4, 2, 4628.7023066703905, 4624.528983638358]
[7, 3, 0.14625000000000002, 0.023036186123921516, False, 6, 3, 25899.84024469048, 4360.475878707308]
[7, 3, 0.14625000000000002, 0.023036186123921516, False, 8, 4, 25674.832778043587, 4049.0887335277685]
[8, 3, 0.14625000000000002, 0.021548378993417577, False, 2, 1, 5069.174559240674, 5066.576436482034]
[8, 3, 0.14625000000000002, 0.021548378993417577, False, 4, 2, 5269.277091972752, 5263.58138545902]
[8, 3, 0.14625000000000002, 0.021548378993417577, False, 6, 3, 5011.280125949976, 5002.402564219688]
[8, 3, 0.14625000000000002, 0.021548378993417577, False, 8, 4, 25611.504846874395, 4649.06980099164]
[9, 3, 0.14625000000000002, 0.020316006546431092, False, 2, 1, 5583.829439231842, 5580.424073333666]
[9, 3, 0.14625000000000002, 0.020316006546431092, False, 4, 2, 5898.318665978794, 5890.81946557642]
[9, 3, 0.14625000000000002, 0.020316006546431092, False, 6, 3, 5651.215644470199, 5639.640970943366]
[9, 3, 0.14625000000000002, 0.020316006546431092, False, 8, 4, 25545.975207625794, 5251.041424276137]
[10, 3, 0.14625000000000002, 0.019273456093684076, False, 2, 1, 6073.265368351361, 6068.942878074309]
[10, 3, 0.14625000000000002, 0.019273456093684076, False, 4, 2, 6521.185012206635, 6511.589872013096]
[10, 3, 0.14625000000000002, 0.019273456093684076, False, 6, 3, 6281.236524922117, 6266.479681523259]
[10, 3, 0.14625000000000002, 0.019273456093684076, False, 8, 4, 25477.87413122049, 5854.255916740156]
[11, 3, 0.14625000000000002, 0.01837651935079526, False, 2, 1, 6539.944447263931, 6534.599464470477]
[11, 3, 0.14625000000000002, 0.01837651935079526, False, 4, 2, 7131.999681325917, 7120.005640434888]
[11, 3, 0.14625000000000002, 0.01837651935079526, False, 6, 3, 6907.260764487941, 6888.840153058032]
[11, 3, 0.14625000000000002, 0.01837651935079526, False, 8, 4, 25406.85462339652, 6458.183670880707]
[12, 3, 0.14625000000000002, 0.017594177772660285, False, 2, 1, 6985.507493316972, 6979.039713342072]
[12, 3, 0.14625000000000002, 0.017594177772660285, False, 4, 2, 7730.433957344347, 7715.7302671279695]
[12, 3, 0.14625000000000002, 0.017594177772660285, False, 6, 3, 7528.5947781691575, 7506.005801525824]
[12, 3, 0.14625000000000002, 0.017594177772660285, False, 8, 4, 7089.976229816426, 7062.272539587517]
[13, 3, 0.14625000000000002, 0.01690393922672755, False, 2, 1, 7411.481742871466, 7403.796235305153]
[13, 3, 0.14625000000000002, 0.01690393922672755, False, 4, 2, 8310.862843172696, 8292.158758710633]
[13, 3, 0.14625000000000002, 0.01690393922672755, False, 6, 3, 8144.628896232125, 8117.3433892132125]
[13, 3, 0.14625000000000002, 0.01690393922672755, False, 8, 4, 7699.372983491798, 7666.007540865466]
[14, 3, 0.14625000000000002, 0.016289043420900352, False, 2, 1, 7819.2738108014655, 7810.281107101209]
[14, 3, 0.14625000000000002, 0.016289043420900352, False, 4, 2, 8874.454631413939, 8852.156158461703]
[14, 3, 0.14625000000000002, 0.016289043420900352, False, 6, 3, 8746.827959498762, 8715.191683862038]
[14, 3, 0.14625000000000002, 0.016289043420900352, False, 8, 4, 8297.890463172007, 8258.187847472609]
[15, 3, 0.14625000000000002, 0.015736711003153693, False, 8, 4, 8297.890463172007, 8258.187847472609]
[16, 3, 0.14625000000000002, 0.015237004909823318, False, 8, 4, 8297.890463172007, 8258.187847472609]
[17, 3, 0.14625000000000002, 0.01478206603794269, False, 8, 4, 8297.890463172007, 8258.187847472609]
[18, 3, 0.14625000000000002, 0.014365585995611716, False, 8, 4, 8297.890463172007, 8258.187847472609]
[19, 3, 0.14625000000000002, 0.013982434653505876, False, 8, 4, 8297.890463172007, 8258.187847472609]
[20, 3, 0.14625000000000002, 0.013628391500745197, False, 8, 4, 8297.890463172007, 8258.187847472609]
[21, 3, 0.14625000000000002, 0.013299948259748407, False, 8, 4, 8297.890463172007, 8258.187847472609]
[22, 3, 0.14625000000000002, 0.01299416144755314, False, 8, 4, 8297.890463172007, 8258.187847472609]
[5, 4, 0.14625000000000002, 0.027256783001490394, False, 2, 1, 4186.9711240351535, 4184.9169492170095]
[5, 4, 0.14625000000000002, 0.027256783001490394, False, 4, 2, 4098.230682470122, 4094.5811893462087]
[5, 4, 0.14625000000000002, 0.027256783001490394, False, 6, 3, 25479.0116325901, 3745.2128309877044]
[5, 4, 0.14625000000000002, 0.027256783001490394, False, 8, 4, 25134.335427945378, 3413.83245611694]
[6, 4, 0.14625000000000002, 0.024881924824899426, False, 2, 1, 4876.314724716441, 4873.802517691713]
[6, 4, 0.14625000000000002, 0.024881924824899426, False, 4, 2, 4888.920737644588, 4883.424958992956]
[6, 4, 0.14625000000000002, 0.024881924824899426, False, 6, 3, 25397.233455921054, 4501.306070705497]
[6, 4, 0.14625000000000002, 0.024881924824899426, False, 8, 4, 25030.307264213774, 4106.800403132484]
[7, 4, 0.14625000000000002, 0.023036186123921516, False, 2, 1, 5521.703898915704, 5518.197550552333]
[7, 4, 0.14625000000000002, 0.023036186123921516, False, 4, 2, 5661.864515527621, 5654.116158963814]
[7, 4, 0.14625000000000002, 0.023036186123921516, False, 6, 3, 25313.960229130156, 5254.097399340593]
[7, 4, 0.14625000000000002, 0.023036186123921516, False, 8, 4, 24924.704543520806, 4798.994018919971]
[8, 4, 0.14625000000000002, 0.021548378993417577, False, 2, 1, 6123.763382278197, 6119.109079600863]
[8, 4, 0.14625000000000002, 0.021548378993417577, False, 4, 2, 6406.918242346113, 6395.777562565456]
[8, 4, 0.14625000000000002, 0.021548378993417577, False, 6, 3, 6017.917272404703, 6002.300516971119]
[8, 4, 0.14625000000000002, 0.021548378993417577, False, 8, 4, 24816.701006163406, 5489.403098229563]
[9, 4, 0.14625000000000002, 0.020316006546431092, False, 2, 1, 6686.030001815376, 6680.086481778741]
[9, 4, 0.14625000000000002, 0.020316006546431092, False, 4, 2, 7128.773413162817, 7114.315360423732]
[9, 4, 0.14625000000000002, 0.020316006546431092, False, 6, 3, 6757.8040571268475, 6737.536050023095]
[9, 4, 0.14625000000000002, 0.020316006546431092, False, 8, 4, 24705.640039034864, 6177.147365517249]
[10, 4, 0.14625000000000002, 0.019273456093684076, False, 2, 1, 7211.385091277645, 7204.024821022216]
[10, 4, 0.14625000000000002, 0.019273456093684076, False, 4, 2, 7836.484940521503, 7818.232141891722]
[10, 4, 0.14625000000000002, 0.019273456093684076, False, 6, 3, 7477.691371435348, 7452.113010831565]
[10, 4, 0.14625000000000002, 0.019273456093684076, False, 8, 4, 24590.961065701093, 6861.328730512274]
[11, 4, 0.14625000000000002, 0.01837651935079526, False, 2, 1, 7704.381232099157, 7695.489217390937]
[11, 4, 0.14625000000000002, 0.01837651935079526, False, 4, 2, 8522.412185644453, 8499.88425875327]
[11, 4, 0.14625000000000002, 0.01837651935079526, False, 6, 3, 8186.519082692272, 8154.939407384598]
[11, 4, 0.14625000000000002, 0.01837651935079526, False, 8, 4, 24472.158340870097, 7541.337645912341]
[12, 4, 0.14625000000000002, 0.017594177772660285, False, 2, 1, 8167.929394255179, 8157.402606944583]
[12, 4, 0.14625000000000002, 0.017594177772660285, False, 4, 2, 9186.487864888846, 9159.203715634563]
[12, 4, 0.14625000000000002, 0.017594177772660285, False, 6, 3, 8883.60672818933, 8845.319557373226]
[12, 4, 0.14625000000000002, 0.017594177772660285, False, 8, 4, 8263.370267700468, 8216.521442665413]
[13, 4, 0.14625000000000002, 0.01690393922672755, False, 2, 1, 8604.993065376464, 8592.739726277743]
[13, 4, 0.14625000000000002, 0.01690393922672755, False, 4, 2, 9820.051585335817, 9787.543942312022]
[13, 4, 0.14625000000000002, 0.01690393922672755, False, 6, 3, 9568.38219489385, 9522.668597446474]
[13, 4, 0.14625000000000002, 0.01690393922672755, False, 8, 4, 8942.315357736083, 8886.27097059173]
[14, 4, 0.14625000000000002, 0.016289043420900352, False, 2, 1, 9018.01649359956, 9003.954912904377]
[14, 4, 0.14625000000000002, 0.016289043420900352, False, 4, 2, 10427.906334694633, 10389.713485538205]
[14, 4, 0.14625000000000002, 0.016289043420900352, False, 6, 3, 10230.619883703857, 10176.781880481863]
[14, 4, 0.14625000000000002, 0.016289043420900352, False, 8, 4, 9602.191808318334, 9536.070139868189]
[15, 4, 0.14625000000000002, 0.015736711003153693, False, 8, 4, 9602.191808318334, 9536.070139868189]
[16, 4, 0.14625000000000002, 0.015237004909823318, False, 8, 4, 9602.191808318334, 9536.070139868189]
[17, 4, 0.14625000000000002, 0.01478206603794269, False, 8, 4, 9602.191808318334, 9536.070139868189]
[18, 4, 0.14625000000000002, 0.014365585995611716, False, 8, 4, 9602.191808318334, 9536.070139868189]
[19, 4, 0.14625000000000002, 0.013982434653505876, False, 8, 4, 9602.191808318334, 9536.070139868189]
[20, 4, 0.14625000000000002, 0.013628391500745197, False, 8, 4, 9602.191808318334, 9536.070139868189]
[21, 4, 0.14625000000000002, 0.013299948259748407, False, 8, 4, 9602.191808318334, 9536.070139868189]
[22, 4, 0.14625000000000002, 0.01299416144755314, False, 8, 4, 9602.191808318334, 9536.070139868189]
[5, 5, 0.14625000000000002, 0.027256783001490394, False, 2, 1, 4888.050204887859, 4885.33210574674]
[5, 5, 0.14625000000000002, 0.027256783001490394, False, 4, 2, 4759.619512228881, 4753.175502962138]
[5, 5, 0.14625000000000002, 0.027256783001490394, False, 6, 3, 24790.51359478066, 4281.097298791214]
[5, 5, 0.14625000000000002, 0.027256783001490394, False, 8, 4, 24268.233566919684, 3846.4306981560676]
[6, 5, 0.14625000000000002, 0.024881924824899426, False, 2, 1, 5642.341093369253, 5638.386206414142]
[6, 5, 0.14625000000000002, 0.024881924824899426, False, 4, 2, 5649.125955530715, 5639.638940853578]
[6, 5, 0.14625000000000002, 0.024881924824899426, False, 6, 3, 24665.399930157793, 5126.5447507644185]
[6, 5, 0.14625000000000002, 0.024881924824899426, False, 8, 4, 24113.886210049637, 4612.244632519732]
[7, 5, 0.14625000000000002, 0.023036186123921516, False, 2, 1, 6336.298823893112, 6330.909819606132]
[7, 5, 0.14625000000000002, 0.023036186123921516, False, 4, 2, 6509.788343877562, 6496.629850099969]
[7, 5, 0.14625000000000002, 0.023036186123921516, False, 6, 3, 24538.773191125034, 5962.423843767407]
[7, 5, 0.14625000000000002, 0.023036186123921516, False, 8, 4, 23974.616501856115, 5373.591841011563]
[8, 5, 0.14625000000000002, 0.021548378993417577, False, 2, 1, 6973.0492748614615, 6966.054094825922]
[8, 5, 0.14625000000000002, 0.021548378993417577, False, 4, 2, 7328.244631258252, 7310.796286918393]
[8, 5, 0.14625000000000002, 0.021548378993417577, False, 6, 3, 6811.212493248935, 6787.418198839114]
[8, 5, 0.14625000000000002, 0.021548378993417577, False, 8, 4, 23832.939722391646, 6128.734599242092]
[9, 5, 0.14625000000000002, 0.020316006546431092, False, 2, 1, 7558.677703806255, 7549.928587344626]
[9, 5, 0.14625000000000002, 0.020316006546431092, False, 4, 2, 8113.322030408196, 8090.969010555693]
[9, 5, 0.14625000000000002, 0.020316006546431092, False, 6, 3, 7621.803248580512, 7591.154755893478]
[9, 5, 0.14625000000000002, 0.020316006546431092, False, 8, 4, 23688.039102272145, 6876.763461008676]
[10, 5, 0.14625000000000002, 0.019273456093684076, False, 2, 1, 8098.036638364399, 8087.409313236858]
[10, 5, 0.14625000000000002, 0.019273456093684076, False, 4, 2, 8876.76529930184, 8848.88601243815]
[10, 5, 0.14625000000000002, 0.019273456093684076, False, 6, 3, 8402.740628548589, 8364.382979622209]
[10, 5, 0.14625000000000002, 0.019273456093684076, False, 8, 4, 23539.240640612952, 7616.730858985103]
[11, 5, 0.14625000000000002, 0.01837651935079526, False, 2, 1, 8597.776040457637, 8585.164605326707]
[11, 5, 0.14625000000000002, 0.01837651935079526, False, 4, 2, 9609.280335834379, 9575.27569645962]
[11, 5, 0.14625000000000002, 0.01837651935079526, False, 6, 3, 9167.268565416054, 9120.306369493956]
[11, 5, 0.14625000000000002, 0.01837651935079526, False, 8, 4, 8405.183739212529, 8348.036704391754]
[12, 5, 0.14625000000000002, 0.017594177772660285, False, 2, 1, 9062.43313033115, 9047.748421756762]
[12, 5, 0.14625000000000002, 0.017594177772660285, False, 4, 2, 10311.423604742871, 10270.710815240443]
[12, 5, 0.14625000000000002, 0.017594177772660285, False, 6, 3, 9915.013810938746, 9857.517377712556]
[12, 5, 0.14625000000000002, 0.017594177772660285, False, 8, 4, 9138.079429649442, 9070.017865691796]
[13, 5, 0.14625000000000002, 0.01690393922672755, False, 2, 1, 9495.90383928451, 9479.07088506961]
[13, 5, 0.14625000000000002, 0.01690393922672755, False, 4, 2, 10972.962287129296, 10925.009258361197]
[13, 5, 0.14625000000000002, 0.01690393922672755, False, 6, 3, 10643.505870408946, 10575.38364145135]
[13, 5, 0.14625000000000002, 0.01690393922672755, False, 8, 4, 9863.025978959042, 9782.05885598936]
[14, 5, 0.14625000000000002, 0.016289043420900352, False, 2, 1, 9901.532176725577, 9882.487862794042]
[14, 5, 0.14625000000000002, 0.016289043420900352, False, 4, 2, 11600.668357080722, 11544.959019704555]
[14, 5, 0.14625000000000002, 0.016289043420900352, False, 6, 3, 11341.29937782733, 11261.683948894144]
[14, 5, 0.14625000000000002, 0.016289043420900352, False, 8, 4, 10562.309250844157, 10466.20637712]
[15, 5, 0.14625000000000002, 0.015736711003153693, False, 8, 4, 10562.309250844157, 10466.20637712]
[16, 5, 0.14625000000000002, 0.015237004909823318, False, 8, 4, 10562.309250844157, 10466.20637712]
[17, 5, 0.14625000000000002, 0.01478206603794269, False, 8, 4, 10562.309250844157, 10466.20637712]
[18, 5, 0.14625000000000002, 0.014365585995611716, False, 8, 4, 10562.309250844157, 10466.20637712]
[19, 5, 0.14625000000000002, 0.013982434653505876, False, 8, 4, 10562.309250844157, 10466.20637712]
[20, 5, 0.14625000000000002, 0.013628391500745197, False, 8, 4, 10562.309250844157, 10466.20637712]
[21, 5, 0.14625000000000002, 0.013299948259748407, False, 8, 4, 10562.309250844157, 10466.20637712]
[22, 5, 0.14625000000000002, 0.01299416144755314, False, 8, 4, 10562.309250844157, 10466.20637712]
[5, 6, 0.14625000000000002, 0.027256783001490394, False, 2, 1, 5475.381207336579, 5471.493188242814]
[5, 6, 0.14625000000000002, 0.027256783001490394, False, 4, 2, 5305.288483648052, 5295.966760972891]
[5, 6, 0.14625000000000002, 0.027256783001490394, False, 6, 3, 23964.243822220735, 4709.040823977186]
[5, 6, 0.14625000000000002, 0.027256783001490394, False, 8, 4, 23325.994143732947, 4184.361869735905]
[6, 6, 0.14625000000000002, 0.024881924824899426, False, 2, 1, 6272.808388656847, 6267.271839654139]
[6, 6, 0.14625000000000002, 0.024881924824899426, False, 4, 2, 6269.550559947475, 6255.980975265438]
[6, 6, 0.14625000000000002, 0.024881924824899426, False, 6, 3, 23810.21347529778, 5622.6412304454825]
[6, 6, 0.14625000000000002, 0.024881924824899426, False, 8, 4, 23138.80403743784, 5004.937382316235]
[7, 6, 0.14625000000000002, 0.023036186123921516, False, 2, 1, 6996.179489527057, 6988.7812748719]
[7, 6, 0.14625000000000002, 0.023036186123921516, False, 4, 2, 7194.374570491204, 7175.754351707332]
[7, 6, 0.14625000000000002, 0.023036186123921516, False, 6, 3, 23655.05812206869, 6520.8858176547255]
[7, 6, 0.14625000000000002, 0.023036186123921516, False, 8, 4, 22951.226128845366, 5815.919394149698]
[8, 6, 0.14625000000000002, 0.021548378993417577, False, 2, 1, 7650.9094849532385, 7641.476530838837]
[8, 6, 0.14625000000000002, 0.021548378993417577, False, 4, 2, 8064.433998436144, 8040.0078728579865]
[8, 6, 0.14625000000000002, 0.021548378993417577, False, 6, 3, 7436.059603313403, 7402.536387987888]
[8, 6, 0.14625000000000002, 0.021548378993417577, False, 8, 4, 22761.856699244196, 6616.281295578393]
[9, 6, 0.14625000000000002, 0.020316006546431092, False, 2, 1, 8245.595991095171, 8233.989253995722]
[9, 6, 0.14625000000000002, 0.020316006546431092, False, 4, 2, 8891.491241303402, 8860.521886513381]
[9, 6, 0.14625000000000002, 0.020316006546431092, False, 6, 3, 8298.420184601846, 8255.596371176865]
[9, 6, 0.14625000000000002, 0.020316006546431092, False, 8, 4, 22569.65651759621, 7405.132426320871]
[10, 6, 0.14625000000000002, 0.019273456093684076, False, 2, 1, 8786.954398123376, 8773.065422611333]
[10, 6, 0.14625000000000002, 0.019273456093684076, False, 4, 2, 9690.938652478533, 9652.685266008113]
[10, 6, 0.14625000000000002, 0.019273456093684076, False, 6, 3, 9122.838948963092, 9069.625224548137]
[10, 6, 0.14625000000000002, 0.019273456093684076, False, 8, 4, 22373.805660563623, 8181.522384513683]
[11, 6, 0.14625000000000002, 0.01837651935079526, False, 2, 1, 9283.498173838205, 9267.239396361103]
[11, 6, 0.14625000000000002, 0.01837651935079526, False, 4, 2, 10452.80490142934, 10406.585135579273]
[11, 6, 0.14625000000000002, 0.01837651935079526, False, 6, 3, 9923.780273626418, 9859.04839689494]
[11, 6, 0.14625000000000002, 0.01837651935079526, False, 8, 4, 9019.06914614957, 8942.533872485357]
[12, 6, 0.14625000000000002, 0.017594177772660285, False, 2, 1, 9740.973055843162, 9722.27525556]
[12, 6, 0.14625000000000002, 0.017594177772660285, False, 4, 2, 11176.150362525546, 11122.517877825123]
[12, 6, 0.14625000000000002, 0.017594177772660285, False, 6, 3, 10700.935750801731, 10623.570962950802]
[12, 6, 0.14625000000000002, 0.017594177772660285, False, 8, 4, 9777.841273480017, 9685.855839808488]
[13, 6, 0.14625000000000002, 0.01690393922672755, False, 2, 1, 10165.376429779195, 10143.00757174214]
[13, 6, 0.14625000000000002, 0.01690393922672755, False, 4, 2, 11851.682196297445, 11789.159694788448]
[13, 6, 0.14625000000000002, 0.01690393922672755, False, 6, 3, 11454.125609208919, 11363.028576394061]
[13, 6, 0.14625000000000002, 0.01690393922672755, False, 8, 4, 10522.803895522451, 10413.819221846632]
[14, 6, 0.14625000000000002, 0.016289043420900352, False, 2, 1, 10558.633801869133, 10533.49937541002]
[14, 6, 0.14625000000000002, 0.016289043420900352, False, 4, 2, 12487.019182749425, 12415.113999285566]
[14, 6, 0.14625000000000002, 0.016289043420900352, False, 6, 3, 12169.45971657685, 12063.657788505241]
[14, 6, 0.14625000000000002, 0.016289043420900352, False, 8, 4, 11233.54511758196, 11106.21700118526]
[15, 6, 0.14625000000000002, 0.015736711003153693, False, 8, 4, 11233.54511758196, 11106.21700118526]
[16, 6, 0.14625000000000002, 0.015237004909823318, False, 8, 4, 11233.54511758196, 11106.21700118526]
[17, 6, 0.14625000000000002, 0.01478206603794269, False, 8, 4, 11233.54511758196, 11106.21700118526]
[18, 6, 0.14625000000000002, 0.014365585995611716, False, 8, 4, 11233.54511758196, 11106.21700118526]
[19, 6, 0.14625000000000002, 0.013982434653505876, False, 8, 4, 11233.54511758196, 11106.21700118526]
[20, 6, 0.14625000000000002, 0.013628391500745197, False, 8, 4, 11233.54511758196, 11106.21700118526]
[21, 6, 0.14625000000000002, 0.013299948259748407, False, 8, 4, 11233.54511758196, 11106.21700118526]
[22, 6, 0.14625000000000002, 0.01299416144755314, False, 8, 4, 11233.54511758196, 11106.21700118526]
[5, 7, 0.14625000000000002, 0.027256783001490394, False, 2, 1, 5963.8741394513345, 5958.747591827612]
[5, 7, 0.14625000000000002, 0.027256783001490394, False, 4, 2, 5752.8655416677675, 5740.4160201158775]
[5, 7, 0.14625000000000002, 0.027256783001490394, False, 6, 3, 23092.354813463102, 5052.962859440771]
[5, 7, 0.14625000000000002, 0.027256783001490394, False, 8, 4, 22278.881840868326, 4447.013026675857]
[6, 7, 0.14625000000000002, 0.024881924824899426, False, 2, 1, 6789.3330590457645, 6782.160818919499]
[6, 7, 0.14625000000000002, 0.024881924824899426, False, 4, 2, 6774.813689685782, 6756.860502577536]
[6, 7, 0.14625000000000002, 0.024881924824899426, False, 6, 3, 22893.8900138304, 6017.469231514175]
[6, 7, 0.14625000000000002, 0.024881924824899426, False, 8, 4, 21983.287358063033, 5303.953397832512]
[7, 7, 0.14625000000000002, 0.023036186123921516, False, 2, 1, 7529.361012780621, 7519.927113645901]
[7, 7, 0.14625000000000002, 0.023036186123921516, False, 4, 2, 7748.034260389039, 7723.6168703474095]
[7, 7, 0.14625000000000002, 0.023036186123921516, False, 6, 3, 6993.818760762357, 6960.929130376066]
[7, 7, 0.14625000000000002, 0.023036186123921516, False, 8, 4, 21685.91615812435, 6145.86191349211]
[8, 7, 0.14625000000000002, 0.021548378993417577, False, 2, 1, 8191.591039747939, 8179.7323127138325]
[8, 7, 0.14625000000000002, 0.021548378993417577, False, 4, 2, 8655.661938338877, 8623.914144581053]
[8, 7, 0.14625000000000002, 0.021548378993417577, False, 6, 3, 7925.447089773083, 7882.240578830352]
[8, 7, 0.14625000000000002, 0.021548378993417577, False, 8, 4, 21390.49443828615, 6972.011535096088]
[9, 7, 0.14625000000000002, 0.020316006546431092, False, 2, 1, 8786.91836558714, 8772.512387604367]
[9, 7, 0.14625000000000002, 0.020316006546431092, False, 4, 2, 9512.215925645505, 9472.304752969132]
[9, 7, 0.14625000000000002, 0.020316006546431092, False, 6, 3, 8823.03808907054, 8768.12215216471]
[9, 7, 0.14625000000000002, 0.020316006546431092, False, 8, 4, 21095.39316900727, 7781.542382483577]
[10, 7, 0.14625000000000002, 0.019273456093684076, False, 2, 1, 9323.700115863568, 9306.659178876991]
[10, 7, 0.14625000000000002, 0.019273456093684076, False, 4, 2, 10334.029708913127, 10286.30742330073]
[10, 7, 0.14625000000000002, 0.019273456093684076, False, 6, 3, 9670.040789022436, 9602.11493290228]
[10, 7, 0.14625000000000002, 0.019273456093684076, False, 8, 4, 8652.032747226818, 8573.510268767834]
[11, 7, 0.14625000000000002, 0.01837651935079526, False, 2, 1, 9813.082812165334, 9792.280358858372]
[11, 7, 0.14625000000000002, 0.01837651935079526, False, 4, 2, 11111.539133757256, 11054.357964963512]
[11, 7, 0.14625000000000002, 0.01837651935079526, False, 6, 3, 10486.297594211166, 10404.021715213923]
[11, 7, 0.14625000000000002, 0.01837651935079526, False, 8, 4, 9443.2305591871, 9347.390234544444]
[12, 7, 0.14625000000000002, 0.017594177772660285, False, 2, 1, 10259.904757770877, 10236.117819864894]
[12, 7, 0.14625000000000002, 0.017594177772660285, False, 4, 2, 11845.73118699316, 11778.43728302676]
[12, 7, 0.14625000000000002, 0.017594177772660285, False, 6, 3, 11272.70415076101, 11174.773021353813]
[12, 7, 0.14625000000000002, 0.017594177772660285, False, 8, 4, 10217.49185748562, 10102.551442338854]
[13, 7, 0.14625000000000002, 0.01690393922672755, False, 2, 1, 10670.55260857656, 10643.725323076531]
[13, 7, 0.14625000000000002, 0.01690393922672755, False, 4, 2, 12524.318840900938, 12446.404226706647]
[13, 7, 0.14625000000000002, 0.01690393922672755, False, 6, 3, 12029.330651328051, 11914.469008198832]
[13, 7, 0.14625000000000002, 0.01690393922672755, False, 8, 4, 10974.250658928326, 10838.405009022132]
[14, 7, 0.14625000000000002, 0.016289043420900352, False, 2, 1, 11049.6078286219, 11019.695342568375]
[14, 7, 0.14625000000000002, 0.016289043420900352, False, 4, 2, 13157.499264999833, 13068.475096177812]
[14, 7, 0.14625000000000002, 0.016289043420900352, False, 6, 3, 12739.853863375685, 12608.320133986565]
[14, 7, 0.14625000000000002, 0.016289043420900352, False, 8, 4, 11691.4440782099, 11533.205626050654]
[15, 7, 0.14625000000000002, 0.015736711003153693, False, 8, 4, 11691.4440782099, 11533.205626050654]
[16, 7, 0.14625000000000002, 0.015237004909823318, False, 8, 4, 11691.4440782099, 11533.205626050654]
[17, 7, 0.14625000000000002, 0.01478206603794269, False, 8, 4, 11691.4440782099, 11533.205626050654]
[18, 7, 0.14625000000000002, 0.014365585995611716, False, 8, 4, 11691.4440782099, 11533.205626050654]
[19, 7, 0.14625000000000002, 0.013982434653505876, False, 8, 4, 11691.4440782099, 11533.205626050654]
[20, 7, 0.14625000000000002, 0.013628391500745197, False, 8, 4, 11691.4440782099, 11533.205626050654]
[21, 7, 0.14625000000000002, 0.013299948259748407, False, 8, 4, 11691.4440782099, 11533.205626050654]
[22, 7, 0.14625000000000002, 0.01299416144755314, False, 8, 4, 11691.4440782099, 11533.205626050654]
[5, 8, 0.14625000000000002, 0.027256783001490394, False, 2, 1, 6369.048585872118, 6362.658395826284]
[5, 8, 0.14625000000000002, 0.027256783001490394, False, 4, 2, 6123.1711817167825, 6107.449111892423]
[5, 8, 0.14625000000000002, 0.027256783001490394, False, 6, 3, 22092.58649356399, 5325.112694982781]
[5, 8, 0.14625000000000002, 0.027256783001490394, False, 8, 4, 20861.078108825113, 4639.001849410911]
[6, 8, 0.14625000000000002, 0.024881924824899426, False, 2, 1, 7212.09452629752, 7203.282594947924]
[6, 8, 0.14625000000000002, 0.024881924824899426, False, 4, 2, 7188.312309671838, 7165.813709778855]
[6, 8, 0.14625000000000002, 0.024881924824899426, False, 6, 3, 21784.89532505892, 6322.880011709863]
[6, 8, 0.14625000000000002, 0.024881924824899426, False, 8, 4, 20520.21934000015, 5521.697725509848]
[7, 8, 0.14625000000000002, 0.023036186123921516, False, 2, 1, 7960.443598328194, 7948.999090881453]
[7, 8, 0.14625000000000002, 0.023036186123921516, False, 4, 2, 8196.15575118636, 8165.776265329577]
[7, 8, 0.14625000000000002, 0.023036186123921516, False, 6, 3, 7333.783636719372, 7293.085930674042]
[7, 8, 0.14625000000000002, 0.023036186123921516, False, 8, 4, 20187.024199362022, 6385.776727622983]
[8, 8, 0.14625000000000002, 0.021548378993417577, False, 2, 1, 8623.75842045893, 8609.53346374885]
[8, 8, 0.14625000000000002, 0.021548378993417577, False, 4, 2, 9127.646965921966, 9089.483255541469]
[8, 8, 0.14625000000000002, 0.021548378993417577, False, 6, 3, 8288.131078044415, 8234.805199006443]
[8, 8, 0.14625000000000002, 0.021548378993417577, False, 8, 4, 19858.70874146351, 7230.312848839293]
[9, 8, 0.14625000000000002, 0.020316006546431092, False, 2, 1, 9214.949490324767, 9197.840880856029]
[9, 8, 0.14625000000000002, 0.020316006546431092, False, 4, 2, 10001.676065891397, 9954.050701417444]
[9, 8, 0.14625000000000002, 0.020316006546431092, False, 6, 3, 9201.42864846097, 9133.85235813905]
[9, 8, 0.14625000000000002, 0.020316006546431092, False, 8, 4, 8131.3046774747445, 8054.497403819989]
[10, 8, 0.14625000000000002, 0.019273456093684076, False, 2, 1, 9745.748522892743, 9724.605599734163]
[10, 8, 0.14625000000000002, 0.019273456093684076, False, 4, 2, 10837.369085406877, 10779.395837005979]
[10, 8, 0.14625000000000002, 0.019273456093684076, False, 6, 3, 10061.75528802449, 9978.479519941939]
[10, 8, 0.14625000000000002, 0.019273456093684076, False, 8, 4, 8953.509148943824, 8857.90554467421]
[11, 8, 0.14625000000000002, 0.01837651935079526, False, 2, 1, 10225.138364574768, 10200.755587707688]
[11, 8, 0.14625000000000002, 0.01837651935079526, False, 4, 2, 11616.811936536458, 11547.691422924447]
[11, 8, 0.14625000000000002, 0.01837651935079526, False, 6, 3, 10886.542045579019, 10787.245959175485]
[11, 8, 0.14625000000000002, 0.01837651935079526, False, 8, 4, 9757.094828308718, 9640.700747348508]
[12, 8, 0.14625000000000002, 0.017594177772660285, False, 2, 1, 10661.11600406907, 10633.44376003297]
[12, 8, 0.14625000000000002, 0.017594177772660285, False, 4, 2, 12345.659010858948, 12264.66973831124]
[12, 8, 0.14625000000000002, 0.017594177772660285, False, 6, 3, 11678.164390252454, 11560.391465963388]
[12, 8, 0.14625000000000002, 0.017594177772660285, False, 8, 4, 10540.717954491362, 10401.466278270393]
[13, 8, 0.14625000000000002, 0.01690393922672755, False, 2, 1, 11059.765346580378, 11028.767222429551]
[13, 8, 0.14625000000000002, 0.01690393922672755, False, 4, 2, 13012.61882512583, 12919.236205939716]
[13, 8, 0.14625000000000002, 0.01690393922672755, False, 6, 3, 12435.924285675866, 12298.26668608849]
[13, 8, 0.14625000000000002, 0.01690393922672755, False, 8, 4, 11303.840244775021, 11139.658513140217]
[14, 8, 0.14625000000000002, 0.016289043420900352, False, 2, 1, 11426.057124868203, 11391.705845681807]
[14, 8, 0.14625000000000002, 0.016289043420900352, False, 4, 2, 13629.329665352408, 13523.037460666721]
[14, 8, 0.14625000000000002, 0.016289043420900352, False, 6, 3, 13144.088560174052, 12985.403637737032]
[14, 8, 0.14625000000000002, 0.016289043420900352, False, 8, 4, 12023.18872380059, 11832.439470518028]
[15, 8, 0.14625000000000002, 0.015736711003153693, False, 8, 4, 12023.18872380059, 11832.439470518028]
[16, 8, 0.14625000000000002, 0.015237004909823318, False, 8, 4, 12023.18872380059, 11832.439470518028]
[17, 8, 0.14625000000000002, 0.01478206603794269, False, 8, 4, 12023.18872380059, 11832.439470518028]
[18, 8, 0.14625000000000002, 0.014365585995611716, False, 8, 4, 12023.18872380059, 11832.439470518028]
[19, 8, 0.14625000000000002, 0.013982434653505876, False, 8, 4, 12023.18872380059, 11832.439470518028]
[20, 8, 0.14625000000000002, 0.013628391500745197, False, 8, 4, 12023.18872380059, 11832.439470518028]
[21, 8, 0.14625000000000002, 0.013299948259748407, False, 8, 4, 12023.18872380059, 11832.439470518028]
[22, 8, 0.14625000000000002, 0.01299416144755314, False, 8, 4, 12023.18872380059, 11832.439470518028]
[5, 9, 0.14625000000000002, 0.027256783001490394, False, 2, 1, 6705.140484003104, 6697.4856979270235]
[5, 9, 0.14625000000000002, 0.027256783001490394, False, 4, 2, 6426.05751941131, 6407.626222590429]
[5, 9, 0.14625000000000002, 0.027256783001490394, False, 6, 3, 20804.26987182107, 5529.749711071158]
[5, 9, 0.14625000000000002, 0.027256783001490394, False, 8, 4, 19450.11856739486, 4788.014687902461]
[6, 9, 0.14625000000000002, 0.024881924824899426, False, 2, 1, 7559.757880781359, 7549.328754932286]
[6, 9, 0.14625000000000002, 0.024881924824899426, False, 4, 2, 7522.665543795747, 7496.378691335787]
[6, 9, 0.14625000000000002, 0.024881924824899426, False, 6, 3, 20462.10362054911, 6552.552538806918]
[6, 9, 0.14625000000000002, 0.024881924824899426, False, 8, 4, 19092.88250650465, 5689.740066659382]
[7, 9, 0.14625000000000002, 0.023036186123921516, False, 2, 1, 8312.341085522301, 8298.938391631007]
[7, 9, 0.14625000000000002, 0.023036186123921516, False, 4, 2, 8549.413531652679, 8514.050775682592]
[7, 9, 0.14625000000000002, 0.023036186123921516, False, 6, 3, 7590.927053577108, 7542.9592517403125]
[7, 9, 0.14625000000000002, 0.023036186123921516, False, 8, 4, 18751.31252500654, 6569.859632509151]
[8, 9, 0.14625000000000002, 0.021548378993417577, False, 2, 1, 8974.282746466117, 8957.778504900412]
[8, 9, 0.14625000000000002, 0.021548378993417577, False, 4, 2, 9491.360681644604, 9445.921205062945]
[8, 9, 0.14625000000000002, 0.021548378993417577, False, 6, 3, 8563.035969402801, 8500.218295806453]
[8, 9, 0.14625000000000002, 0.021548378993417577, False, 8, 4, 18416.48693213681, 7427.2371005581335]
[9, 9, 0.14625000000000002, 0.020316006546431092, False, 2, 1, 9561.26212615033, 9540.511952423487]
[9, 9, 0.14625000000000002, 0.020316006546431092, False, 4, 2, 10367.975791077453, 10311.501583653448]
[9, 9, 0.14625000000000002, 0.020316006546431092, False, 6, 3, 9488.932011892499, 9409.47662356842]
[9, 9, 0.14625000000000002, 0.020316006546431092, False, 8, 4, 8353.18349305791, 8261.11655874992]
[10, 9, 0.14625000000000002, 0.019273456093684076, False, 2, 1, 10082.311781331018, 10058.074874960463]
[10, 9, 0.14625000000000002, 0.019273456093684076, False, 4, 2, 11201.254430260922, 11132.752908834475]
[10, 9, 0.14625000000000002, 0.019273456093684076, False, 6, 3, 10357.231921551445, 10259.588510896418]
[10, 9, 0.14625000000000002, 0.019273456093684076, False, 8, 4, 9184.772234761556, 9070.628944766784]
[11, 9, 0.14625000000000002, 0.01837651935079526, False, 2, 1, 10550.679800199128, 10522.906567478789]
[11, 9, 0.14625000000000002, 0.01837651935079526, False, 4, 2, 11978.245436703448, 11896.89261282497]
[11, 9, 0.14625000000000002, 0.01837651935079526, False, 6, 3, 11188.188801231741, 11070.70862676187]
[11, 9, 0.14625000000000002, 0.01837651935079526, False, 8, 4, 9993.96785408466, 9855.364442642103]
[12, 9, 0.14625000000000002, 0.017594177772660285, False, 2, 1, 10974.46095528743, 10943.11815065139]
[12, 9, 0.14625000000000002, 0.017594177772660285, False, 4, 2, 12702.168372773596, 12607.214753266704]
[12, 9, 0.14625000000000002, 0.017594177772660285, False, 6, 3, 11981.50939740382, 11842.596041297447]
[12, 9, 0.14625000000000002, 0.017594177772660285, False, 8, 4, 10780.201457893556, 10614.780371076584]
[13, 9, 0.14625000000000002, 0.01690393922672755, False, 2, 1, 11360.158944998113, 11325.224092056098]
[13, 9, 0.14625000000000002, 0.01690393922672755, False, 4, 2, 13359.921879850874, 13250.845056337861]
[13, 9, 0.14625000000000002, 0.01690393922672755, False, 6, 3, 12737.715974830993, 12575.832834852108]
[13, 9, 0.14625000000000002, 0.01690393922672755, False, 8, 4, 11542.939333300208, 11348.371487027689]
[14, 9, 0.14625000000000002, 0.016289043420900352, False, 2, 1, 11713.032762524135, 11674.490015748741]
[14, 9, 0.14625000000000002, 0.016289043420900352, False, 4, 2, 13964.241995850258, 13840.518128172153]
[14, 9, 0.14625000000000002, 0.016289043420900352, False, 6, 3, 13440.555159988045, 13254.50210111664]
[14, 9, 0.14625000000000002, 0.016289043420900352, False, 8, 4, 12258.052370947105, 12032.56332888384]
[15, 9, 0.14625000000000002, 0.015736711003153693, False, 8, 4, 12258.052370947105, 12032.56332888384]
[16, 9, 0.14625000000000002, 0.015237004909823318, False, 8, 4, 12258.052370947105, 12032.56332888384]
[17, 9, 0.14625000000000002, 0.01478206603794269, False, 8, 4, 12258.052370947105, 12032.56332888384]
[18, 9, 0.14625000000000002, 0.014365585995611716, False, 8, 4, 12258.052370947105, 12032.56332888384]
[19, 9, 0.14625000000000002, 0.013982434653505876, False, 8, 4, 12258.052370947105, 12032.56332888384]
[20, 9, 0.14625000000000002, 0.013628391500745197, False, 8, 4, 12258.052370947105, 12032.56332888384]
[21, 9, 0.14625000000000002, 0.013299948259748407, False, 8, 4, 12258.052370947105, 12032.56332888384]
[22, 9, 0.14625000000000002, 0.01299416144755314, False, 8, 4, 12258.052370947105, 12032.56332888384]
[5, 1, 0.16000000000000003, 0.027256783001490394, False, 2, 1, 1390.0588601825407, 1389.9957147302505]
[5, 1, 0.16000000000000003, 0.027256783001490394, False, 4, 2, 1381.3721124804033, 1381.2050222045239]
[5, 1, 0.16000000000000003, 0.027256783001490394, False, 6, 3, 26505.702868317057, 1342.8911439675408]
[5, 1, 0.16000000000000003, 0.027256783001490394, False, 8, 4, 26482.35231918817, 1301.966605982129]
[6, 1, 0.16000000000000003, 0.024881924824899426, False, 2, 1, 1680.4103535536753, 1680.3046809566795]
[6, 1, 0.16000000000000003, 0.024881924824899426, False, 4, 2, 1682.4041144609969, 1682.1476137332556]
[6, 1, 0.16000000000000003, 0.024881924824899426, False, 6, 3, 26500.25208311437, 1638.9076468094652]
[6, 1, 0.16000000000000003, 0.024881924824899426, False, 8, 4, 26475.10716322737, 1588.8589113778526]
[7, 1, 0.16000000000000003, 0.023036186123921516, False, 2, 1, 1972.3116867499266, 1972.1468553487298]
[7, 1, 0.16000000000000003, 0.023036186123921516, False, 4, 2, 1989.3814737779182, 1989.0052109181872]
[7, 1, 0.16000000000000003, 0.023036186123921516, False, 6, 3, 26494.64501048212, 1942.3562112403501]
[7, 1, 0.16000000000000003, 0.023036186123921516, False, 8, 4, 26467.65601347713, 1883.0722512359016]
[8, 1, 0.16000000000000003, 0.021548378993417577, False, 2, 1, 2264.9805563631744, 2264.736525145974]
[8, 1, 0.16000000000000003, 0.021548378993417577, False, 4, 2, 2300.714841884086, 2300.181610136571]
[8, 1, 0.16000000000000003, 0.021548378993417577, False, 6, 3, 26488.832311907423, 2252.956908711389]
[8, 1, 0.16000000000000003, 0.021548378993417577, False, 8, 4, 26459.93347485584, 2184.3751909465896]
[9, 1, 0.16000000000000003, 0.020316006546431092, False, 2, 1, 2558.0048375206284, 2557.658096972264]
[9, 1, 0.16000000000000003, 0.020316006546431092, False, 4, 2, 2616.670102537742, 2615.937617626333]
[9, 1, 0.16000000000000003, 0.020316006546431092, False, 6, 3, 2570.4972886472824, 2569.5591163467643]
[9, 1, 0.16000000000000003, 0.020316006546431092, False, 8, 4, 26451.883004730316, 2492.6036581405046]
[10, 1, 0.16000000000000003, 0.019273456093684076, False, 2, 1, 2850.987013949602, 2850.5103895963493]
[10, 1, 0.16000000000000003, 0.019273456093684076, False, 4, 2, 2938.1185644447996, 2937.1404907226824]
[10, 1, 0.16000000000000003, 0.019273456093684076, False, 6, 3, 2892.13513464068, 2890.8970433880986]
[10, 1, 0.16000000000000003, 0.019273456093684076, False, 8, 4, 26443.451996745818, 2807.6239000019946]
[11, 1, 0.16000000000000003, 0.01837651935079526, False, 2, 1, 3143.881888237424, 3143.2446320051895]
[11, 1, 0.16000000000000003, 0.01837651935079526, False, 4, 2, 3263.878932218135, 3262.6001552272746]
[11, 1, 0.16000000000000003, 0.01837651935079526, False, 6, 3, 3219.6896804922403, 3218.09232520182]
[11, 1, 0.16000000000000003, 0.01837651935079526, False, 8, 4, 26434.588868234718, 3129.372856791135]
[12, 1, 0.16000000000000003, 0.017594177772660285, False, 2, 1, 3436.5562223261277, 3435.7238254885797]
[12, 1, 0.16000000000000003, 0.017594177772660285, False, 4, 2, 3593.710773821369, 3592.0683990082616]
[12, 1, 0.16000000000000003, 0.017594177772660285, False, 6, 3, 3553.017375655654, 3550.9941149479205]
[12, 1, 0.16000000000000003, 0.017594177772660285, False, 8, 4, 26425.241120667226, 3457.8027086362636]
[13, 1, 0.16000000000000003, 0.01690393922672755, False, 2, 1, 3728.914176779698, 3727.8482697200793]
[13, 1, 0.16000000000000003, 0.01690393922672755, False, 4, 2, 3926.152613599884, 3924.0717558565348]
[13, 1, 0.16000000000000003, 0.01690393922672755, False, 6, 3, 3892.0019105775564, 3889.4784103188435]
[13, 1, 0.16000000000000003, 0.01690393922672755, False, 8, 4, 3796.0472771493805, 3792.890522273984]
[14, 1, 0.16000000000000003, 0.016289043420900352, False, 2, 1, 4020.8888253648934, 4019.547076381232]
[14, 1, 0.16000000000000003, 0.016289043420900352, False, 4, 2, 4261.4827189601065, 4258.879930378369]
[14, 1, 0.16000000000000003, 0.016289043420900352, False, 6, 3, 4235.044476106234, 4231.935057751491]
[14, 1, 0.16000000000000003, 0.016289043420900352, False, 8, 4, 4136.116878902655, 4132.227974755193]
[15, 1, 0.16000000000000003, 0.015736711003153693, False, 8, 4, 4136.116878902655, 4132.227974755193]
[16, 1, 0.16000000000000003, 0.015237004909823318, False, 8, 4, 4136.116878902655, 4132.227974755193]
[17, 1, 0.16000000000000003, 0.01478206603794269, False, 8, 4, 4136.116878902655, 4132.227974755193]
[18, 1, 0.16000000000000003, 0.014365585995611716, False, 8, 4, 4136.116878902655, 4132.227974755193]
[19, 1, 0.16000000000000003, 0.013982434653505876, False, 8, 4, 4136.116878902655, 4132.227974755193]
[20, 1, 0.16000000000000003, 0.013628391500745197, False, 8, 4, 4136.116878902655, 4132.227974755193]
[5, 2, 0.16000000000000003, 0.027256783001490394, False, 2, 1, 2375.4831183530705, 2375.148337424541]
[5, 2, 0.16000000000000003, 0.027256783001490394, False, 4, 2, 2348.6185128868556, 2347.939032711938]
[5, 2, 0.16000000000000003, 0.027256783001490394, False, 6, 3, 26354.528600312056, 2237.2659643414727]
[5, 2, 0.16000000000000003, 0.027256783001490394, False, 8, 4, 26282.02725358229, 2123.38375258793]
[6, 2, 0.16000000000000003, 0.024881924824899426, False, 2, 1, 2837.802007974353, 2837.2592238979178]
[6, 2, 0.16000000000000003, 0.024881924824899426, False, 4, 2, 2841.4393591811195, 2840.383752981368]
[6, 2, 0.16000000000000003, 0.024881924824899426, False, 6, 3, 26337.563178054217, 2716.605946374159]
[6, 2, 0.16000000000000003, 0.024881924824899426, False, 8, 4, 26259.624931346738, 2578.550699352056]
[7, 2, 0.16000000000000003, 0.023036186123921516, False, 2, 1, 3291.903520413969, 3291.082846323072]
[7, 2, 0.16000000000000003, 0.023036186123921516, False, 4, 2, 3337.180695514257, 3335.639612854091]
[7, 2, 0.16000000000000003, 0.023036186123921516, False, 6, 3, 26320.137573144817, 3203.2315026319175]
[7, 2, 0.16000000000000003, 0.023036186123921516, False, 8, 4, 26236.631403640524, 3041.1173371839104]
[8, 2, 0.16000000000000003, 0.021548378993417577, False, 2, 1, 3736.509181543489, 3735.3312538661685]
[8, 2, 0.16000000000000003, 0.021548378993417577, False, 4, 2, 3831.65400340302, 3829.501265635836]
[8, 2, 0.16000000000000003, 0.021548378993417577, False, 6, 3, 26302.100950322696, 3696.4375494423994]
[8, 2, 0.16000000000000003, 0.021548378993417577, False, 8, 4, 26212.84913713844, 3510.5136991070317]
[9, 2, 0.16000000000000003, 0.020316006546431092, False, 2, 1, 4171.323887556759, 4169.7009997202495]
[9, 2, 0.16000000000000003, 0.020316006546431092, False, 4, 2, 4325.876662100685, 4322.974128761292]
[9, 2, 0.16000000000000003, 0.020316006546431092, False, 6, 3, 4197.152993250863, 4193.106814949679]
[9, 2, 0.16000000000000003, 0.020316006546431092, False, 8, 4, 26188.10956955012, 3986.2671160747527]
[10, 2, 0.16000000000000003, 0.019273456093684076, False, 2, 1, 4596.03712468437, 4593.873784574147]
[10, 2, 0.16000000000000003, 0.019273456093684076, False, 4, 2, 4822.361603286519, 4818.561524726319]
[10, 2, 0.16000000000000003, 0.019273456093684076, False, 6, 3, 4695.153096076107, 4689.8699728865395]
[10, 2, 0.16000000000000003, 0.019273456093684076, False, 8, 4, 26162.257887564127, 4467.925893168741]
[11, 2, 0.16000000000000003, 0.01837651935079526, False, 2, 1, 5011.204626528235, 5008.399001920779]
[11, 2, 0.16000000000000003, 0.01837651935079526, False, 4, 2, 5317.945028291358, 5313.083698398014]
[11, 2, 0.16000000000000003, 0.01837651935079526, False, 6, 3, 5197.004855431383, 5189.70164706805]
[11, 2, 0.16000000000000003, 0.01837651935079526, False, 8, 4, 26135.14412781781, 4955.174906644332]
[12, 2, 0.16000000000000003, 0.017594177772660285, False, 2, 1, 5416.476784924605, 5413.517221063604]
[12, 2, 0.16000000000000003, 0.017594177772660285, False, 4, 2, 5812.058930089556, 5805.959519469717]
[12, 2, 0.16000000000000003, 0.017594177772660285, False, 6, 3, 5701.209468018081, 5692.099272595822]
[12, 2, 0.16000000000000003, 0.017594177772660285, False, 8, 4, 26106.617376907387, 5447.69907433001]
[13, 2, 0.16000000000000003, 0.01690393922672755, False, 2, 1, 5813.14690249937, 5809.507821844807]
[13, 2, 0.16000000000000003, 0.01690393922672755, False, 4, 2, 6300.9681932449075, 6293.437234438856]
[13, 2, 0.16000000000000003, 0.01690393922672755, False, 6, 3, 6207.80063437371, 6196.607779338845]
[13, 2, 0.16000000000000003, 0.01690393922672755, False, 8, 4, 5959.3446132968065, 5945.213298962973]
[14, 2, 0.16000000000000003, 0.016289043420900352, False, 2, 1, 6201.0716014437885, 6196.671249926487]
[14, 2, 0.16000000000000003, 0.016289043420900352, False, 4, 2, 6785.556723836025, 6776.390203177843]
[14, 2, 0.16000000000000003, 0.016289043420900352, False, 6, 3, 6712.58694327796, 6699.004847155116]
[14, 2, 0.16000000000000003, 0.016289043420900352, False, 8, 4, 6458.594938811012, 6441.542024521249]
[15, 2, 0.16000000000000003, 0.015736711003153693, False, 8, 4, 6458.594938811012, 6441.542024521249]
[16, 2, 0.16000000000000003, 0.015237004909823318, False, 8, 4, 6458.594938811012, 6441.542024521249]
[17, 2, 0.16000000000000003, 0.01478206603794269, False, 8, 4, 6458.594938811012, 6441.542024521249]
[18, 2, 0.16000000000000003, 0.014365585995611716, False, 8, 4, 6458.594938811012, 6441.542024521249]
[19, 2, 0.16000000000000003, 0.013982434653505876, False, 8, 4, 6458.594938811012, 6441.542024521249]
[20, 2, 0.16000000000000003, 0.013628391500745197, False, 8, 4, 6458.594938811012, 6441.542024521249]
[5, 3, 0.16000000000000003, 0.027256783001490394, False, 2, 1, 3327.015940278395, 3326.0404879588586]
[5, 3, 0.16000000000000003, 0.027256783001490394, False, 4, 2, 3271.3327731413656, 3269.486343154026]
[5, 3, 0.16000000000000003, 0.027256783001490394, False, 6, 3, 26081.80431256758, 3054.8316305985936]
[5, 3, 0.16000000000000003, 0.027256783001490394, False, 8, 4, 25916.779172261155, 2841.579894251131]
[6, 3, 0.16000000000000003, 0.024881924824899426, False, 2, 1, 3929.5798403442673, 3928.0479319315214]
[6, 3, 0.16000000000000003, 0.024881924824899426, False, 4, 2, 3932.4777933606388, 3929.6507205524626]
[6, 3, 0.16000000000000003, 0.024881924824899426, False, 6, 3, 26044.671167742257, 3691.6239855070585]
[6, 3, 0.16000000000000003, 0.024881924824899426, False, 8, 4, 25864.91683169231, 3435.0470697464766]
[7, 3, 0.16000000000000003, 0.023036186123921516, False, 2, 1, 4508.555262614516, 4506.309221137221]
[7, 3, 0.16000000000000003, 0.023036186123921516, False, 4, 2, 4588.90503502531, 4584.844816465062]
[7, 3, 0.16000000000000003, 0.023036186123921516, False, 6, 3, 26005.465592658074, 4332.144738722562]
[7, 3, 0.16000000000000003, 0.023036186123921516, False, 8, 4, 25811.891621884148, 4033.1402982109735]
[8, 3, 0.16000000000000003, 0.021548378993417577, False, 2, 1, 5062.502934730753, 5059.91779549762]
[8, 3, 0.16000000000000003, 0.021548378993417577, False, 4, 2, 5233.304952286472, 5227.735808860942]
[8, 3, 0.16000000000000003, 0.021548378993417577, False, 6, 3, 25963.42011432611, 4975.239123801833]
[8, 3, 0.16000000000000003, 0.021548378993417577, False, 8, 4, 25757.264979075193, 4634.994036644413]
[9, 3, 0.16000000000000003, 0.020316006546431092, False, 2, 1, 5593.115518922197, 5589.696949161625]
[9, 3, 0.16000000000000003, 0.020316006546431092, False, 4, 2, 5868.253357787319, 5860.884002196288]
[9, 3, 0.16000000000000003, 0.020316006546431092, False, 6, 3, 5626.887785627053, 5615.504143329141]
[9, 3, 0.16000000000000003, 0.020316006546431092, False, 8, 4, 25700.672092235247, 5239.864334504256]
[10, 3, 0.16000000000000003, 0.019273456093684076, False, 2, 1, 6100.673214036352, 6096.296983538142]
[10, 3, 0.16000000000000003, 0.019273456093684076, False, 4, 2, 6498.839733505341, 6489.36565520883]
[10, 3, 0.16000000000000003, 0.019273456093684076, False, 6, 3, 6261.717931109057, 6247.154507693166]
[10, 3, 0.16000000000000003, 0.019273456093684076, False, 8, 4, 25641.78636046276, 5847.010863146821]
[11, 3, 0.16000000000000003, 0.01837651935079526, False, 2, 1, 6587.214707421037, 6581.759462809373]
[11, 3, 0.16000000000000003, 0.01837651935079526, False, 4, 2, 7119.635405344353, 7107.736476071113]
[11, 3, 0.16000000000000003, 0.01837651935079526, False, 6, 3, 6894.040882756504, 6875.7987998666285]
[11, 3, 0.16000000000000003, 0.01837651935079526, False, 8, 4, 25580.299036701137, 6455.906801310767]
[12, 3, 0.16000000000000003, 0.017594177772660285, False, 2, 1, 7054.057924962874, 7047.406008520464]
[12, 3, 0.16000000000000003, 0.017594177772660285, False, 4, 2, 7730.049635698117, 7715.394055362611]
[12, 3, 0.16000000000000003, 0.017594177772660285, False, 6, 3, 7523.149262562164, 7500.7019108328]
[12, 3, 0.16000000000000003, 0.017594177772660285, False, 8, 4, 25515.9064043827, 7066.0058347999675]
[13, 3, 0.16000000000000003, 0.01690393922672755, False, 2, 1, 7502.458143009938, 7494.496233598447]
[13, 3, 0.16000000000000003, 0.01690393922672755, False, 4, 2, 8324.837423095578, 8306.095812977508]
[13, 3, 0.16000000000000003, 0.01690393922672755, False, 6, 3, 8148.416066665444, 8121.208094235325]
[13, 3, 0.16000000000000003, 0.01690393922672755, False, 8, 4, 7710.1212853440975, 7676.7987935097935]
[14, 3, 0.16000000000000003, 0.016289043420900352, False, 2, 1, 7933.593684435013, 7924.21317928049]
[14, 3, 0.16000000000000003, 0.016289043420900352, False, 4, 2, 8904.298505365537, 8881.843539370697]
[14, 3, 0.16000000000000003, 0.016289043420900352, False, 6, 3, 8761.87070852515, 8730.227291570365]
[14, 3, 0.16000000000000003, 0.016289043420900352, False, 8, 4, 8317.704153828769, 8277.9509980723]
[15, 3, 0.16000000000000003, 0.015736711003153693, False, 8, 4, 8317.704153828769, 8277.9509980723]
[16, 3, 0.16000000000000003, 0.015237004909823318, False, 8, 4, 8317.704153828769, 8277.9509980723]
[17, 3, 0.16000000000000003, 0.01478206603794269, False, 8, 4, 8317.704153828769, 8277.9509980723]
[18, 3, 0.16000000000000003, 0.014365585995611716, False, 8, 4, 8317.704153828769, 8277.9509980723]
[19, 3, 0.16000000000000003, 0.013982434653505876, False, 8, 4, 8317.704153828769, 8277.9509980723]
[20, 3, 0.16000000000000003, 0.013628391500745197, False, 8, 4, 8317.704153828769, 8277.9509980723]
[5, 4, 0.16000000000000003, 0.027256783001490394, False, 2, 1, 4186.31831526446, 4184.266975706334]
[5, 4, 0.16000000000000003, 0.027256783001490394, False, 4, 2, 4092.9531232272598, 4089.331843084421]
[5, 4, 0.16000000000000003, 0.027256783001490394, False, 6, 3, 25642.77053916659, 3752.104182692795]
[5, 4, 0.16000000000000003, 0.027256783001490394, False, 8, 4, 25343.62100256381, 3428.8825316670655]
[6, 4, 0.16000000000000003, 0.024881924824899426, False, 2, 1, 4893.651506343859, 4891.116536998839]
[6, 4, 0.16000000000000003, 0.024881924824899426, False, 4, 2, 4891.516034871749, 4886.034282822361]
[6, 4, 0.16000000000000003, 0.024881924824899426, False, 6, 3, 25571.963094781986, 4514.753003966797]
[6, 4, 0.16000000000000003, 0.024881924824899426, False, 8, 4, 25252.968072937954, 4128.867827374227]
[7, 4, 0.16000000000000003, 0.023036186123921516, False, 2, 1, 5560.417680631294, 5556.843270040271]
[7, 4, 0.16000000000000003, 0.023036186123921516, False, 4, 2, 5675.0237218145085, 5667.256391591753]
[7, 4, 0.16000000000000003, 0.023036186123921516, False, 6, 3, 25499.75286563119, 5275.678458428688]
[7, 4, 0.16000000000000003, 0.023036186123921516, False, 8, 4, 25160.770931515344, 4829.262228160595]
[8, 4, 0.16000000000000003, 0.021548378993417577, False, 2, 1, 6186.6787002885, 6181.888363634203]
[8, 4, 0.16000000000000003, 0.021548378993417577, False, 4, 2, 6433.887493645332, 6422.646411911829]
[8, 4, 0.16000000000000003, 0.021548378993417577, False, 6, 3, 6049.323265544229, 6033.5542113549]
[8, 4, 0.16000000000000003, 0.021548378993417577, False, 8, 4, 25066.29909393863, 5529.022360726359]
[9, 4, 0.16000000000000003, 0.020316006546431092, False, 2, 1, 6775.252882475134, 6769.080477564143]
[9, 4, 0.16000000000000003, 0.020316006546431092, False, 4, 2, 7171.69688807651, 7157.030343815675]
[9, 4, 0.16000000000000003, 0.020316006546431092, False, 6, 3, 6801.116012787129, 6780.583211319722]
[9, 4, 0.16000000000000003, 0.020316006546431092, False, 8, 4, 24968.96525047801, 6227.24378453253]
[10, 4, 0.16000000000000003, 0.019273456093684076, False, 2, 1, 7328.429824903993, 7320.721560405168]
[10, 4, 0.16000000000000003, 0.019273456093684076, False, 4, 2, 7897.260313153664, 7878.650640079073]
[10, 4, 0.16000000000000003, 0.019273456093684076, False, 6, 3, 7534.748445191151, 7508.750363632162]
[10, 4, 0.16000000000000003, 0.019273456093684076, False, 8, 4, 24868.261761004196, 6923.005216186612]
[11, 4, 0.16000000000000003, 0.01837651935079526, False, 2, 1, 7850.2659337465975, 7840.880226964111]
[11, 4, 0.16000000000000003, 0.01837651935079526, False, 4, 2, 8603.039482762992, 8579.956752454478]
[11, 4, 0.16000000000000003, 0.01837651935079526, False, 6, 3, 8258.870488810937, 8226.66909445875]
[11, 4, 0.16000000000000003, 0.01837651935079526, False, 8, 4, 24763.724948098512, 7615.673248173317]
[12, 4, 0.16000000000000003, 0.017594177772660285, False, 2, 1, 8343.518483057196, 8332.326003064678]
[12, 4, 0.16000000000000003, 0.017594177772660285, False, 4, 2, 9288.779750444111, 9260.686934146514]
[12, 4, 0.16000000000000003, 0.017594177772660285, False, 6, 3, 8972.73777264134, 8933.573406383446]
[12, 4, 0.16000000000000003, 0.017594177772660285, False, 8, 4, 8352.526327036077, 8304.574508958454]
[13, 4, 0.16000000000000003, 0.01690393922672755, False, 2, 1, 8810.671138625543, 8797.554277672607]
[13, 4, 0.16000000000000003, 0.01690393922672755, False, 4, 2, 9946.285958615597, 9912.648748919062]
[13, 4, 0.16000000000000003, 0.01690393922672755, False, 6, 3, 9675.712788562696, 9628.806832405462]
[13, 4, 0.16000000000000003, 0.01690393922672755, False, 8, 4, 9046.568965428996, 8989.07989777138]
[14, 4, 0.16000000000000003, 0.016289043420900352, False, 2, 1, 9253.838886632064, 9238.69086172703]
[14, 4, 0.16000000000000003, 0.016289043420900352, False, 4, 2, 10579.377282957876, 10539.663599676023]
[14, 4, 0.16000000000000003, 0.016289043420900352, False, 6, 3, 10358.131641026059, 10302.713128220774]
[14, 4, 0.16000000000000003, 0.016289043420900352, False, 8, 4, 9723.08114569058, 9655.099949156407]
[15, 4, 0.16000000000000003, 0.015736711003153693, False, 8, 4, 9723.08114569058, 9655.099949156407]
[16, 4, 0.16000000000000003, 0.015237004909823318, False, 8, 4, 9723.08114569058, 9655.099949156407]
[17, 4, 0.16000000000000003, 0.01478206603794269, False, 8, 4, 9723.08114569058, 9655.099949156407]
[18, 4, 0.16000000000000003, 0.014365585995611716, False, 8, 4, 9723.08114569058, 9655.099949156407]
[19, 4, 0.16000000000000003, 0.013982434653505876, False, 8, 4, 9723.08114569058, 9655.099949156407]
[20, 4, 0.16000000000000003, 0.013628391500745197, False, 8, 4, 9723.08114569058, 9655.099949156407]
[5, 5, 0.16000000000000003, 0.027256783001490394, False, 2, 1, 4934.500348243509, 4931.711695639987]
[5, 5, 0.16000000000000003, 0.027256783001490394, False, 4, 2, 4797.627301649673, 4791.055536242754]
[5, 5, 0.16000000000000003, 0.027256783001490394, False, 6, 3, 25043.36555690645, 4327.019172761364]
[5, 5, 0.16000000000000003, 0.027256783001490394, False, 8, 4, 24583.787104095532, 3895.4442238651645]
[6, 5, 0.16000000000000003, 0.024881924824899426, False, 2, 1, 5717.5698152882405, 5713.467328003821]
[6, 5, 0.16000000000000003, 0.024881924824899426, False, 4, 2, 5704.683305438787, 5694.957989255205]
[6, 5, 0.16000000000000003, 0.024881924824899426, False, 6, 3, 24933.65201052644, 5187.322837421118]
[6, 5, 0.16000000000000003, 0.024881924824899426, False, 8, 4, 24446.515816860552, 4675.233948950057]
[7, 5, 0.16000000000000003, 0.023036186123921516, False, 2, 1, 6442.803999933491, 6437.157410366737]
[7, 5, 0.16000000000000003, 0.023036186123921516, False, 4, 2, 6585.5692395896, 6572.011200691324]
[7, 5, 0.16000000000000003, 0.023036186123921516, False, 6, 3, 24822.367171027217, 6039.638977479258]
[7, 5, 0.16000000000000003, 0.023036186123921516, False, 8, 4, 24307.829411962903, 5450.732156520645]
[8, 5, 0.16000000000000003, 0.021548378993417577, False, 2, 1, 7112.776935076232, 7105.3791903149595]
[8, 5, 0.16000000000000003, 0.021548378993417577, False, 4, 2, 7427.346026508046, 7409.272275396437]
[8, 5, 0.16000000000000003, 0.021548378993417577, False, 6, 3, 6907.133166964568, 6882.564613149648]
[8, 5, 0.16000000000000003, 0.021548378993417577, False, 8, 4, 24166.669936143284, 6220.824364584079]
[9, 5, 0.16000000000000003, 0.020316006546431092, False, 2, 1, 7732.767393189089, 7723.435582303748]
[9, 5, 0.16000000000000003, 0.020316006546431092, False, 4, 2, 8237.529074377026, 8214.254772864986]
[9, 5, 0.16000000000000003, 0.020316006546431092, False, 6, 3, 7738.02842960904, 7706.283061687072]
[9, 5, 0.16000000000000003, 0.020316006546431092, False, 8, 4, 24032.897803160744, 6985.402429318388]
[10, 5, 0.16000000000000003, 0.019273456093684076, False, 2, 1, 8307.00006282111, 8295.57570403147]
[10, 5, 0.16000000000000003, 0.019273456093684076, False, 4, 2, 9027.730421154596, 8998.561518003846]
[10, 5, 0.16000000000000003, 0.019273456093684076, False, 6, 3, 8540.785373569643, 8500.9351676388]
[10, 5, 0.16000000000000003, 0.019273456093684076, False, 8, 4, 23900.481106243373, 7743.272172223319]
[11, 5, 0.16000000000000003, 0.01837651935079526, False, 2, 1, 8841.668178912585, 8828.013087745541]
[11, 5, 0.16000000000000003, 0.01837651935079526, False, 4, 2, 9788.606400953211, 9752.860992869866]
[11, 5, 0.16000000000000003, 0.01837651935079526, False, 6, 3, 9328.064912658905, 9278.142739207005]
[11, 5, 0.16000000000000003, 0.01837651935079526, False, 8, 4, 23763.72349063549, 8493.423131035395]
[12, 5, 0.16000000000000003, 0.017594177772660285, False, 2, 1, 9340.999462969497, 9324.994355752713]
[12, 5, 0.16000000000000003, 0.017594177772660285, False, 4, 2, 10520.471496549926, 10477.478347052664]
[12, 5, 0.16000000000000003, 0.017594177772660285, False, 6, 3, 10097.492472643155, 10037.266621035302]
[12, 5, 0.16000000000000003, 0.017594177772660285, False, 8, 4, 9307.272470075332, 9235.152219006552]
[13, 5, 0.16000000000000003, 0.01690393922672755, False, 2, 1, 9808.672616086182, 9790.21474791317]
[13, 5, 0.16000000000000003, 0.01690393922672755, False, 4, 2, 11213.493409191997, 11162.620591397703]
[13, 5, 0.16000000000000003, 0.01690393922672755, False, 6, 3, 10849.905881620834, 10778.340065718228]
[13, 5, 0.16000000000000003, 0.01690393922672755, False, 8, 4, 10053.707515736867, 9967.805995026214]
[14, 5, 0.16000000000000003, 0.016289043420900352, False, 2, 1, 10249.064012498817, 10226.88350730464]
[14, 5, 0.16000000000000003, 0.016289043420900352, False, 4, 2, 11872.045571373097, 11813.942007532882]
[14, 5, 0.16000000000000003, 0.016289043420900352, False, 6, 3, 11574.595273513136, 11490.704698716592]
[14, 5, 0.16000000000000003, 0.016289043420900352, False, 8, 4, 10775.1311362511, 10674.196455207375]
[15, 5, 0.16000000000000003, 0.015736711003153693, False, 8, 4, 10775.1311362511, 10674.196455207375]
[16, 5, 0.16000000000000003, 0.015237004909823318, False, 8, 4, 10775.1311362511, 10674.196455207375]
[17, 5, 0.16000000000000003, 0.01478206603794269, False, 8, 4, 10775.1311362511, 10674.196455207375]
[18, 5, 0.16000000000000003, 0.014365585995611716, False, 8, 4, 10775.1311362511, 10674.196455207375]
[19, 5, 0.16000000000000003, 0.013982434653505876, False, 8, 4, 10775.1311362511, 10674.196455207375]
[20, 5, 0.16000000000000003, 0.013628391500745197, False, 8, 4, 10775.1311362511, 10674.196455207375]
[5, 6, 0.16000000000000003, 0.027256783001490394, False, 2, 1, 5573.201298484093, 5569.119874226939]
[5, 6, 0.16000000000000003, 0.027256783001490394, False, 4, 2, 5389.974984485903, 5380.2550789066845]
[5, 6, 0.16000000000000003, 0.027256783001490394, False, 6, 3, 24297.49719546312, 4793.356963375958]
[5, 6, 0.16000000000000003, 0.027256783001490394, False, 8, 4, 23710.1293220174, 4263.922595283584]
[6, 6, 0.16000000000000003, 0.024881924824899426, False, 2, 1, 6408.342994725487, 6402.468996735878]
[6, 6, 0.16000000000000003, 0.024881924824899426, False, 4, 2, 6380.961926898814, 6366.744339191791]
[6, 6, 0.16000000000000003, 0.024881924824899426, False, 6, 3, 24144.019604778, 5728.1706145821145]
[6, 6, 0.16000000000000003, 0.024881924824899426, False, 8, 4, 23542.475393124645, 5104.337439362999]
[7, 6, 0.16000000000000003, 0.023036186123921516, False, 2, 1, 7170.914367531953, 7162.99020825232]
[7, 6, 0.16000000000000003, 0.023036186123921516, False, 4, 2, 7334.823131132013, 7315.220620031398]
[7, 6, 0.16000000000000003, 0.023036186123921516, False, 6, 3, 24003.576765990227, 6649.753084018235]
[7, 6, 0.16000000000000003, 0.023036186123921516, False, 8, 4, 23373.952343895464, 5936.148051176247]
[8, 6, 0.16000000000000003, 0.021548378993417577, False, 2, 1, 7865.630657181345, 7855.439565271817]
[8, 6, 0.16000000000000003, 0.021548378993417577, False, 4, 2, 8236.503880495125, 8210.661545692734]
[8, 6, 0.16000000000000003, 0.021548378993417577, False, 6, 3, 7591.5586716749085, 7556.187990306802]
[8, 6, 0.16000000000000003, 0.021548378993417577, False, 8, 4, 23203.294192014022, 6758.247354584695]
[9, 6, 0.16000000000000003, 0.020316006546431092, False, 2, 1, 8500.323187793554, 8487.685226091042]
[9, 6, 0.16000000000000003, 0.020316006546431092, False, 4, 2, 9096.330836383639, 9063.40909141583]
[9, 6, 0.16000000000000003, 0.020316006546431092, False, 6, 3, 8481.106060651044, 8435.8115559258]
[9, 6, 0.16000000000000003, 0.020316006546431092, False, 8, 4, 23029.54943974954, 7569.68077676789]
[10, 6, 0.16000000000000003, 0.019273456093684076, False, 2, 1, 9081.143194556073, 9065.912730927925]
[10, 6, 0.16000000000000003, 0.019273456093684076, False, 4, 2, 9929.172129161967, 9888.325733989976]
[10, 6, 0.16000000000000003, 0.019273456093684076, False, 6, 3, 9333.745166874482, 9277.310713029667]
[10, 6, 0.16000000000000003, 0.019273456093684076, False, 8, 4, 22851.954204305475, 8369.433234976397]
[11, 6, 0.16000000000000003, 0.01837651935079526, False, 2, 1, 9616.275686349712, 9598.332062353082]
[11, 6, 0.16000000000000003, 0.01837651935079526, False, 4, 2, 10723.065625528065, 10674.641589633573]
[11, 6, 0.16000000000000003, 0.01837651935079526, False, 6, 3, 10163.932213460752, 10095.103043881993]
[11, 6, 0.16000000000000003, 0.01837651935079526, False, 8, 4, 9237.177043367035, 9156.892701555498]
[12, 6, 0.16000000000000003, 0.017594177772660285, False, 2, 1, 10112.439631953583, 10090.509904342496]
[12, 6, 0.16000000000000003, 0.017594177772660285, False, 4, 2, 11481.00282851599, 11423.38334176406]
[12, 6, 0.16000000000000003, 0.017594177772660285, False, 6, 3, 10971.241105227573, 10888.770180627098]
[12, 6, 0.16000000000000003, 0.017594177772660285, False, 8, 4, 10027.994472609429, 9931.366091179934]
[13, 6, 0.16000000000000003, 0.01690393922672755, False, 2, 1, 10572.259231172802, 10547.169802961722]
[13, 6, 0.16000000000000003, 0.01690393922672755, False, 4, 2, 12192.68997777322, 12125.253210343002]
[13, 6, 0.16000000000000003, 0.01690393922672755, False, 6, 3, 11755.38080851997, 11658.031505221134]
[13, 6, 0.16000000000000003, 0.01690393922672755, False, 8, 4, 10806.799362981206, 10692.211002345994]
[14, 6, 0.16000000000000003, 0.016289043420900352, False, 2, 1, 11000.664467404335, 10972.322755875637]
[14, 6, 0.16000000000000003, 0.016289043420900352, False, 4, 2, 12864.473490811884, 12786.624071543383]
[14, 6, 0.16000000000000003, 0.016289043420900352, False, 6, 3, 12502.855102388861, 12389.502584996806]
[14, 6, 0.16000000000000003, 0.016289043420900352, False, 8, 4, 11547.542706399981, 11413.49638569967]
[15, 6, 0.16000000000000003, 0.015736711003153693, False, 8, 4, 11547.542706399981, 11413.49638569967]
[16, 6, 0.16000000000000003, 0.015237004909823318, False, 8, 4, 11547.542706399981, 11413.49638569967]
[17, 6, 0.16000000000000003, 0.01478206603794269, False, 8, 4, 11547.542706399981, 11413.49638569967]
[18, 6, 0.16000000000000003, 0.014365585995611716, False, 8, 4, 11547.542706399981, 11413.49638569967]
[19, 6, 0.16000000000000003, 0.013982434653505876, False, 8, 4, 11547.542706399981, 11413.49638569967]
[20, 6, 0.16000000000000003, 0.013628391500745197, False, 8, 4, 11547.542706399981, 11413.49638569967]
[5, 7, 0.16000000000000003, 0.027256783001490394, False, 2, 1, 6113.122634254981, 6107.639162290615]
[5, 7, 0.16000000000000003, 0.027256783001490394, False, 4, 2, 5882.959382997562, 5869.73758977077]
[5, 7, 0.16000000000000003, 0.027256783001490394, False, 6, 3, 23500.793148275297, 5173.099746126646]
[5, 7, 0.16000000000000003, 0.027256783001490394, False, 8, 4, 22765.67994263976, 4555.481302372005]
[6, 7, 0.16000000000000003, 0.024881924824899426, False, 2, 1, 6983.633628617119, 6975.885270889499]
[6, 7, 0.16000000000000003, 0.024881924824899426, False, 4, 2, 6938.323506687238, 6919.1720561087]
[6, 7, 0.16000000000000003, 0.024881924824899426, False, 6, 3, 23322.33705665444, 6166.475301633774]
[6, 7, 0.16000000000000003, 0.024881924824899426, False, 8, 4, 22552.201099130056, 5440.658257362114]
[7, 7, 0.16000000000000003, 0.023036186123921516, False, 2, 1, 7768.882854555878, 7758.601320011939]
[7, 7, 0.16000000000000003, 0.023036186123921516, False, 4, 2, 7947.112361254835, 7920.950784619086]
[7, 7, 0.16000000000000003, 0.023036186123921516, False, 6, 3, 23143.260927760217, 7139.896125473496]
[7, 7, 0.16000000000000003, 0.023036186123921516, False, 8, 4, 22339.208635721174, 6312.90758902699]
[8, 7, 0.16000000000000003, 0.021548378993417577, False, 2, 1, 8475.901155547623, 8462.875120237159]
[8, 7, 0.16000000000000003, 0.021548378993417577, False, 4, 2, 8892.878784337612, 8858.708402522954]
[8, 7, 0.16000000000000003, 0.021548378993417577, False, 6, 3, 8138.392968603516, 8092.12220706808]
[8, 7, 0.16000000000000003, 0.021548378993417577, False, 8, 4, 22086.648897934894, 7168.323041183852]
[9, 7, 0.16000000000000003, 0.020316006546431092, False, 2, 1, 9114.945806020634, 9099.010471549347]
[9, 7, 0.16000000000000003, 0.020316006546431092, False, 4, 2, 9786.853769746425, 9744.856409925]
[9, 7, 0.16000000000000003, 0.020316006546431092, False, 6, 3, 9069.23275379622, 9010.305907565082]
[9, 7, 0.16000000000000003, 0.020316006546431092, False, 8, 4, 21809.49911668729, 8006.175579375376]
[10, 7, 0.16000000000000003, 0.019273456093684076, False, 2, 1, 9694.969793661805, 9674.964571469725]
[10, 7, 0.16000000000000003, 0.019273456093684076, False, 4, 2, 10648.870885131473, 10597.247472569357]
[10, 7, 0.16000000000000003, 0.019273456093684076, False, 6, 3, 9955.037900253832, 9882.033545497492]
[10, 7, 0.16000000000000003, 0.019273456093684076, False, 8, 4, 8910.434329840666, 8826.968541899345]
[11, 7, 0.16000000000000003, 0.01837651935079526, False, 2, 1, 10224.09823315442, 10200.689765407125]
[11, 7, 0.16000000000000003, 0.01837651935079526, False, 4, 2, 11466.035663228457, 11403.957732064337]
[11, 7, 0.16000000000000003, 0.01837651935079526, False, 6, 3, 10811.670596571419, 10724.218143440032]
[11, 7, 0.16000000000000003, 0.01837651935079526, False, 8, 4, 9732.210162485042, 9630.118191194219]
[12, 7, 0.16000000000000003, 0.017594177772660285, False, 2, 1, 10709.776041477027, 10682.859118125836]
[12, 7, 0.16000000000000003, 0.017594177772660285, False, 4, 2, 12240.031997604332, 12166.72603261265]
[12, 7, 0.16000000000000003, 0.017594177772660285, False, 6, 3, 11638.744997691969, 11534.520505236447]
[12, 7, 0.16000000000000003, 0.017594177772660285, False, 8, 4, 10537.512938606202, 10414.935835767246]
[13, 7, 0.16000000000000003, 0.01690393922672755, False, 2, 1, 11157.537474786894, 11127.026389475592]
[13, 7, 0.16000000000000003, 0.01690393922672755, False, 4, 2, 12958.83333450239, 12873.670293527686]
[13, 7, 0.16000000000000003, 0.01690393922672755, False, 6, 3, 12431.360763085424, 12308.917087425496]
[13, 7, 0.16000000000000003, 0.01690393922672755, False, 8, 4, 11325.798323526973, 11180.778432583189]
[14, 7, 0.16000000000000003, 0.016289043420900352, False, 2, 1, 11572.001926799785, 11537.826212149155]
[14, 7, 0.16000000000000003, 0.016289043420900352, False, 4, 2, 13631.428183877264, 13533.810540163297]
[14, 7, 0.16000000000000003, 0.016289043420900352, False, 6, 3, 13179.719948244456, 13037.84022216537]
[14, 7, 0.16000000000000003, 0.016289043420900352, False, 8, 4, 12075.417885224879, 11906.301286967062]
[15, 7, 0.16000000000000003, 0.015736711003153693, False, 8, 4, 12075.417885224879, 11906.301286967062]
[16, 7, 0.16000000000000003, 0.015237004909823318, False, 8, 4, 12075.417885224879, 11906.301286967062]
[17, 7, 0.16000000000000003, 0.01478206603794269, False, 8, 4, 12075.417885224879, 11906.301286967062]
[18, 7, 0.16000000000000003, 0.014365585995611716, False, 8, 4, 12075.417885224879, 11906.301286967062]
[19, 7, 0.16000000000000003, 0.013982434653505876, False, 8, 4, 12075.417885224879, 11906.301286967062]
[20, 7, 0.16000000000000003, 0.013628391500745197, False, 8, 4, 12075.417885224879, 11906.301286967062]
[5, 8, 0.16000000000000003, 0.027256783001490394, False, 2, 1, 6567.503797726584, 6560.5642847118415]
[5, 8, 0.16000000000000003, 0.027256783001490394, False, 4, 2, 6295.125294303706, 6278.170465498228]
[5, 8, 0.16000000000000003, 0.027256783001490394, False, 6, 3, 22629.85225784971, 5480.582815962118]
[5, 8, 0.16000000000000003, 0.027256783001490394, False, 8, 4, 21588.683976487846, 4778.6628885250175]
[6, 8, 0.16000000000000003, 0.024881924824899426, False, 2, 1, 7461.320798697137, 7451.66320329631]
[6, 8, 0.16000000000000003, 0.024881924824899426, False, 4, 2, 7401.051718609954, 7377.460883880857]
[6, 8, 0.16000000000000003, 0.024881924824899426, False, 6, 3, 22410.38323798492, 6517.689562829337]
[6, 8, 0.16000000000000003, 0.024881924824899426, False, 8, 4, 21266.285975393093, 5691.879120257913]
[7, 8, 0.16000000000000003, 0.023036186123921516, False, 2, 1, 8259.295186313988, 8246.652054638622]
[7, 8, 0.16000000000000003, 0.023036186123921516, False, 4, 2, 8451.29821292595, 8419.298092172372]
[7, 8, 0.16000000000000003, 0.023036186123921516, False, 6, 3, 7570.767192064523, 7527.732224311981]
[7, 8, 0.16000000000000003, 0.023036186123921516, False, 8, 4, 20949.804056288893, 6586.976790853288]
[8, 8, 0.16000000000000003, 0.021548378993417577, False, 2, 1, 8970.649716283768, 8954.824055566363]
[8, 8, 0.16000000000000003, 0.021548378993417577, False, 4, 2, 9427.265473067324, 9385.80389829807]
[8, 8, 0.16000000000000003, 0.021548378993417577, False, 6, 3, 8563.37570395739, 8506.768178652072]
[8, 8, 0.16000000000000003, 0.021548378993417577, False, 8, 4, 20636.6861896782, 7462.9368548191305]
[9, 8, 0.16000000000000003, 0.020316006546431092, False, 2, 1, 9608.901504091831, 9588.681633815228]
[9, 8, 0.16000000000000003, 0.020316006546431092, False, 4, 2, 10344.595506665388, 10292.668091037427]
[9, 8, 0.16000000000000003, 0.020316006546431092, False, 6, 3, 9515.891185274337, 9443.972590709232]
[9, 8, 0.16000000000000003, 0.020316006546431092, False, 8, 4, 20325.159550290682, 8318.877797405532]
[10, 8, 0.16000000000000003, 0.019273456093684076, False, 2, 1, 10181.67039452211, 10157.72968095158]
[10, 8, 0.16000000000000003, 0.019273456093684076, False, 4, 2, 11223.847727702176, 11160.431173314995]
[10, 8, 0.16000000000000003, 0.019273456093684076, False, 6, 3, 10415.039489494757, 10326.235679086221]
[10, 8, 0.16000000000000003, 0.019273456093684076, False, 8, 4, 9257.368839454573, 9153.812079183659]
[11, 8, 0.16000000000000003, 0.01837651935079526, False, 2, 1, 10701.15677768406, 10673.38827540532]
[11, 8, 0.16000000000000003, 0.01837651935079526, False, 4, 2, 12052.058858257997, 11976.269000226337]
[11, 8, 0.16000000000000003, 0.01837651935079526, False, 6, 3, 11279.955902207885, 11172.603397907907]
[11, 8, 0.16000000000000003, 0.01837651935079526, False, 8, 4, 10093.327492358716, 9967.215095013371]
[12, 8, 0.16000000000000003, 0.017594177772660285, False, 2, 1, 11175.13403383933, 11143.456482968413]
[12, 8, 0.16000000000000003, 0.017594177772660285, False, 4, 2, 12831.593025695427, 12742.617672119533]
[12, 8, 0.16000000000000003, 0.017594177772660285, False, 6, 3, 12110.719943981607, 11983.197887808501]
[12, 8, 0.16000000000000003, 0.017594177772660285, False, 8, 4, 10909.408120910943, 10758.44033420801]
[13, 8, 0.16000000000000003, 0.01690393922672755, False, 2, 1, 11610.77480393317, 11575.132666368514]
[13, 8, 0.16000000000000003, 0.01690393922672755, False, 4, 2, 13548.088575230144, 13445.291752502033]
[13, 8, 0.16000000000000003, 0.01690393922672755, False, 6, 3, 12907.534876500313, 12758.264438443235]
[13, 8, 0.16000000000000003, 0.01690393922672755, False, 8, 4, 11706.49461182181, 11528.411721622024]
[14, 8, 0.16000000000000003, 0.016289043420900352, False, 2, 1, 12012.031173628391, 11972.376881095533]
[14, 8, 0.16000000000000003, 0.016289043420900352, False, 4, 2, 14206.436107120124, 14089.138154894952]
[14, 8, 0.16000000000000003, 0.016289043420900352, False, 6, 3, 13654.792137792538, 13482.457144496693]
[14, 8, 0.16000000000000003, 0.016289043420900352, False, 8, 4, 12460.797010787855, 12253.740463551965]
[15, 8, 0.16000000000000003, 0.015736711003153693, False, 8, 4, 12460.797010787855, 12253.740463551965]
[16, 8, 0.16000000000000003, 0.015237004909823318, False, 8, 4, 12460.797010787855, 12253.740463551965]
[17, 8, 0.16000000000000003, 0.01478206603794269, False, 8, 4, 12460.797010787855, 12253.740463551965]
[18, 8, 0.16000000000000003, 0.014365585995611716, False, 8, 4, 12460.797010787855, 12253.740463551965]
[19, 8, 0.16000000000000003, 0.013982434653505876, False, 8, 4, 12460.797010787855, 12253.740463551965]
[20, 8, 0.16000000000000003, 0.013628391500745197, False, 8, 4, 12460.797010787855, 12253.740463551965]
[5, 9, 0.16000000000000003, 0.027256783001490394, False, 2, 1, 6949.304376010004, 6940.890072625962]
[5, 9, 0.16000000000000003, 0.027256783001490394, False, 4, 2, 6637.84903898393, 6617.847041652925]
[5, 9, 0.16000000000000003, 0.027256783001490394, False, 6, 3, 21535.048993655364, 5720.192300312233]
[5, 9, 0.16000000000000003, 0.027256783001490394, False, 8, 4, 20245.27384433713, 4948.323150120445]
[6, 9, 0.16000000000000003, 0.024881924824899426, False, 2, 1, 7857.867598595811, 7846.30418771589]
[6, 9, 0.16000000000000003, 0.024881924824899426, False, 4, 2, 7782.703631615641, 7754.077808720367]
[6, 9, 0.16000000000000003, 0.024881924824899426, False, 6, 3, 21211.17969625942, 6783.732078555866]
[6, 9, 0.16000000000000003, 0.024881924824899426, False, 8, 4, 19891.243562693642, 5883.35163437878]
[7, 9, 0.16000000000000003, 0.023036186123921516, False, 2, 1, 8661.86363003622, 8646.891284509331]
[7, 9, 0.16000000000000003, 0.023036186123921516, False, 4, 2, 8863.031121865246, 8824.432100088328]
[7, 9, 0.16000000000000003, 0.023036186123921516, False, 6, 3, 7867.023713623065, 7815.175195057143]
[7, 9, 0.16000000000000003, 0.023036186123921516, False, 8, 4, 19546.35107969247, 6796.487719788228]
[8, 9, 0.16000000000000003, 0.021548378993417577, False, 2, 1, 9374.479829433545, 9354.888313791535]
[8, 9, 0.16000000000000003, 0.021548378993417577, False, 4, 2, 9859.855367106215, 9810.142820374485]
[8, 9, 0.16000000000000003, 0.021548378993417577, False, 6, 3, 8881.62665384239, 8813.626833300184]
[8, 9, 0.16000000000000003, 0.021548378993417577, False, 8, 4, 19212.707370009273, 7687.183444800581]
[9, 9, 0.16000000000000003, 0.020316006546431092, False, 2, 1, 10007.906950482557, 9984.305734579375]
[9, 9, 0.16000000000000003, 0.020316006546431092, False, 4, 2, 10785.759921700312, 10723.808599744883]
[9, 9, 0.16000000000000003, 0.020316006546431092, False, 6, 3, 9850.607304891262, 9764.472940581041]
[9, 9, 0.16000000000000003, 0.020316006546431092, False, 8, 4, 8654.788712843789, 8555.215159677979]
[10, 9, 0.16000000000000003, 0.019273456093684076, False, 2, 1, 10573.257208812902, 10545.538809943548]
[10, 9, 0.16000000000000003, 0.019273456093684076, False, 4, 2, 11666.666722924567, 11591.326973821604]
[10, 9, 0.16000000000000003, 0.019273456093684076, False, 6, 3, 10760.151002783732, 10654.13242046965]
[10, 9, 0.16000000000000003, 0.019273456093684076, False, 8, 4, 9522.385376460019, 9398.91914671421]
[11, 9, 0.16000000000000003, 0.01837651935079526, False, 2, 1, 11083.127452866616, 11051.210855593006]
[11, 9, 0.16000000000000003, 0.01837651935079526, False, 4, 2, 12490.307534804986, 12400.616147008746]
[11, 9, 0.16000000000000003, 0.01837651935079526, False, 6, 3, 11631.11512645329, 11503.34868081767]
[11, 9, 0.16000000000000003, 0.01837651935079526, False, 8, 4, 10367.82572376675, 10217.834254549036]
[12, 9, 0.16000000000000003, 0.017594177772660285, False, 2, 1, 11545.77330699068, 11509.600536214222]
[12, 9, 0.16000000000000003, 0.017594177772660285, False, 4, 2, 13259.747414091837, 13154.82231839549]
[12, 9, 0.16000000000000003, 0.017594177772660285, False, 6, 3, 12463.823923026537, 12312.507436396589]
[12, 9, 0.16000000000000003, 0.017594177772660285, False, 8, 4, 11189.30612742434, 11011.364406938892]
[13, 9, 0.16000000000000003, 0.01690393922672755, False, 2, 1, 11967.88247247101, 11927.411810827758]
[13, 9, 0.16000000000000003, 0.01690393922672755, False, 4, 2, 13961.97977069245, 13841.173883868914]
[13, 9, 0.16000000000000003, 0.01690393922672755, False, 6, 3, 13260.913128573799, 13084.346432461252]
[13, 9, 0.16000000000000003, 0.01690393922672755, False, 8, 4, 11988.436555553022, 11778.954747560667]
[14, 9, 0.16000000000000003, 0.016289043420900352, False, 2, 1, 12354.902404470073, 12310.103219161738]
[14, 9, 0.16000000000000003, 0.016289043420900352, False, 4, 2, 14608.67225802958, 14471.353626692104]
[14, 9, 0.16000000000000003, 0.016289043420900352, False, 6, 3, 14004.326383748212, 13801.116181114483]
[14, 9, 0.16000000000000003, 0.016289043420900352, False, 8, 4, 12740.210902145258, 12497.182764225501]
[15, 9, 0.16000000000000003, 0.015736711003153693, False, 8, 4, 12740.210902145258, 12497.182764225501]
[16, 9, 0.16000000000000003, 0.015237004909823318, False, 8, 4, 12740.210902145258, 12497.182764225501]
[17, 9, 0.16000000000000003, 0.01478206603794269, False, 8, 4, 12740.210902145258, 12497.182764225501]
[18, 9, 0.16000000000000003, 0.014365585995611716, False, 8, 4, 12740.210902145258, 12497.182764225501]
[19, 9, 0.16000000000000003, 0.013982434653505876, False, 8, 4, 12740.210902145258, 12497.182764225501]
[20, 9, 0.16000000000000003, 0.013628391500745197, False, 8, 4, 12740.210902145258, 12497.182764225501]
[5, 1, 0.17375000000000002, 0.027256783001490394, False, 2, 1, 1342.546725576927, 1342.4899601444486]
[5, 1, 0.17375000000000002, 0.027256783001490394, False, 4, 2, 1333.8607388055423, 1333.7111293364114]
[5, 1, 0.17375000000000002, 0.027256783001490394, False, 6, 3, 26515.6334607537, 1298.9867977967695]
[5, 1, 0.17375000000000002, 0.027256783001490394, False, 8, 4, 26495.55630967032, 1261.6527921948662]
[6, 1, 0.17375000000000002, 0.024881924824899426, False, 2, 1, 1625.5704275811256, 1625.475001742652]
[6, 1, 0.17375000000000002, 0.024881924824899426, False, 4, 2, 1625.8423504966604, 1625.611997633671]
[6, 1, 0.17375000000000002, 0.024881924824899426, False, 6, 3, 26510.947549556855, 1586.2232348147818]
[6, 1, 0.17375000000000002, 0.024881924824899426, False, 8, 4, 26489.32510067308, 1540.4825388426227]
[7, 1, 0.17375000000000002, 0.023036186123921516, False, 2, 1, 1910.9928484713578, 1910.8433184574806]
[7, 1, 0.17375000000000002, 0.023036186123921516, False, 4, 2, 1924.0799739847378, 1923.7411406589144]
[7, 1, 0.17375000000000002, 0.023036186123921516, False, 6, 3, 26506.126801650833, 1880.9871182521638]
[7, 1, 0.17375000000000002, 0.023036186123921516, False, 8, 4, 26482.915879256652, 1826.7047639995712]
[8, 1, 0.17375000000000002, 0.021548378993417577, False, 2, 1, 2198.0965010550867, 2197.874099523174]
[8, 1, 0.17375000000000002, 0.021548378993417577, False, 4, 2, 2227.1810990938725, 2226.6996232302236]
[8, 1, 0.17375000000000002, 0.021548378993417577, False, 6, 3, 26501.12875049097, 2183.027892381025]
[8, 1, 0.17375000000000002, 0.021548378993417577, False, 8, 4, 26476.272312302313, 2120.110481338101]
[9, 1, 0.17375000000000002, 0.020316006546431092, False, 2, 1, 2486.48121536262, 2486.163731704382]
[9, 1, 0.17375000000000002, 0.020316006546431092, False, 4, 2, 2535.3250507608027, 2534.6618088340833]
[9, 1, 0.17375000000000002, 0.020316006546431092, False, 6, 3, 2492.218399757919, 2491.3626575426147]
[9, 1, 0.17375000000000002, 0.020316006546431092, False, 8, 4, 26469.345649808332, 2420.55785252349]
[10, 1, 0.17375000000000002, 0.019273456093684076, False, 2, 1, 2775.7596899143596, 2775.3212177118253]
[10, 1, 0.17375000000000002, 0.019273456093684076, False, 4, 2, 2849.328560523915, 2848.4405782067206]
[10, 1, 0.17375000000000002, 0.019273456093684076, False, 6, 3, 2805.936606388371, 2804.805307046891]
[10, 1, 0.17375000000000002, 0.019273456093684076, False, 8, 4, 26462.090496778765, 2727.9361435655915]
[11, 1, 0.17375000000000002, 0.01837651935079526, False, 2, 1, 3065.8665348840245, 3065.2775035006152]
[11, 1, 0.17375000000000002, 0.01837651935079526, False, 4, 2, 3168.1397241944715, 3166.9755947887297]
[11, 1, 0.17375000000000002, 0.01837651935079526, False, 6, 3, 3125.8555720060413, 3124.393298761251]
[11, 1, 0.17375000000000002, 0.01837651935079526, False, 8, 4, 26454.462305870657, 3042.202657900157]
[12, 1, 0.17375000000000002, 0.017594177772660285, False, 2, 1, 3356.6602634683813, 3355.8871930320925]
[12, 1, 0.17375000000000002, 0.017594177772660285, False, 4, 2, 3491.5530813162086, 3490.053839769798]
[12, 1, 0.17375000000000002, 0.017594177772660285, False, 6, 3, 3451.8622826490723, 3450.006572934015]
[12, 1, 0.17375000000000002, 0.017594177772660285, False, 8, 4, 26446.415705143885, 3363.331483962209]
[13, 1, 0.17375000000000002, 0.01690393922672755, False, 2, 1, 3648.035475611089, 3647.0408135897055]
[13, 1, 0.17375000000000002, 0.01690393922672755, False, 4, 2, 3818.318000627714, 3816.4131500027997]
[13, 1, 0.17375000000000002, 0.01690393922672755, False, 6, 3, 3783.870703407426, 3781.551609903335]
[13, 1, 0.17375000000000002, 0.01690393922672755, False, 8, 4, 3694.23954950202, 3691.32205390967]
[14, 1, 0.17375000000000002, 0.016289043420900352, False, 2, 1, 3939.9151122535345, 3938.6570662364466]
[14, 1, 0.17375000000000002, 0.016289043420900352, False, 4, 2, 4148.6139062081365, 4146.224210622124]
[14, 1, 0.17375000000000002, 0.016289043420900352, False, 6, 3, 4120.511615156517, 4117.648108577486]
[14, 1, 0.17375000000000002, 0.016289043420900352, False, 8, 4, 4027.69978130043, 4024.1006173415362]
[15, 1, 0.17375000000000002, 0.015736711003153693, False, 8, 4, 4027.69978130043, 4024.1006173415362]
[16, 1, 0.17375000000000002, 0.015237004909823318, False, 8, 4, 4027.69978130043, 4024.1006173415362]
[17, 1, 0.17375000000000002, 0.01478206603794269, False, 8, 4, 4027.69978130043, 4024.1006173415362]
[18, 1, 0.17375000000000002, 0.014365585995611716, False, 8, 4, 4027.69978130043, 4024.1006173415362]
[19, 1, 0.17375000000000002, 0.013982434653505876, False, 8, 4, 4027.69978130043, 4024.1006173415362]
[5, 2, 0.17375000000000002, 0.027256783001490394, False, 2, 1, 2318.796741643347, 2318.486247998543]
[5, 2, 0.17375000000000002, 0.027256783001490394, False, 4, 2, 2291.6007343894844, 2290.969327171322]
[5, 2, 0.17375000000000002, 0.027256783001490394, False, 6, 3, 26385.502240790815, 2188.520402490621]
[5, 2, 0.17375000000000002, 0.027256783001490394, False, 8, 4, 26322.96789089036, 2082.2277404122124]
[6, 2, 0.17375000000000002, 0.024881924824899426, False, 2, 1, 2776.829273575766, 2776.322220598993]
[6, 2, 0.17375000000000002, 0.024881924824899426, False, 4, 2, 2775.8247985600583, 2774.84059182282]
[6, 2, 0.17375000000000002, 0.024881924824899426, False, 6, 3, 26370.876356895747, 2659.617148500502]
[6, 2, 0.17375000000000002, 0.024881924824899426, False, 8, 4, 26303.628953963762, 2530.470455153586]
[7, 2, 0.17375000000000002, 0.023036186123921516, False, 2, 1, 3228.8249475958637, 3228.0528119022124]
[7, 2, 0.17375000000000002, 0.023036186123921516, False, 4, 2, 3264.124580197606, 3262.6827637093998]
[7, 2, 0.17375000000000002, 0.023036186123921516, False, 6, 3, 26355.84913835624, 3138.618317635336]
[7, 2, 0.17375000000000002, 0.023036186123921516, False, 8, 4, 26283.771647794973, 2986.6165913561595]
[8, 2, 0.17375000000000002, 0.021548378993417577, False, 2, 1, 3673.4908866479045, 3672.3747726648658]
[8, 2, 0.17375000000000002, 0.021548378993417577, False, 4, 2, 3752.7154801802594, 3750.6939479044113]
[8, 2, 0.17375000000000002, 0.021548378993417577, False, 6, 3, 26340.290081425574, 3624.8589313132816]
[8, 2, 0.17375000000000002, 0.021548378993417577, False, 8, 4, 26263.22465709294, 3450.1234075007624]
[9, 2, 0.17375000000000002, 0.020316006546431092, False, 2, 1, 4110.3945707239545, 4108.846064967537]
[9, 2, 0.17375000000000002, 0.020316006546431092, False, 4, 2, 4242.3130067537995, 4239.576934549194]
[9, 2, 0.17375000000000002, 0.020316006546431092, False, 6, 3, 4119.409243321004, 4115.579781341117]
[9, 2, 0.17375000000000002, 0.020316006546431092, False, 8, 4, 26241.841401795733, 3920.546797653502]
[10, 2, 0.17375000000000002, 0.019273456093684076, False, 2, 1, 4539.093669714964, 4537.015154373975]
[10, 2, 0.17375000000000002, 0.019273456093684076, False, 4, 2, 4735.277264393049, 4731.681871792431]
[10, 2, 0.17375000000000002, 0.019273456093684076, False, 6, 3, 4612.512521644769, 4607.500531491004]
[10, 2, 0.17375000000000002, 0.019273456093684076, False, 8, 4, 26219.486902524008, 4397.465108052504]
[11, 2, 0.17375000000000002, 0.01837651935079526, False, 2, 1, 4959.967723546179, 4957.25371201729]
[11, 2, 0.17375000000000002, 0.01837651935079526, False, 4, 2, 5228.666481338348, 5224.049788767829]
[11, 2, 0.17375000000000002, 0.01837651935079526, False, 6, 3, 5110.322698470008, 5103.396623069879]
[11, 2, 0.17375000000000002, 0.01837651935079526, False, 8, 4, 26196.030082539146, 4880.588440970119]
[12, 2, 0.17375000000000002, 0.017594177772660285, False, 2, 1, 5372.549544858556, 5369.663581545709]
[12, 2, 0.17375000000000002, 0.017594177772660285, False, 4, 2, 5721.924392310847, 5716.11004716159]
[12, 2, 0.17375000000000002, 0.017594177772660285, False, 6, 3, 5611.460082492704, 5602.796750043737]
[12, 2, 0.17375000000000002, 0.017594177772660285, False, 8, 4, 26171.338729543764, 5369.629468308829]
[13, 2, 0.17375000000000002, 0.01690393922672755, False, 2, 1, 5777.96608245348, 5774.395346064628]
[13, 2, 0.17375000000000002, 0.01690393922672755, False, 4, 2, 6211.703647765082, 6204.496678215882]
[13, 2, 0.17375000000000002, 0.01690393922672755, False, 6, 3, 6115.947548218082, 6105.274396888081]
[13, 2, 0.17375000000000002, 0.01690393922672755, False, 8, 4, 5877.854118930958, 5864.331014400377]
[14, 2, 0.17375000000000002, 0.016289043420900352, False, 2, 1, 6175.974802078821, 6171.630864017478]
[14, 2, 0.17375000000000002, 0.016289043420900352, False, 4, 2, 6698.556277115596, 6689.749152592705]
[14, 2, 0.17375000000000002, 0.016289043420900352, False, 6, 3, 6620.032570925192, 6607.043958496406]
[14, 2, 0.17375000000000002, 0.016289043420900352, False, 8, 4, 6375.519237412075, 6359.164456733341]
[15, 2, 0.17375000000000002, 0.015736711003153693, False, 8, 4, 6375.519237412075, 6359.164456733341]
[16, 2, 0.17375000000000002, 0.015237004909823318, False, 8, 4, 6375.519237412075, 6359.164456733341]
[17, 2, 0.17375000000000002, 0.01478206603794269, False, 8, 4, 6375.519237412075, 6359.164456733341]
[18, 2, 0.17375000000000002, 0.014365585995611716, False, 8, 4, 6375.519237412075, 6359.164456733341]
[19, 2, 0.17375000000000002, 0.013982434653505876, False, 8, 4, 6375.519237412075, 6359.164456733341]
[5, 3, 0.17375000000000002, 0.027256783001490394, False, 2, 1, 3281.7300883052603, 3280.7962713606075]
[5, 3, 0.17375000000000002, 0.027256783001490394, False, 4, 2, 3224.629483598764, 3222.8615816333604]
[5, 3, 0.17375000000000002, 0.027256783001490394, False, 6, 3, 26149.851667413823, 3020.0434662539506]
[5, 3, 0.17375000000000002, 0.027256783001490394, False, 8, 4, 26012.075281448277, 2816.9260723227508]
[6, 3, 0.17375000000000002, 0.024881924824899426, False, 2, 1, 3887.7381287613753, 3886.258019301382]
[6, 3, 0.17375000000000002, 0.024881924824899426, False, 4, 2, 3882.1035270157054, 3879.385587262488]
[6, 3, 0.17375000000000002, 0.024881924824899426, False, 6, 3, 26117.678415876522, 3653.1559989058337]
[6, 3, 0.17375000000000002, 0.024881924824899426, False, 8, 4, 25966.977004741966, 3408.1690855850006]
[7, 3, 0.17375000000000002, 0.023036186123921516, False, 2, 1, 4473.329728372341, 4471.140203193525]
[7, 3, 0.17375000000000002, 0.023036186123921516, False, 4, 2, 4536.8566251917955, 4532.936905167315]
[7, 3, 0.17375000000000002, 0.023036186123921516, False, 6, 3, 26084.698757216902, 4291.213068187886]
[7, 3, 0.17375000000000002, 0.023036186123921516, False, 8, 4, 25920.8258729129, 4004.9366005077745]
[8, 3, 0.17375000000000002, 0.021548378993417577, False, 2, 1, 5036.845474333566, 5034.3017203685495]
[8, 3, 0.17375000000000002, 0.021548378993417577, False, 4, 2, 5182.110274844182, 5176.710129560438]
[8, 3, 0.17375000000000002, 0.021548378993417577, False, 6, 3, 26050.633091461346, 4933.144209903743]
[8, 3, 0.17375000000000002, 0.021548378993417577, False, 8, 4, 25873.236963551204, 4606.371641302131]
[9, 3, 0.17375000000000002, 0.020316006546431092, False, 2, 1, 5579.554927435363, 5576.164384600055]
[9, 3, 0.17375000000000002, 0.020316006546431092, False, 4, 2, 5819.8183982396, 5812.640868343522]
[9, 3, 0.17375000000000002, 0.020316006546431092, False, 6, 3, 5585.010528245765, 5573.917441994026]
[9, 3, 0.17375000000000002, 0.020316006546431092, False, 8, 4, 25823.888184215302, 5211.7427054335085]
[10, 3, 0.17375000000000002, 0.019273456093684076, False, 2, 1, 6101.392936299859, 6097.0194540981465]
[10, 3, 0.17375000000000002, 0.019273456093684076, False, 4, 2, 6454.826121866286, 6445.559439909248]
[10, 3, 0.17375000000000002, 0.019273456093684076, False, 6, 3, 6221.800335414315, 6207.564623108092]
[10, 3, 0.17375000000000002, 0.019273456093684076, False, 8, 4, 25772.48944667725, 5820.323179246348]
[11, 3, 0.17375000000000002, 0.01837651935079526, False, 2, 1, 6604.029619485138, 6598.538034336831]
[11, 3, 0.17375000000000002, 0.01837651935079526, False, 4, 2, 7081.927714888809, 7070.239983498866]
[11, 3, 0.17375000000000002, 0.01837651935079526, False, 6, 3, 6857.442899155133, 6839.555901757168]
[11, 3, 0.17375000000000002, 0.01837651935079526, False, 8, 4, 25718.764937955137, 6431.595089281354]
[12, 3, 0.17375000000000002, 0.017594177772660285, False, 2, 1, 7088.498317358555, 7081.7554762987875]
[12, 3, 0.17375000000000002, 0.017594177772660285, False, 4, 2, 7700.464677444889, 7686.008651533856]
[12, 3, 0.17375000000000002, 0.017594177772660285, False, 6, 3, 7491.229738115675, 7469.1509396002075]
[12, 3, 0.17375000000000002, 0.017594177772660285, False, 8, 4, 25662.44187326212, 7045.0237563940445]
[13, 3, 0.17375000000000002, 0.01690393922672755, False, 2, 1, 7555.809243609324, 7547.684927587533]
[13, 3, 0.17375000000000002, 0.01690393922672755, False, 4, 2, 8305.75428281147, 8287.188922886748]
[13, 3, 0.17375000000000002, 0.01690393922672755, False, 6, 3, 8122.529139005802, 8095.684698736037]
[13, 3, 0.17375000000000002, 0.01690393922672755, False, 8, 4, 7693.055735751094, 7660.111517054835]
[14, 3, 0.17375000000000002, 0.016289043420900352, False, 2, 1, 8006.930516361576, 7997.29809001602]
[14, 3, 0.17375000000000002, 0.016289043420900352, False, 4, 2, 8897.616069061392, 8875.2719378615]
[14, 3, 0.17375000000000002, 0.016289043420900352, False, 6, 3, 8743.93194730404, 8712.612865004477]
[14, 3, 0.17375000000000002, 0.016289043420900352, False, 8, 4, 8306.74332058538, 8267.349755340427]
[15, 3, 0.17375000000000002, 0.015736711003153693, False, 8, 4, 8306.74332058538, 8267.349755340427]
[16, 3, 0.17375000000000002, 0.015237004909823318, False, 8, 4, 8306.74332058538, 8267.349755340427]
[17, 3, 0.17375000000000002, 0.01478206603794269, False, 8, 4, 8306.74332058538, 8267.349755340427]
[18, 3, 0.17375000000000002, 0.014365585995611716, False, 8, 4, 8306.74332058538, 8267.349755340427]
[19, 3, 0.17375000000000002, 0.013982434653505876, False, 8, 4, 8306.74332058538, 8267.349755340427]
[5, 4, 0.17375000000000002, 0.027256783001490394, False, 2, 1, 4169.249632121221, 4167.226216112194]
[5, 4, 0.17375000000000002, 0.027256783001490394, False, 4, 2, 4072.631402442922, 4069.0726269317497]
[5, 4, 0.17375000000000002, 0.027256783001490394, False, 6, 3, 25773.348915985305, 3744.553530538148]
[5, 4, 0.17375000000000002, 0.027256783001490394, False, 8, 4, 25511.44606586087, 3430.4372248036084]
[6, 4, 0.17375000000000002, 0.024881924824899426, False, 2, 1, 4889.861265059194, 4887.3354281984]
[6, 4, 0.17375000000000002, 0.024881924824899426, False, 4, 2, 4875.278285030207, 4869.866460714641]
[6, 4, 0.17375000000000002, 0.024881924824899426, False, 6, 3, 25711.47709950814, 4510.351267722656]
[6, 4, 0.17375000000000002, 0.024881924824899426, False, 8, 4, 25431.82011908624, 4134.3724622388]
[7, 4, 0.17375000000000002, 0.023036186123921516, False, 2, 1, 5573.321522218667, 5569.7271299641125]
[7, 4, 0.17375000000000002, 0.023036186123921516, False, 4, 2, 5665.30358778515, 5657.601076475314]
[7, 4, 0.17375000000000002, 0.023036186123921516, False, 6, 3, 25648.303046061137, 5275.891052313267]
[7, 4, 0.17375000000000002, 0.023036186123921516, False, 8, 4, 25350.71449142684, 4839.82152514819]
[8, 4, 0.17375000000000002, 0.021548378993417577, False, 2, 1, 6219.224822442733, 6214.365697369007]
[8, 4, 0.17375000000000002, 0.021548378993417577, False, 4, 2, 6433.752412375284, 6422.546753427851]
[8, 4, 0.17375000000000002, 0.021548378993417577, False, 6, 3, 6055.565408888121, 6039.823510405229]
[8, 4, 0.17375000000000002, 0.021548378993417577, False, 8, 4, 25267.479297027116, 5545.71943579805]
[9, 4, 0.17375000000000002, 0.020316006546431092, False, 2, 1, 6829.7512859834915, 6823.438763212644]
[9, 4, 0.17375000000000002, 0.020316006546431092, False, 4, 2, 7183.264316547486, 7168.57295524189]
[9, 4, 0.17375000000000002, 0.020316006546431092, False, 6, 3, 6815.479380994743, 6794.919378722336]
[9, 4, 0.17375000000000002, 0.020316006546431092, False, 8, 4, 25181.586955350387, 6251.147591109628]
[10, 4, 0.17375000000000002, 0.019273456093684076, False, 2, 1, 7406.652330980365, 7398.707985628835]
[10, 4, 0.17375000000000002, 0.019273456093684076, False, 4, 2, 7922.387379236752, 7903.6604944389055]
[10, 4, 0.17375000000000002, 0.019273456093684076, False, 6, 3, 7559.028443865622, 7532.916830418915]
[10, 4, 0.17375000000000002, 0.019273456093684076, False, 8, 4, 25092.5768200037, 6955.171285082297]
[11, 4, 0.17375000000000002, 0.01837651935079526, False, 2, 1, 7953.504032178706, 7943.760584299769]
[11, 4, 0.17375000000000002, 0.01837651935079526, False, 4, 2, 8643.72294162302, 8620.389278652048]
[11, 4, 0.17375000000000002, 0.01837651935079526, False, 6, 3, 8294.572886940856, 8262.134467833182]
[11, 4, 0.17375000000000002, 0.01837651935079526, False, 8, 4, 25000.023909765092, 7657.1417616983035]
[12, 4, 0.17375000000000002, 0.017594177772660285, False, 2, 1, 8472.70845272706, 8461.010265901596]
[12, 4, 0.17375000000000002, 0.017594177772660285, False, 4, 2, 9346.860921542117, 9318.335408595627]
[12, 4, 0.17375000000000002, 0.017594177772660285, False, 6, 3, 9021.321169205135, 8981.752799686341]
[12, 4, 0.17375000000000002, 0.017594177772660285, False, 8, 4, 8404.872183163734, 8356.373206761638]
[13, 4, 0.17375000000000002, 0.01690393922672755, False, 2, 1, 8966.464382394375, 8952.667422261033]
[13, 4, 0.17375000000000002, 0.01690393922672755, False, 4, 2, 10024.08285820468, 9989.771954089589]
[13, 4, 0.17375000000000002, 0.01690393922672755, False, 6, 3, 9738.58619302847, 9691.059505779023]
[13, 4, 0.17375000000000002, 0.01690393922672755, False, 8, 4, 9110.492507887337, 9052.224465729058]
[14, 4, 0.17375000000000002, 0.016289043420900352, False, 2, 1, 9436.768269218863, 9420.739713059273]
[14, 4, 0.17375000000000002, 0.016289043420900352, False, 4, 2, 10678.306385509646, 10637.613845106733]
[14, 4, 0.17375000000000002, 0.016289043420900352, False, 6, 3, 10437.274203022831, 10380.95535746889]
[14, 4, 0.17375000000000002, 0.016289043420900352, False, 8, 4, 9800.518065705033, 9731.46820481308]
[15, 4, 0.17375000000000002, 0.015736711003153693, False, 8, 4, 9800.518065705033, 9731.46820481308]
[16, 4, 0.17375000000000002, 0.015237004909823318, False, 8, 4, 9800.518065705033, 9731.46820481308]
[17, 4, 0.17375000000000002, 0.01478206603794269, False, 8, 4, 9800.518065705033, 9731.46820481308]
[18, 4, 0.17375000000000002, 0.014365585995611716, False, 8, 4, 9800.518065705033, 9731.46820481308]
[19, 4, 0.17375000000000002, 0.013982434653505876, False, 8, 4, 9800.518065705033, 9731.46820481308]
[5, 5, 0.17375000000000002, 0.027256783001490394, False, 2, 1, 4956.600617777143, 4953.77993909285]
[5, 5, 0.17375000000000002, 0.027256783001490394, False, 4, 2, 4813.569771811221, 4806.9553182935315]
[5, 5, 0.17375000000000002, 0.027256783001490394, False, 6, 3, 25247.253945449374, 4352.934290498387]
[5, 5, 0.17375000000000002, 0.027256783001490394, False, 8, 4, 24840.346921711127, 3926.7010187418873]
[6, 5, 0.17375000000000002, 0.024881924824899426, False, 2, 1, 5762.896603424535, 5758.705091517706]
[6, 5, 0.17375000000000002, 0.024881924824899426, False, 4, 2, 5733.223759315375, 5723.388567242335]
[6, 5, 0.17375000000000002, 0.024881924824899426, False, 6, 3, 25150.390843937035, 5223.779358129485]
[6, 5, 0.17375000000000002, 0.024881924824899426, False, 8, 4, 24718.221931905613, 4716.7482752236765]
[7, 5, 0.17375000000000002, 0.023036186123921516, False, 2, 1, 6514.522521726935, 6508.6998552734985]
[7, 5, 0.17375000000000002, 0.023036186123921516, False, 4, 2, 6629.360168382625, 6615.584294988883]
[7, 5, 0.17375000000000002, 0.023036186123921516, False, 6, 3, 25051.962850162003, 6088.184175551791]
[7, 5, 0.17375000000000002, 0.023036186123921516, False, 8, 4, 24594.56686770505, 5503.632178976928]
[8, 5, 0.17375000000000002, 0.021548378993417577, False, 2, 1, 7213.249280786779, 7205.555221551644]
[8, 5, 0.17375000000000002, 0.021548378993417577, False, 4, 2, 7489.5101521235165, 7471.0559464864355]
[8, 5, 0.17375000000000002, 0.021548378993417577, False, 6, 3, 6969.7176209614545, 6944.678219076972]
[8, 5, 0.17375000000000002, 0.021548378993417577, False, 8, 4, 24468.428525269697, 6286.1880922721575]
[9, 5, 0.17375000000000002, 0.020316006546431092, False, 2, 1, 7863.354937849467, 7853.572000509288]
[9, 5, 0.17375000000000002, 0.020316006546431092, False, 4, 2, 8319.973223961617, 8296.094474876847]
[9, 5, 0.17375000000000002, 0.020316006546431092, False, 6, 3, 7816.467085794435, 7784.016500925132]
[9, 5, 0.17375000000000002, 0.020316006546431092, False, 8, 4, 24339.061136782213, 7063.410907322245]
[10, 5, 0.17375000000000002, 0.019273456093684076, False, 2, 1, 8468.649455705507, 8456.584427323069]
[10, 5, 0.17375000000000002, 0.019273456093684076, False, 4, 2, 9132.189003138941, 9102.127402668575]
[10, 5, 0.17375000000000002, 0.019273456093684076, False, 6, 3, 8637.56718113926, 8595.825126618636]
[10, 5, 0.17375000000000002, 0.019273456093684076, False, 8, 4, 24205.838614017746, 7834.256458985219]
[11, 5, 0.17375000000000002, 0.01837651935079526, False, 2, 1, 9034.846156001164, 9020.327178772903]
[11, 5, 0.17375000000000002, 0.01837651935079526, False, 4, 2, 9916.82286615266, 9879.82069932071]
[11, 5, 0.17375000000000002, 0.01837651935079526, False, 6, 3, 9442.92568109556, 9391.514136977306]
[11, 5, 0.17375000000000002, 0.01837651935079526, False, 8, 4, 24073.872485428343, 8598.617476084872]
[12, 5, 0.17375000000000002, 0.017594177772660285, False, 2, 1, 9565.836814384109, 9548.712378305521]
[12, 5, 0.17375000000000002, 0.017594177772660285, False, 4, 2, 10673.970965995659, 10629.274219203882]
[12, 5, 0.17375000000000002, 0.017594177772660285, False, 6, 3, 10232.546832282771, 10170.351873446778]
[12, 5, 0.17375000000000002, 0.017594177772660285, False, 8, 4, 9430.838874069306, 9356.369621981237]
[13, 5, 0.17375000000000002, 0.01690393922672755, False, 2, 1, 10066.150369815881, 10045.189162540946]
[13, 5, 0.17375000000000002, 0.01690393922672755, False, 4, 2, 11394.238653452223, 11341.119633337932]
[13, 5, 0.17375000000000002, 0.01690393922672755, False, 6, 3, 11005.845629995078, 10931.737075024455]
[13, 5, 0.17375000000000002, 0.01690393922672755, False, 8, 4, 10194.79387780843, 10105.943224145896]
[14, 5, 0.17375000000000002, 0.016289043420900352, False, 2, 1, 10536.87182585044, 10512.787974885385]
[14, 5, 0.17375000000000002, 0.016289043420900352, False, 4, 2, 12080.754555564405, 12019.920215607777]
[14, 5, 0.17375000000000002, 0.016289043420900352, False, 6, 3, 11751.558032726463, 11664.435552162902]
[14, 5, 0.17375000000000002, 0.016289043420900352, False, 8, 4, 10935.573295230111, 10830.971155501476]
[15, 5, 0.17375000000000002, 0.015736711003153693, False, 8, 4, 10935.573295230111, 10830.971155501476]
[16, 5, 0.17375000000000002, 0.015237004909823318, False, 8, 4, 10935.573295230111, 10830.971155501476]
[17, 5, 0.17375000000000002, 0.01478206603794269, False, 8, 4, 10935.573295230111, 10830.971155501476]
[18, 5, 0.17375000000000002, 0.014365585995611716, False, 8, 4, 10935.573295230111, 10830.971155501476]
[19, 5, 0.17375000000000002, 0.013982434653505876, False, 8, 4, 10935.573295230111, 10830.971155501476]
[5, 6, 0.17375000000000002, 0.027256783001490394, False, 2, 1, 5640.606752826485, 5636.390469593279]
[5, 6, 0.17375000000000002, 0.027256783001490394, False, 4, 2, 5446.832910346188, 5436.847416840669]
[5, 6, 0.17375000000000002, 0.027256783001490394, False, 6, 3, 24585.343630273983, 4854.465458163882]
[5, 6, 0.17375000000000002, 0.027256783001490394, False, 8, 4, 24025.799432289965, 4322.787591844677]
[6, 6, 0.17375000000000002, 0.024881924824899426, False, 2, 1, 6507.894300394518, 6501.766164914223]
[6, 6, 0.17375000000000002, 0.024881924824899426, False, 4, 2, 6458.912514638028, 6444.239943282992]
[6, 6, 0.17375000000000002, 0.024881924824899426, False, 6, 3, 24448.162444854894, 5806.929106936344]
[6, 6, 0.17375000000000002, 0.024881924824899426, False, 8, 4, 23875.15475134678, 5178.866421035956]
[7, 6, 0.17375000000000002, 0.023036186123921516, False, 2, 1, 7304.677862438694, 7296.336992921813]
[7, 6, 0.17375000000000002, 0.023036186123921516, False, 4, 2, 7436.316142047714, 7415.995141183986]
[7, 6, 0.17375000000000002, 0.023036186123921516, False, 6, 3, 24309.565244015215, 6746.508471701145]
[7, 6, 0.17375000000000002, 0.023036186123921516, False, 8, 4, 23723.331308012217, 6027.360721730321]
[8, 6, 0.17375000000000002, 0.021548378993417577, False, 2, 1, 8034.979664746298, 8024.165148906941]
[8, 6, 0.17375000000000002, 0.021548378993417577, False, 4, 2, 8364.339737797221, 8337.424595211467]
[8, 6, 0.17375000000000002, 0.021548378993417577, False, 6, 3, 7708.520433322731, 7671.740458069533]
[8, 6, 0.17375000000000002, 0.021548378993417577, False, 8, 4, 23569.180932080253, 6867.093508448988]
[9, 6, 0.17375000000000002, 0.020316006546431092, False, 2, 1, 8705.844169343098, 8692.333369758746]
[9, 6, 0.17375000000000002, 0.020316006546431092, False, 4, 2, 9251.921637126854, 9217.476946076133]
[9, 6, 0.17375000000000002, 0.020316006546431092, False, 6, 3, 8619.968112721313, 8572.756771112774]
[9, 6, 0.17375000000000002, 0.020316006546431092, False, 8, 4, 23411.828686224253, 7697.055214847741]
[10, 6, 0.17375000000000002, 0.019273456093684076, False, 2, 1, 9322.82380688156, 9306.431018288575]
[10, 6, 0.17375000000000002, 0.019273456093684076, False, 4, 2, 10112.914980811835, 10071.015624344487]
[10, 6, 0.17375000000000002, 0.019273456093684076, False, 6, 3, 9496.222146510545, 9437.246068386801]
[10, 6, 0.17375000000000002, 0.019273456093684076, False, 8, 4, 23250.56109121212, 8516.174885420212]
[11, 6, 0.17375000000000002, 0.01837651935079526, False, 2, 1, 9894.795600262558, 9874.27913933984]
[11, 6, 0.17375000000000002, 0.01837651935079526, False, 4, 2, 10938.103149441673, 10887.12017464096]
[11, 6, 0.17375000000000002, 0.01837651935079526, False, 6, 3, 10351.175841137814, 10279.062843283882]
[11, 6, 0.17375000000000002, 0.01837651935079526, False, 8, 4, 9407.584286992384, 9323.793036079784]
[12, 6, 0.17375000000000002, 0.017594177772660285, False, 2, 1, 10425.17162247662, 10401.192261205468]
[12, 6, 0.17375000000000002, 0.017594177772660285, False, 4, 2, 11727.456701896795, 11666.565462553273]
[12, 6, 0.17375000000000002, 0.017594177772660285, False, 6, 3, 11184.296510637803, 11097.674920581268]
[12, 6, 0.17375000000000002, 0.017594177772660285, False, 8, 4, 10220.188929912834, 10119.17174423769]
[13, 6, 0.17375000000000002, 0.01690393922672755, False, 2, 1, 10919.321452372818, 10891.731510114323]
[13, 6, 0.17375000000000002, 0.01690393922672755, False, 4, 2, 12470.2770805231, 12398.737785960999]
[13, 6, 0.17375000000000002, 0.01690393922672755, False, 6, 3, 11995.191211391164, 11892.693192384895]
[13, 6, 0.17375000000000002, 0.01690393922672755, False, 8, 4, 11021.589756618254, 10901.626356303566]
[14, 6, 0.17375000000000002, 0.016289043420900352, False, 2, 1, 11381.138477511598, 11349.809322717505]
[14, 6, 0.17375000000000002, 0.016289043420900352, False, 4, 2, 13172.761408998831, 13089.86715819461]
[14, 6, 0.17375000000000002, 0.016289043420900352, False, 6, 3, 12769.469920432828, 12651.176515295072]
[14, 6, 0.17375000000000002, 0.016289043420900352, False, 8, 4, 11792.710059118388, 11652.239232068552]
[15, 6, 0.17375000000000002, 0.015736711003153693, False, 8, 4, 11792.710059118388, 11652.239232068552]
[16, 6, 0.17375000000000002, 0.015237004909823318, False, 8, 4, 11792.710059118388, 11652.239232068552]
[17, 6, 0.17375000000000002, 0.01478206603794269, False, 8, 4, 11792.710059118388, 11652.239232068552]
[18, 6, 0.17375000000000002, 0.014365585995611716, False, 8, 4, 11792.710059118388, 11652.239232068552]
[19, 6, 0.17375000000000002, 0.013982434653505876, False, 8, 4, 11792.710059118388, 11652.239232068552]
[5, 7, 0.17375000000000002, 0.027256783001490394, False, 2, 1, 6227.231650819926, 6221.466452611195]
[5, 7, 0.17375000000000002, 0.027256783001490394, False, 4, 2, 5981.760567235206, 5967.940438731308]
[5, 7, 0.17375000000000002, 0.027256783001490394, False, 6, 3, 23837.639972452922, 5266.170787928369]
[5, 7, 0.17375000000000002, 0.027256783001490394, False, 8, 4, 23172.063479451346, 4641.205594143497]
[6, 7, 0.17375000000000002, 0.024881924824899426, False, 2, 1, 7137.37149625639, 7129.148281611906]
[6, 7, 0.17375000000000002, 0.024881924824899426, False, 4, 2, 7066.033174348055, 7045.932240865385]
[6, 7, 0.17375000000000002, 0.024881924824899426, False, 6, 3, 23676.7514525952, 6283.174154163139]
[6, 7, 0.17375000000000002, 0.024881924824899426, False, 8, 4, 22977.39429853137, 5547.035693251968]
[7, 7, 0.17375000000000002, 0.023036186123921516, False, 2, 1, 7963.17321068955, 7952.170225079881]
[7, 7, 0.17375000000000002, 0.023036186123921516, False, 4, 2, 8104.996862606417, 8077.423634571852]
[7, 7, 0.17375000000000002, 0.023036186123921516, False, 6, 3, 23514.8587468641, 7281.431379111428]
[7, 7, 0.17375000000000002, 0.023036186123921516, False, 8, 4, 22782.558735541497, 6440.785664710952]
[8, 7, 0.17375000000000002, 0.021548378993417577, False, 2, 1, 8711.021111309476, 8696.976030396792]
[8, 7, 0.17375000000000002, 0.021548378993417577, False, 4, 2, 9081.151919127215, 9045.99422960689]
[8, 7, 0.17375000000000002, 0.021548378993417577, False, 6, 3, 8308.39930381929, 8259.577545555387]
[8, 7, 0.17375000000000002, 0.021548378993417577, False, 8, 4, 22586.099212998066, 7321.3073877535635]
[9, 7, 0.17375000000000002, 0.020316006546431092, False, 2, 1, 9390.46309115232, 9373.164717696642]
[9, 7, 0.17375000000000002, 0.020316006546431092, False, 4, 2, 10008.34123899345, 9963.814830315463]
[9, 7, 0.17375000000000002, 0.020316006546431092, False, 6, 3, 9266.631710177573, 9205.261874139467]
[9, 7, 0.17375000000000002, 0.020316006546431092, False, 8, 4, 22386.942566132144, 8187.6207875321725]
[10, 7, 0.17375000000000002, 0.019273456093684076, False, 2, 1, 10010.126930108408, 9988.186128523268]
[10, 7, 0.17375000000000002, 0.019273456093684076, False, 4, 2, 10904.883358972138, 10849.950258620593]
[10, 7, 0.17375000000000002, 0.019273456093684076, False, 6, 3, 10181.24490020168, 10105.042189224376]
[10, 7, 0.17375000000000002, 0.019273456093684076, False, 8, 4, 22162.77869631611, 9036.55508002366]
[11, 7, 0.17375000000000002, 0.01837651935079526, False, 2, 1, 10577.573178153616, 10551.74378514748]
[11, 7, 0.17375000000000002, 0.01837651935079526, False, 4, 2, 11757.299871696168, 11691.010338738823]
[11, 7, 0.17375000000000002, 0.01837651935079526, False, 6, 3, 11068.562527280577, 10975.950041943222]
[11, 7, 0.17375000000000002, 0.01837651935079526, False, 8, 4, 9973.610122362163, 9865.079204118592]
[12, 7, 0.17375000000000002, 0.017594177772660285, False, 2, 1, 11100.23472042852, 11070.369976131205]
[12, 7, 0.17375000000000002, 0.017594177772660285, False, 4, 2, 12567.027581854241, 12488.486528131209]
[12, 7, 0.17375000000000002, 0.017594177772660285, False, 6, 3, 11928.279627566328, 11817.7046087117]
[12, 7, 0.17375000000000002, 0.017594177772660285, False, 8, 4, 10806.149572463997, 10675.774755192715]
[13, 7, 0.17375000000000002, 0.01690393922672755, False, 2, 1, 11583.578863617964, 11549.55627594917]
[13, 7, 0.17375000000000002, 0.01690393922672755, False, 4, 2, 13322.371737144887, 13230.823541250918]
[13, 7, 0.17375000000000002, 0.01690393922672755, False, 6, 3, 12760.233581104541, 12630.169756030391]
[13, 7, 0.17375000000000002, 0.01690393922672755, False, 8, 4, 11622.312370465106, 11467.948592702109]
[14, 7, 0.17375000000000002, 0.016289043420900352, False, 2, 1, 12032.20995793011, 11993.926678577383]
[14, 7, 0.17375000000000002, 0.016289043420900352, False, 4, 2, 14031.071912542699, 13925.803405803414]
[14, 7, 0.17375000000000002, 0.016289043420900352, False, 6, 3, 13549.98270862705, 13399.086784911377]
[14, 7, 0.17375000000000002, 0.016289043420900352, False, 8, 4, 12401.011126430414, 12220.785827794054]
[15, 7, 0.17375000000000002, 0.015736711003153693, False, 8, 4, 12401.011126430414, 12220.785827794054]
[16, 7, 0.17375000000000002, 0.015237004909823318, False, 8, 4, 12401.011126430414, 12220.785827794054]
[17, 7, 0.17375000000000002, 0.01478206603794269, False, 8, 4, 12401.011126430414, 12220.785827794054]
[18, 7, 0.17375000000000002, 0.014365585995611716, False, 8, 4, 12401.011126430414, 12220.785827794054]
[19, 7, 0.17375000000000002, 0.013982434653505876, False, 8, 4, 12401.011126430414, 12220.785827794054]
[5, 8, 0.17375000000000002, 0.027256783001490394, False, 2, 1, 6727.525195257355, 6720.122629337624]
[5, 8, 0.17375000000000002, 0.027256783001490394, False, 4, 2, 6431.327773641606, 6414.020124811695]
[5, 8, 0.17375000000000002, 0.027256783001490394, False, 6, 3, 23048.274732394835, 5605.062276907554]
[5, 8, 0.17375000000000002, 0.027256783001490394, False, 8, 4, 22217.55454322417, 4894.4484091312]
[6, 8, 0.17375000000000002, 0.024881924824899426, False, 2, 1, 7667.00928035789, 7656.6166334135505]
[6, 8, 0.17375000000000002, 0.024881924824899426, False, 4, 2, 7573.172897808478, 7548.150100848381]
[6, 8, 0.17375000000000002, 0.024881924824899426, False, 6, 3, 22847.73334477112, 6671.373147299583]
[6, 8, 0.17375000000000002, 0.024881924824899426, False, 8, 4, 21913.7619752622, 5833.704149697604]
[7, 8, 0.17375000000000002, 0.023036186123921516, False, 2, 1, 8510.363325068769, 8496.65312067362]
[7, 8, 0.17375000000000002, 0.023036186123921516, False, 4, 2, 8660.23775428651, 8626.16821569542]
[7, 8, 0.17375000000000002, 0.023036186123921516, False, 6, 3, 7758.685382066183, 7713.070313875301]
[7, 8, 0.17375000000000002, 0.023036186123921516, False, 8, 4, 21614.402509512394, 6755.459797683757]
[8, 8, 0.17375000000000002, 0.021548378993417577, False, 2, 1, 9267.239941646756, 9249.004367296988]
[8, 8, 0.17375000000000002, 0.021548378993417577, False, 4, 2, 9674.591641075964, 9630.281495707299]
[8, 8, 0.17375000000000002, 0.021548378993417577, False, 6, 3, 8789.012698741146, 8728.9361091871]
[8, 8, 0.17375000000000002, 0.021548378993417577, False, 8, 4, 21317.126675634405, 7658.608368652565]
[9, 8, 0.17375000000000002, 0.020316006546431092, False, 2, 1, 9947.923602324294, 9925.607961616704]
[9, 8, 0.17375000000000002, 0.020316006546431092, False, 4, 2, 10630.382243902357, 10574.690386430557]
[9, 8, 0.17375000000000002, 0.020316006546431092, False, 6, 3, 9781.345628461499, 9704.938872749552]
[9, 8, 0.17375000000000002, 0.020316006546431092, False, 8, 4, 21020.291591113437, 8542.199891288641]
[10, 8, 0.17375000000000002, 0.019273456093684076, False, 2, 1, 10562.169118630343, 10535.587220389707]
[10, 8, 0.17375000000000002, 0.019273456093684076, False, 4, 2, 11548.66031189977, 11480.426813191609]
[10, 8, 0.17375000000000002, 0.019273456093684076, False, 6, 3, 10715.008151460483, 10620.50120827094]
[10, 8, 0.17375000000000002, 0.019273456093684076, False, 8, 4, 9514.20539676422, 9405.173642578307]
[11, 8, 0.17375000000000002, 0.01837651935079526, False, 2, 1, 11121.272987564915, 11090.273670959761]
[11, 8, 0.17375000000000002, 0.01837651935079526, False, 4, 2, 12416.044135565835, 12334.247934733203]
[11, 8, 0.17375000000000002, 0.01837651935079526, False, 6, 3, 11614.810654472294, 11500.37868104285]
[11, 8, 0.17375000000000002, 0.01837651935079526, False, 8, 4, 10379.918233012928, 10246.951138726583]
[12, 8, 0.17375000000000002, 0.017594177772660285, False, 2, 1, 11632.751208559179, 11597.214074643582]
[12, 8, 0.17375000000000002, 0.017594177772660285, False, 4, 2, 13234.673009545606, 13138.36808318078]
[12, 8, 0.17375000000000002, 0.017594177772660285, False, 6, 3, 12480.71614710121, 12344.574056418907]
[12, 8, 0.17375000000000002, 0.017594177772660285, False, 8, 4, 11226.17283095093, 11066.831954500452]
[13, 8, 0.17375000000000002, 0.01690393922672755, False, 2, 1, 12102.820825789706, 12062.649403103565]
[13, 8, 0.17375000000000002, 0.01690393922672755, False, 4, 2, 13992.125601534979, 13880.559238221804]
[13, 8, 0.17375000000000002, 0.01690393922672755, False, 6, 3, 13312.822147856621, 13153.22437595556]
[13, 8, 0.17375000000000002, 0.01690393922672755, False, 8, 4, 12052.334445800287, 11864.16226721583]
[14, 8, 0.17375000000000002, 0.016289043420900352, False, 2, 1, 12536.641326028517, 12491.757494602065]
[14, 8, 0.17375000000000002, 0.016289043420900352, False, 4, 2, 14699.036055153734, 14570.01934701194]
[14, 8, 0.17375000000000002, 0.016289043420900352, False, 6, 3, 14095.748612104375, 13911.205220379617]
[14, 8, 0.17375000000000002, 0.016289043420900352, False, 8, 4, 12835.84883190185, 12616.79539232226]
[15, 8, 0.17375000000000002, 0.015736711003153693, False, 8, 4, 12835.84883190185, 12616.79539232226]
[16, 8, 0.17375000000000002, 0.015237004909823318, False, 8, 4, 12835.84883190185, 12616.79539232226]
[17, 8, 0.17375000000000002, 0.01478206603794269, False, 8, 4, 12835.84883190185, 12616.79539232226]
[18, 8, 0.17375000000000002, 0.014365585995611716, False, 8, 4, 12835.84883190185, 12616.79539232226]
[19, 8, 0.17375000000000002, 0.013982434653505876, False, 8, 4, 12835.84883190185, 12616.79539232226]
[5, 9, 0.17375000000000002, 0.027256783001490394, False, 2, 1, 7152.931145700687, 7143.84864995848]
[5, 9, 0.17375000000000002, 0.027256783001490394, False, 4, 2, 6812.5824725948005, 6791.227669429738]
[5, 9, 0.17375000000000002, 0.027256783001490394, False, 6, 3, 22167.096851800678, 5880.741854710173]
[5, 9, 0.17375000000000002, 0.027256783001490394, False, 8, 4, 20944.003072291274, 5084.183519231539]
[6, 9, 0.17375000000000002, 0.024881924824899426, False, 2, 1, 8111.905351911984, 8099.322487518533]
[6, 9, 0.17375000000000002, 0.024881924824899426, False, 4, 2, 7998.75846919227, 7968.087294303055]
[6, 9, 0.17375000000000002, 0.024881924824899426, False, 6, 3, 21861.717979104633, 6979.650942302269]
[6, 9, 0.17375000000000002, 0.024881924824899426, False, 8, 4, 20605.087158213395, 6048.609354948265]
[7, 9, 0.17375000000000002, 0.023036186123921516, False, 2, 1, 8965.763259891974, 8948.441170399852]
[7, 9, 0.17375000000000002, 0.023036186123921516, False, 4, 2, 9121.253637856438, 9079.758642325773]
[7, 9, 0.17375000000000002, 0.023036186123921516, False, 6, 3, 8102.232154288122, 8046.993009708936]
[7, 9, 0.17375000000000002, 0.023036186123921516, False, 8, 4, 20273.635351322995, 6991.548347649898]
[8, 9, 0.17375000000000002, 0.021548378993417577, False, 2, 1, 9723.86455111911, 9702.150656287822]
[8, 9, 0.17375000000000002, 0.021548378993417577, False, 4, 2, 10161.06582722734, 10107.443806052352]
[8, 9, 0.17375000000000002, 0.021548378993417577, False, 6, 3, 9154.301094089926, 9081.733188386002]
[8, 9, 0.17375000000000002, 0.021548378993417577, False, 8, 4, 19946.88995964088, 7911.9529312246505]
[9, 9, 0.17375000000000002, 0.020316006546431092, False, 2, 1, 10400.811949720382, 10374.487890907807]
[9, 9, 0.17375000000000002, 0.020316006546431092, False, 4, 2, 11134.752109709618, 11067.768857770436]
[9, 9, 0.17375000000000002, 0.020316006546431092, False, 6, 3, 10161.65302499499, 10069.59244900956]
[9, 9, 0.17375000000000002, 0.020316006546431092, False, 8, 4, 19622.94404479016, 8808.927549738952]
[10, 9, 0.17375000000000002, 0.019273456093684076, False, 2, 1, 11007.781893399831, 10976.691945792534]
[10, 9, 0.17375000000000002, 0.019273456093684076, False, 4, 2, 12065.99477493199, 11984.383991185547]
[10, 9, 0.17375000000000002, 0.019273456093684076, False, 6, 3, 11108.995904430009, 10995.515865423462]
[10, 9, 0.17375000000000002, 0.019273456093684076, False, 8, 4, 9811.893889536237, 9681.54901408948]
[11, 9, 0.17375000000000002, 0.01837651935079526, False, 2, 1, 11557.718502885093, 11521.744924416364]
[11, 9, 0.17375000000000002, 0.01837651935079526, False, 4, 2, 12936.504563286506, 12839.148219988883]
[11, 9, 0.17375000000000002, 0.01837651935079526, False, 6, 3, 12019.009346435882, 11880.835191726335]
[11, 9, 0.17375000000000002, 0.01837651935079526, False, 8, 4, 10689.435390946199, 10530.863708725741]
[12, 9, 0.17375000000000002, 0.017594177772660285, False, 2, 1, 12058.12862500546, 12017.180734322244]
[12, 9, 0.17375000000000002, 0.017594177772660285, False, 4, 2, 13748.149628627394, 13633.99405758405]
[12, 9, 0.17375000000000002, 0.017594177772660285, False, 6, 3, 12889.688561227718, 12725.828269761361]
[12, 9, 0.17375000000000002, 0.017594177772660285, False, 8, 4, 11544.454505409034, 11354.882507301862]
[13, 9, 0.17375000000000002, 0.01690393922672755, False, 2, 1, 12515.817569904788, 12469.827240287213]
[13, 9, 0.17375000000000002, 0.01690393922672755, False, 4, 2, 14493.658511689555, 14360.301956209094]
[13, 9, 0.17375000000000002, 0.01690393922672755, False, 6, 3, 13722.37596514649, 13530.895835434334]
[13, 9, 0.17375000000000002, 0.01690393922672755, False, 8, 4, 12376.34687198622, 12153.002628849154]
[14, 9, 0.17375000000000002, 0.016289043420900352, False, 2, 1, 12936.368701596646, 12885.284194369917]
[14, 9, 0.17375000000000002, 0.016289043420900352, False, 4, 2, 15180.538534331166, 15028.586092324465]
[14, 9, 0.17375000000000002, 0.016289043420900352, False, 6, 3, 14501.017576117081, 14280.328164825492]
[14, 9, 0.17375000000000002, 0.016289043420900352, False, 8, 4, 13161.458612082753, 12902.113366037645]
[15, 9, 0.17375000000000002, 0.015736711003153693, False, 8, 4, 13161.458612082753, 12902.113366037645]
[16, 9, 0.17375000000000002, 0.015237004909823318, False, 8, 4, 13161.458612082753, 12902.113366037645]
[17, 9, 0.17375000000000002, 0.01478206603794269, False, 8, 4, 13161.458612082753, 12902.113366037645]
[18, 9, 0.17375000000000002, 0.014365585995611716, False, 8, 4, 13161.458612082753, 12902.113366037645]
[19, 9, 0.17375000000000002, 0.013982434653505876, False, 8, 4, 13161.458612082753, 12902.113366037645]
[5, 1, 0.1875, 0.027256783001490394, False, 2, 1, 1298.2907057706889, 1298.2394719968786]
[5, 1, 0.1875, 0.027256783001490394, False, 4, 2, 1289.6975771147513, 1289.5630163426235]
[5, 1, 0.1875, 0.027256783001490394, False, 6, 3, 26523.563449025918, 1257.8933854978568]
[5, 1, 0.1875, 0.027256783001490394, False, 8, 4, 26506.10423090737, 1223.6471728426739]
[6, 1, 0.1875, 0.024881924824899426, False, 2, 1, 1574.1055445071997, 1574.0190934829502]
[6, 1, 0.1875, 0.024881924824899426, False, 4, 2, 1573.0811951424005, 1572.8734818054486]
[6, 1, 0.1875, 0.024881924824899426, False, 6, 3, 26519.489075848804, 1536.7867007596178]
[6, 1, 0.1875, 0.024881924824899426, False, 8, 4, 26500.684339085838, 1494.7624116632107]
[7, 1, 0.1875, 0.023036186123921516, False, 2, 1, 1852.9918586275642, 1852.8558734379146]
[7, 1, 0.1875, 0.023036186123921516, False, 4, 2, 1862.9402757815892, 1862.6340315672246]
[7, 1, 0.1875, 0.023036186123921516, False, 6, 3, 26515.29712928633, 1823.2516574445822]
[7, 1, 0.1875, 0.023036186123921516, False, 8, 4, 26495.109023190813, 1773.298092020263]
[8, 1, 0.1875, 0.021548378993417577, False, 2, 1, 2134.2937313327798, 2134.0906920818243]
[8, 1, 0.1875, 0.021548378993417577, False, 4, 2, 2158.047225824102, 2157.6110780911445]
[8, 1, 0.1875, 0.021548378993417577, False, 6, 3, 26510.950649090584, 2117.0633882482457]
[8, 1, 0.1875, 0.021548378993417577, False, 8, 4, 26489.329221947803, 2059.0651103728665]
[9, 1, 0.1875, 0.020316006546431092, False, 2, 1, 2417.629724167316, 2417.338742881269]
[9, 1, 0.1875, 0.020316006546431092, False, 4, 2, 2458.5155604914075, 2457.9133332800234]
[9, 1, 0.1875, 0.020316006546431092, False, 6, 3, 2418.1612161230587, 2417.378833719361]
[9, 1, 0.1875, 0.020316006546431092, False, 8, 4, 26483.302448614275, 2351.941117336107]
[10, 1, 0.1875, 0.019273456093684076, False, 2, 1, 2702.6298959809874, 2702.2264227228784]
[10, 1, 0.1875, 0.019273456093684076, False, 4, 2, 2765.1163672478906, 2764.308256009015]
[10, 1, 0.1875, 0.019273456093684076, False, 6, 3, 2724.1194546337842, 2723.083590014093]
[10, 1, 0.1875, 0.019273456093684076, False, 8, 4, 26476.98911338464, 2651.835456030065]
[11, 1, 0.1875, 0.01837651935079526, False, 2, 1, 2989.2199128799634, 2988.675718457964]
[11, 1, 0.1875, 0.01837651935079526, False, 4, 2, 3076.9088639261445, 3075.847024167965]
[11, 1, 0.1875, 0.01837651935079526, False, 6, 3, 3036.485519231487, 3035.1444914143112]
[11, 1, 0.1875, 0.01837651935079526, False, 8, 4, 26470.350340817015, 2958.7231577078755]
[12, 1, 0.1875, 0.017594177772660285, False, 2, 1, 3277.2590996576696, 3276.5419850691987]
[12, 1, 0.1875, 0.017594177772660285, False, 4, 2, 3393.719642170343, 3392.3489579167244]
[12, 1, 0.1875, 0.017594177772660285, False, 6, 3, 3355.1732356914167, 3353.4686073457588]
[12, 1, 0.1875, 0.017594177772660285, False, 8, 4, 26463.3465123958, 3272.5973233171026]
[13, 1, 0.1875, 0.01690393922672755, False, 2, 1, 3566.641447030079, 3565.7150277717546]
[13, 1, 0.1875, 0.01690393922672755, False, 4, 2, 3714.476501836579, 3712.730872619539]
[13, 1, 0.1875, 0.01690393922672755, False, 6, 3, 3680.1232657162104, 3677.9893768296224]
[13, 1, 0.1875, 0.01690393922672755, False, 8, 4, 3596.1753518342316, 3593.476777592398]
[14, 1, 0.1875, 0.016289043420900352, False, 2, 1, 3857.2885074181363, 3856.111990128847]
[14, 1, 0.1875, 0.016289043420900352, False, 4, 2, 4039.283730431123, 4037.0882860032943]
[14, 1, 0.1875, 0.016289043420900352, False, 6, 3, 4010.1603824997746, 4007.5208702407654]
[14, 1, 0.1875, 0.016289043420900352, False, 8, 4, 3922.904301592989, 3919.571271784412]
[15, 1, 0.1875, 0.015736711003153693, False, 8, 4, 3922.904301592989, 3919.571271784412]
[16, 1, 0.1875, 0.015237004909823318, False, 8, 4, 3922.904301592989, 3919.571271784412]
[17, 1, 0.1875, 0.01478206603794269, False, 8, 4, 3922.904301592989, 3919.571271784412]
[5, 2, 0.1875, 0.027256783001490394, False, 2, 1, 2262.663944967222, 2262.3762544269684]
[5, 2, 0.1875, 0.027256783001490394, False, 4, 2, 2235.4538066518376, 2234.8673913381326]
[5, 2, 0.1875, 0.027256783001490394, False, 6, 3, 26410.296446960405, 2139.7332165663247]
[5, 2, 0.1875, 0.027256783001490394, False, 8, 4, 26355.77882740243, 2040.3035381176787]
[6, 2, 0.1875, 0.024881924824899426, False, 2, 1, 2715.28909639596, 2714.8163853030837]
[6, 2, 0.1875, 0.024881924824899426, False, 4, 2, 2710.65876848148, 2709.7420706190633]
[6, 2, 0.1875, 0.024881924824899426, False, 6, 3, 26397.550630525384, 2602.209586044408]
[6, 2, 0.1875, 0.024881924824899426, False, 8, 4, 26338.9076434217, 2481.1597185928795]
[7, 2, 0.1875, 0.023036186123921516, False, 2, 1, 3163.753724245071, 3163.0294738316998]
[7, 2, 0.1875, 0.023036186123921516, False, 4, 2, 3190.89112099559, 3189.544201608037]
[7, 2, 0.1875, 0.023036186123921516, False, 6, 3, 26384.45184310097, 3073.086487619983]
[7, 2, 0.1875, 0.023036186123921516, False, 8, 4, 26321.57861857427, 2930.324943686468]
[8, 2, 0.1875, 0.021548378993417577, False, 2, 1, 3606.778843390443, 3605.7255682614714]
[8, 2, 0.1875, 0.021548378993417577, False, 4, 2, 3672.722714926265, 3670.8282071492713]
[8, 2, 0.1875, 0.021548378993417577, False, 6, 3, 26370.886025115586, 3551.7382280711745]
[8, 2, 0.1875, 0.021548378993417577, False, 8, 4, 26303.64173377535, 3387.2838235391137]
[9, 2, 0.1875, 0.020316006546431092, False, 2, 1, 4043.839547793302, 4042.3693750244934]
[9, 2, 0.1875, 0.020316006546431092, False, 4, 2, 4156.628293639792, 4154.055601022622]
[9, 2, 0.1875, 0.020316006546431092, False, 6, 3, 4039.3345659311576, 4035.7190413408534]
[9, 2, 0.1875, 0.020316006546431092, False, 8, 4, 26284.968354610424, 3851.6204851653515]
[10, 2, 0.1875, 0.019273456093684076, False, 2, 1, 4474.403076771372, 4472.417813320106]
[10, 2, 0.1875, 0.019273456093684076, False, 4, 2, 4644.836884467701, 4641.445303872194]
[10, 2, 0.1875, 0.019273456093684076, False, 6, 3, 4526.5841549893385, 4521.842501773009]
[10, 2, 0.1875, 0.019273456093684076, False, 8, 4, 26265.439776363615, 4322.9428126684725]
[11, 2, 0.1875, 0.01837651935079526, False, 2, 1, 4898.714136005869, 4896.106454916543]
[11, 2, 0.1875, 0.01837651935079526, False, 4, 2, 5134.611642033855, 5130.242431869174]
[11, 2, 0.1875, 0.01837651935079526, False, 6, 3, 5018.777363204497, 5012.711232425982]
[11, 2, 0.1875, 0.01837651935079526, False, 8, 4, 26244.940496122344, 4800.9860327103315]
[12, 2, 0.1875, 0.017594177772660285, False, 2, 1, 5316.226245513292, 5313.4321132374325]
[12, 2, 0.1875, 0.017594177772660285, False, 4, 2, 5625.416864978491, 5619.8960089813445]
[12, 2, 0.1875, 0.017594177772660285, False, 6, 3, 5516.095867028613, 5507.886872201178]
[12, 2, 0.1875, 0.017594177772660285, False, 8, 4, 26223.353794627794, 5285.49022842339]
[13, 2, 0.1875, 0.01690393922672755, False, 2, 1, 5727.922298012245, 5724.44604192861]
[13, 2, 0.1875, 0.01690393922672755, False, 4, 2, 6114.253711355633, 6107.3871666130835]
[13, 2, 0.1875, 0.01690393922672755, False, 6, 3, 6017.111447398925, 6006.973632240668]
[13, 2, 0.1875, 0.01690393922672755, False, 8, 4, 5789.669468291404, 5776.22583811532]
[14, 2, 0.1875, 0.016289043420900352, False, 2, 1, 6133.489012051461, 6129.237132866603]
[14, 2, 0.1875, 0.016289043420900352, False, 4, 2, 6601.405002714496, 6592.984423735807]
[14, 2, 0.1875, 0.016289043420900352, False, 6, 3, 6518.944749435376, 6506.576671582112]
[14, 2, 0.1875, 0.016289043420900352, False, 8, 4, 6283.862266668233, 6268.24311604148]
[15, 2, 0.1875, 0.015736711003153693, False, 8, 4, 6283.862266668233, 6268.24311604148]
[16, 2, 0.1875, 0.015237004909823318, False, 8, 4, 6283.862266668233, 6268.24311604148]
[17, 2, 0.1875, 0.01478206603794269, False, 8, 4, 6283.862266668233, 6268.24311604148]
[5, 3, 0.1875, 0.027256783001490394, False, 2, 1, 3231.356382715309, 3230.467270794768]
[5, 3, 0.1875, 0.027256783001490394, False, 4, 2, 3173.544222600763, 3171.8588850169854]
[5, 3, 0.1875, 0.027256783001490394, False, 6, 3, 26204.561357644234, 2980.1395128248932]
[5, 3, 0.1875, 0.027256783001490394, False, 8, 4, 26084.544629913245, 2786.5623673576306]
[6, 3, 0.1875, 0.024881924824899426, False, 2, 1, 3838.166218227553, 3836.745594299351]
[6, 3, 0.1875, 0.024881924824899426, False, 4, 2, 3825.618129039519, 3823.017860328909]
[6, 3, 0.1875, 0.024881924824899426, False, 6, 3, 26176.41047102242, 3608.0350643718452]
[6, 3, 0.1875, 0.024881924824899426, False, 8, 4, 26047.61030385811, 3374.1730233576986]
[7, 3, 0.1875, 0.023036186123921516, False, 2, 1, 4427.471637799794, 4425.35361104674]
[7, 3, 0.1875, 0.023036186123921516, False, 4, 2, 4476.725338151511, 4472.961603541646]
[7, 3, 0.1875, 0.023036186123921516, False, 6, 3, 26147.538603876583, 4241.867735280881]
[7, 3, 0.1875, 0.023036186123921516, False, 8, 4, 26008.830486449246, 3968.08845835785]
[8, 3, 0.1875, 0.021548378993417577, False, 2, 1, 4997.466785903134, 4994.984155947752]
[8, 3, 0.1875, 0.021548378993417577, False, 4, 2, 5120.581987039104, 5115.376553055823]
[8, 3, 0.1875, 0.021548378993417577, False, 6, 3, 26117.69965923956, 4880.592733171571]
[8, 3, 0.1875, 0.021548378993417577, False, 8, 4, 25967.006757562554, 4567.3843347270085]
[9, 3, 0.1875, 0.020316006546431092, False, 2, 1, 5549.069710327119, 5545.737210570636]
[9, 3, 0.1875, 0.020316006546431092, False, 4, 2, 5758.620602420212, 5751.674461578232]
[9, 3, 0.1875, 0.020316006546431092, False, 6, 3, 5530.423737495717, 5519.685812110671]
[9, 3, 0.1875, 0.020316006546431092, False, 8, 4, 25923.602731236744, 5171.435042437362]
[10, 3, 0.1875, 0.019273456093684076, False, 2, 1, 6081.938774510023, 6077.6107251898575]
[10, 3, 0.1875, 0.019273456093684076, False, 4, 2, 6395.465484798706, 6386.463552328637]
[10, 3, 0.1875, 0.019273456093684076, False, 6, 3, 6167.162518463974, 6153.343766763695]
[10, 3, 0.1875, 0.019273456093684076, False, 8, 4, 25878.359364114385, 5779.532136425827]
[11, 3, 0.1875, 0.01837651935079526, False, 2, 1, 6597.428189615251, 6591.9578963256645]
[11, 3, 0.1875, 0.01837651935079526, False, 4, 2, 7026.13552096813, 7014.738672885427]
[11, 3, 0.1875, 0.01837651935079526, False, 6, 3, 6804.018387725985, 6786.6063835930745]
[11, 3, 0.1875, 0.01837651935079526, False, 8, 4, 25831.029213927777, 6391.170866507291]
[12, 3, 0.1875, 0.017594177772660285, False, 2, 1, 7096.325291373954, 7089.566202584566]
[12, 3, 0.1875, 0.017594177772660285, False, 4, 2, 7649.92781985634, 7635.7782882848605]
[12, 3, 0.1875, 0.017594177772660285, False, 6, 3, 7440.043088630436, 7418.490555574913]
[12, 3, 0.1875, 0.017594177772660285, False, 8, 4, 25781.366491368106, 7005.832339036934]
[13, 3, 0.1875, 0.01690393922672755, False, 2, 1, 7579.424349888854, 7571.23120047633]
[13, 3, 0.1875, 0.01690393922672755, False, 4, 2, 8262.583357327012, 8244.349057228048]
[13, 3, 0.1875, 0.01690393922672755, False, 6, 3, 8074.824243572739, 8048.546295768381]
[13, 3, 0.1875, 0.01690393922672755, False, 8, 4, 7655.359092599305, 7623.034500826223]
[14, 3, 0.1875, 0.016289043420900352, False, 2, 1, 8047.504807557677, 8037.73449243531]
[14, 3, 0.1875, 0.016289043420900352, False, 4, 2, 8863.425858039387, 8841.391454651255]
[14, 3, 0.1875, 0.016289043420900352, False, 6, 3, 8701.498936564292, 8670.743928272535]
[14, 3, 0.1875, 0.016289043420900352, False, 8, 4, 8272.781631159425, 8234.047099101497]
[15, 3, 0.1875, 0.015736711003153693, False, 8, 4, 8272.781631159425, 8234.047099101497]
[16, 3, 0.1875, 0.015237004909823318, False, 8, 4, 8272.781631159425, 8234.047099101497]
[17, 3, 0.1875, 0.01478206603794269, False, 8, 4, 8272.781631159425, 8234.047099101497]
[5, 4, 0.1875, 0.027256783001490394, False, 2, 1, 4140.199558434178, 4138.221797303657]
[5, 4, 0.1875, 0.027256783001490394, False, 4, 2, 4041.270079362831, 4037.7974727326064]
[5, 4, 0.1875, 0.027256783001490394, False, 6, 3, 25879.11621008665, 3726.2669784502423]
[5, 4, 0.1875, 0.027256783001490394, False, 8, 4, 25648.008395254143, 3421.7591966235955]
[6, 4, 0.1875, 0.024881924824899426, False, 2, 1, 4870.208946617796, 4867.716026397213]
[6, 4, 0.1875, 0.024881924824899426, False, 4, 2, 4844.920373716443, 4839.618265902025]
[6, 4, 0.1875, 0.024881924824899426, False, 6, 3, 25824.605674873015, 4492.567866559737]
[6, 4, 0.1875, 0.024881924824899426, False, 8, 4, 25577.556160801745, 4127.23859941733]
[7, 4, 0.1875, 0.023036186123921516, False, 2, 1, 5566.4123208206565, 5562.835299325594]
[7, 4, 0.1875, 0.023036186123921516, False, 4, 2, 5638.432272030913, 5630.855734962496]
[7, 4, 0.1875, 0.023036186123921516, False, 6, 3, 25768.892667569555, 5259.957045261118]
[7, 4, 0.1875, 0.023036186123921516, False, 8, 4, 25505.704705527693, 4835.252898910947]
[8, 4, 0.1875, 0.021548378993417577, False, 2, 1, 6228.024047283551, 6223.1501966488995]
[8, 4, 0.1875, 0.021548378993417577, False, 4, 2, 6413.152876996072, 6402.0845383308]
[8, 4, 0.1875, 0.021548378993417577, False, 6, 3, 6042.653507121914, 6027.075677817356]
[8, 4, 0.1875, 0.021548378993417577, False, 8, 4, 25431.87252973133, 5544.724973359371]
[9, 4, 0.1875, 0.020316006546431092, False, 2, 1, 6856.667211228102, 6850.288097821625]
[9, 4, 0.1875, 0.020316006546431092, False, 4, 2, 7170.877229588327, 7156.302019045801]
[9, 4, 0.1875, 0.020316006546431092, False, 6, 3, 6807.643677087273, 6787.238862984378]
[9, 4, 0.1875, 0.020316006546431092, False, 8, 4, 25355.583752094746, 6254.730206248203]
[10, 4, 0.1875, 0.019273456093684076, False, 2, 1, 7453.61369781704, 7445.528484468113]
[10, 4, 0.1875, 0.019273456093684076, False, 4, 2, 7919.994860435862, 7901.338439969254]
[10, 4, 0.1875, 0.019273456093684076, False, 6, 3, 7557.988933264057, 7532.0020828699635]
[10, 4, 0.1875, 0.019273456093684076, False, 8, 4, 25276.419384748413, 6964.328444753206]
[11, 4, 0.1875, 0.01837651935079526, False, 2, 1, 8021.992446506964, 8012.009781574439]
[11, 4, 0.1875, 0.01837651935079526, False, 4, 2, 8653.272345945205, 8629.930211897225]
[11, 4, 0.1875, 0.01837651935079526, False, 6, 3, 8301.768709059983, 8269.396523259009]
[11, 4, 0.1875, 0.01837651935079526, False, 8, 4, 25193.98970361901, 7672.862676933049]
[12, 4, 0.1875, 0.017594177772660285, False, 2, 1, 8563.869318120853, 8551.808278088542]
[12, 4, 0.1875, 0.017594177772660285, False, 4, 2, 9370.173140808514, 9341.520265837955]
[12, 4, 0.1875, 0.017594177772660285, False, 6, 3, 9038.158551327166, 8998.563750737632]
[12, 4, 0.1875, 0.017594177772660285, False, 8, 4, 8428.23762153752, 8379.64150229846]
[13, 4, 0.1875, 0.01690393922672755, False, 2, 1, 9081.166882535277, 9066.857434042035]
[13, 4, 0.1875, 0.01690393922672755, False, 4, 2, 10063.45425448244, 10028.846358226394]
[13, 4, 0.1875, 0.01690393922672755, False, 6, 3, 9766.435454666207, 9718.749443088316]
[13, 4, 0.1875, 0.01690393922672755, False, 8, 4, 9142.526261981795, 9084.018303734658]
[14, 4, 0.1875, 0.016289043420900352, False, 2, 1, 9575.655448132955, 9558.938472537347]
[14, 4, 0.1875, 0.016289043420900352, False, 4, 2, 10735.2168247963, 10694.000806942266]
[14, 4, 0.1875, 0.016289043420900352, False, 6, 3, 10478.070386186979, 10421.406607894589]
[14, 4, 0.1875, 0.016289043420900352, False, 8, 4, 9843.092646922836, 9773.619061197245]
[15, 4, 0.1875, 0.015736711003153693, False, 8, 4, 9843.092646922836, 9773.619061197245]
[16, 4, 0.1875, 0.015237004909823318, False, 8, 4, 9843.092646922836, 9773.619061197245]
[17, 4, 0.1875, 0.01478206603794269, False, 8, 4, 9843.092646922836, 9773.619061197245]
[5, 5, 0.1875, 0.027256783001490394, False, 2, 1, 4959.954518286378, 4957.132501451305]
[5, 5, 0.1875, 0.027256783001490394, False, 4, 2, 4812.457540744661, 4805.867170735617]
[5, 5, 0.1875, 0.027256783001490394, False, 6, 3, 25413.917656888654, 4363.126256347154]
[5, 5, 0.1875, 0.027256783001490394, False, 8, 4, 25051.5048832905, 3943.840478527623]
[6, 5, 0.1875, 0.024881924824899426, False, 2, 1, 5784.778374285752, 5780.546323213107]
[6, 5, 0.1875, 0.024881924824899426, False, 4, 2, 5740.664693806615, 5730.822430572865]
[6, 5, 0.1875, 0.024881924824899426, False, 6, 3, 25327.85067365624, 5241.009652469237]
[6, 5, 0.1875, 0.024881924824899426, False, 8, 4, 24942.296880008562, 4741.082270147485]
[7, 5, 0.1875, 0.023036186123921516, False, 2, 1, 6558.095832368237, 6552.1667567170025]
[7, 5, 0.1875, 0.023036186123921516, False, 4, 2, 6647.928308114189, 6634.082786127357]
[7, 5, 0.1875, 0.023036186123921516, False, 6, 3, 25240.262017037778, 6113.941315587732]
[7, 5, 0.1875, 0.023036186123921516, False, 8, 4, 24831.516898861868, 5536.2504152059555]
[8, 5, 0.1875, 0.021548378993417577, False, 2, 1, 7281.119038623054, 7273.222021714229]
[8, 5, 0.1875, 0.021548378993417577, False, 4, 2, 7522.275885724382, 7503.644743706868]
[8, 5, 0.1875, 0.021548378993417577, False, 6, 3, 7005.659951044391, 6980.3998756466]
[8, 5, 0.1875, 0.021548378993417577, False, 8, 4, 24718.30207807518, 6328.140906024457]
[9, 5, 0.1875, 0.020316006546431092, False, 2, 1, 7957.62948520858, 7947.51412378639]
[9, 5, 0.1875, 0.020316006546431092, False, 4, 2, 8368.894627000707, 8344.679361766495]
[9, 5, 0.1875, 0.020316006546431092, False, 6, 3, 7864.541907957232, 7831.712316690273]
[9, 5, 0.1875, 0.020316006546431092, False, 8, 4, 24601.969789133258, 7115.7190930602055]
[10, 5, 0.1875, 0.019273456093684076, False, 2, 1, 8590.64069599075, 8578.079712119868]
[10, 5, 0.1875, 0.019273456093684076, False, 4, 2, 9199.027578437295, 9168.414451940534]
[10, 5, 0.1875, 0.019273456093684076, False, 6, 3, 8699.472942097158, 8657.073347928548]
[10, 5, 0.1875, 0.019273456093684076, False, 8, 4, 24481.940036394022, 7897.911115797717]
[11, 5, 0.1875, 0.01837651935079526, False, 2, 1, 9185.117131322966, 9169.904656022116]
[11, 5, 0.1875, 0.01837651935079526, False, 4, 2, 10003.395128872116, 9965.558839724767]
[11, 5, 0.1875, 0.01837651935079526, False, 6, 3, 9520.02286597697, 9467.661713434587]
[11, 5, 0.1875, 0.01837651935079526, False, 8, 4, 24357.692082464946, 8673.998568852443]
[12, 5, 0.1875, 0.017594177772660285, False, 2, 1, 9744.821912913878, 9726.773148617956]
[12, 5, 0.1875, 0.017594177772660285, False, 4, 2, 10781.900004987214, 10736.011051511769]
[12, 5, 0.1875, 0.017594177772660285, False, 6, 3, 10326.178112793756, 10262.667339023523]
[12, 5, 0.1875, 0.017594177772660285, False, 8, 4, 9519.284914589587, 9443.207476817395]
[13, 5, 0.1875, 0.01690393922672755, False, 2, 1, 10274.156193681893, 10251.883430309448]
[13, 5, 0.1875, 0.01690393922672755, False, 4, 2, 11524.395830935453, 11470.847386692521]
[13, 5, 0.1875, 0.01690393922672755, False, 6, 3, 11117.283482386645, 11041.410531505488]
[13, 5, 0.1875, 0.01690393922672755, False, 8, 4, 10296.086023274283, 10205.165750195325]
[14, 5, 0.1875, 0.016289043420900352, False, 2, 1, 10773.799639196683, 10748.066304879816]
[14, 5, 0.1875, 0.016289043420900352, False, 4, 2, 12236.485130406325, 12173.598498802017]
[14, 5, 0.1875, 0.016289043420900352, False, 6, 3, 11882.622568759118, 11793.186508048895]
[14, 5, 0.1875, 0.016289043420900352, False, 8, 4, 11052.974012041654, 10945.735251592769]
[15, 5, 0.1875, 0.015736711003153693, False, 8, 4, 11052.974012041654, 10945.735251592769]
[16, 5, 0.1875, 0.015237004909823318, False, 8, 4, 11052.974012041654, 10945.735251592769]
[17, 5, 0.1875, 0.01478206603794269, False, 8, 4, 11052.974012041654, 10945.735251592769]
[5, 6, 0.1875, 0.027256783001490394, False, 2, 1, 5683.346840397589, 5679.046073621265]
[5, 6, 0.1875, 0.027256783001490394, False, 4, 2, 5481.281770511908, 5471.1436404804845]
[5, 6, 0.1875, 0.027256783001490394, False, 6, 3, 24823.24580723829, 4895.879939399791]
[5, 6, 0.1875, 0.027256783001490394, False, 8, 4, 24308.92224188702, 4365.762494070167]
[6, 6, 0.1875, 0.024881924824899426, False, 2, 1, 6577.794014901292, 6571.485856545531]
[6, 6, 0.1875, 0.024881924824899426, False, 4, 2, 6509.698383874697, 6494.737940315625]
[6, 6, 0.1875, 0.024881924824899426, False, 6, 3, 24700.09265044779, 5861.897042721283]
[6, 6, 0.1875, 0.024881924824899426, False, 8, 4, 24156.077558221627, 5233.223771865136]
[7, 6, 0.1875, 0.023036186123921516, False, 2, 1, 7404.219845031346, 7395.562417108176]
[7, 6, 0.1875, 0.023036186123921516, False, 4, 2, 7505.942758048323, 7485.135350660628]
[7, 6, 0.1875, 0.023036186123921516, False, 6, 3, 24575.41495521076, 6816.479076299934]
[7, 6, 0.1875, 0.023036186123921516, False, 8, 4, 24014.88375999126, 6094.687310746714]
[8, 6, 0.1875, 0.021548378993417577, False, 2, 1, 8165.981903950676, 8154.671025508774]
[8, 6, 0.1875, 0.021548378993417577, False, 4, 2, 8455.716618787856, 8428.03586989549]
[8, 6, 0.1875, 0.021548378993417577, False, 6, 3, 7795.874030993052, 7758.075907497955]
[8, 6, 0.1875, 0.021548378993417577, False, 8, 4, 23875.253384560558, 6948.590389392941]
[9, 6, 0.1875, 0.020316006546431092, False, 2, 1, 8869.344990157659, 8855.114848422822]
[9, 6, 0.1875, 0.020316006546431092, False, 4, 2, 9366.640353145334, 9331.063159112156]
[9, 6, 0.1875, 0.020316006546431092, False, 6, 3, 8724.929769521754, 8676.302654010038]
[9, 6, 0.1875, 0.020316006546431092, False, 8, 4, 23732.400756707102, 7793.64152067057]
[10, 6, 0.1875, 0.019273456093684076, False, 2, 1, 9519.252094776819, 9501.875267046078]
[10, 6, 0.1875, 0.019273456093684076, False, 4, 2, 10252.407892725138, 10209.022968879643]
[10, 6, 0.1875, 0.019273456093684076, False, 6, 3, 9619.283248899399, 9558.384085488697]
[10, 6, 0.1875, 0.019273456093684076, False, 8, 4, 23585.658506300548, 8628.722147086697]
[11, 6, 0.1875, 0.01837651935079526, False, 2, 1, 10124.285941535121, 10102.343324665255]
[11, 6, 0.1875, 0.01837651935079526, False, 4, 2, 11103.888701494576, 11050.902489793683]
[11, 6, 0.1875, 0.01837651935079526, False, 6, 3, 10494.268009652562, 10419.617706584904]
[11, 6, 0.1875, 0.01837651935079526, False, 8, 4, 23434.44394404115, 9453.131546107425]
[12, 6, 0.1875, 0.017594177772660285, False, 2, 1, 10687.341500191544, 10661.543449748706]
[12, 6, 0.1875, 0.017594177772660285, False, 4, 2, 11920.748178496819, 11857.238059419013]
[12, 6, 0.1875, 0.017594177772660285, False, 6, 3, 11349.384519626015, 11259.497167983702]
[12, 6, 0.1875, 0.017594177772660285, False, 8, 4, 10370.528047108497, 10266.093125577867]
[13, 6, 0.1875, 0.01690393922672755, False, 2, 1, 11213.68121077046, 11183.8361275481]
[13, 6, 0.1875, 0.01690393922672755, False, 4, 2, 12692.705765343322, 12617.822934430456]
[13, 6, 0.1875, 0.01690393922672755, False, 6, 3, 12182.026701966082, 12076.703852832563]
[13, 6, 0.1875, 0.01690393922672755, False, 8, 4, 11191.084392081311, 11066.885665617821]
[14, 6, 0.1875, 0.016289043420900352, False, 2, 1, 11707.06080611641, 11672.998882752892]
[14, 6, 0.1875, 0.016289043420900352, False, 4, 2, 13424.786056198358, 13337.717617650953]
[14, 6, 0.1875, 0.016289043420900352, False, 6, 3, 12981.932804237775, 12858.7836267952]
[15, 6, 0.1875, 0.015736711003153693, False, 8, 4, 12981.932804237775, 12858.7836267952]
[16, 6, 0.1875, 0.015237004909823318, False, 8, 4, 12981.932804237775, 12858.7836267952]
[17, 6, 0.1875, 0.01478206603794269, False, 8, 4, 12981.932804237775, 12858.7836267952]
[5, 7, 0.1875, 0.027256783001490394, False, 2, 1, 6311.98141772189, 6306.0033052708295]
[5, 7, 0.1875, 0.027256783001490394, False, 4, 2, 6053.923956498741, 6039.662733164506]
[5, 7, 0.1875, 0.027256783001490394, False, 6, 3, 24118.222352647867, 5336.69221146282]
[5, 7, 0.1875, 0.027256783001490394, False, 8, 4, 23514.10918860023, 4707.9315357649275]
[6, 7, 0.1875, 0.024881924824899426, False, 2, 1, 7256.751395479304, 7248.149080758589]
[6, 7, 0.1875, 0.024881924824899426, False, 4, 2, 7161.914419267596, 7141.089731718679]
[6, 7, 0.1875, 0.024881924824899426, False, 6, 3, 23972.724484656384, 6372.854844651015]
[6, 7, 0.1875, 0.024881924824899426, False, 8, 4, 23336.329055349473, 5630.653419698081]
[7, 7, 0.1875, 0.023036186123921516, False, 2, 1, 8118.702748958135, 8107.101382078237]
[7, 7, 0.1875, 0.023036186123921516, False, 4, 2, 8225.952369089686, 8198.115779757083]
[7, 7, 0.1875, 0.023036186123921516, False, 6, 3, 23825.973499870444, 7391.551630552426]
[7, 7, 0.1875, 0.023036186123921516, False, 8, 4, 23157.912072816143, 6542.189407776151]
[8, 7, 0.1875, 0.021548378993417577, False, 2, 1, 8903.557617730417, 8888.642527378313]
[8, 7, 0.1875, 0.021548378993417577, False, 4, 2, 9231.229835278104, 9194.593739937116]
[8, 7, 0.1875, 0.021548378993417577, False, 6, 3, 8441.25348613416, 8391.306213549049]
[8, 7, 0.1875, 0.021548378993417577, False, 8, 4, 22977.521314291334, 7441.317641058863]
[9, 7, 0.1875, 0.020316006546431092, False, 2, 1, 9621.171869042015, 9601.626969615754]
[9, 7, 0.1875, 0.020316006546431092, False, 4, 2, 10187.2882442011, 10140.712362152819]
[9, 7, 0.1875, 0.020316006546431092, False, 6, 3, 9424.236505603021, 9360.3068113105]
[9, 7, 0.1875, 0.020316006546431092, False, 8, 4, 22794.15989544401, 8327.000698531461]
[10, 7, 0.1875, 0.019273456093684076, False, 2, 1, 10276.627298169306, 10252.950232221454]
[10, 7, 0.1875, 0.019273456093684076, False, 4, 2, 11112.380911219116, 11054.712124231632]
[10, 7, 0.1875, 0.019273456093684076, False, 6, 3, 10363.723188875114, 10284.170797630693]
[10, 7, 0.1875, 0.019273456093684076, False, 8, 4, 22607.034751718274, 9198.114269517879]
[11, 7, 0.1875, 0.01837651935079526, False, 2, 1, 10880.034248297121, 10851.996406772632]
[11, 7, 0.1875, 0.01837651935079526, False, 4, 2, 11994.331926162145, 11924.499844888822]
[11, 7, 0.1875, 0.01837651935079526, False, 6, 3, 11276.862238355532, 11179.978831836126]
[11, 7, 0.1875, 0.01837651935079526, False, 8, 4, 10167.370283877468, 10054.001192207312]
[12, 7, 0.1875, 0.017594177772660285, False, 2, 1, 11437.693271841415, 11405.100163421834]
[12, 7, 0.1875, 0.017594177772660285, False, 4, 2, 12836.024828715565, 12753.017810122872]
[12, 7, 0.1875, 0.017594177772660285, False, 6, 3, 12163.239070810843, 12047.334659443279]
[12, 7, 0.1875, 0.017594177772660285, False, 8, 4, 11028.741968913073, 10892.489917604835]
[13, 7, 0.1875, 0.01690393922672755, False, 2, 1, 11954.953853120896, 11917.639738806742]
[13, 7, 0.1875, 0.01690393922672755, False, 4, 2, 13624.460613988527, 13527.394060420254]
[13, 7, 0.1875, 0.01690393922672755, False, 6, 3, 13022.587675058217, 12885.993811278278]
[13, 7, 0.1875, 0.01690393922672755, False, 8, 4, 11869.245797987127, 11707.76264274181]
[14, 7, 0.1875, 0.016289043420900352, False, 2, 1, 12436.360530492515, 12394.183646812735]
[14, 7, 0.1875, 0.016289043420900352, False, 4, 2, 14366.120901900387, 14254.161559524502]
[14, 7, 0.1875, 0.016289043420900352, False, 6, 3, 13840.901598389864, 13682.118548375798]
[15, 7, 0.1875, 0.015736711003153693, False, 8, 4, 13840.901598389864, 13682.118548375798]
[16, 7, 0.1875, 0.015237004909823318, False, 8, 4, 13840.901598389864, 13682.118548375798]
[17, 7, 0.1875, 0.01478206603794269, False, 8, 4, 13840.901598389864, 13682.118548375798]
[5, 8, 0.1875, 0.027256783001490394, False, 2, 1, 6854.678552358723, 6846.896250769213]
[5, 8, 0.1875, 0.027256783001490394, False, 4, 2, 6539.641743878543, 6521.596349436932]
[5, 8, 0.1875, 0.027256783001490394, False, 6, 3, 23401.116365073998, 5704.887972093937]
[5, 8, 0.1875, 0.027256783001490394, False, 8, 4, 22646.288912042288, 4984.038265459845]
[6, 8, 0.1875, 0.024881924824899426, False, 2, 1, 7835.014722268964, 7823.997604866671]
[6, 8, 0.1875, 0.024881924824899426, False, 4, 2, 7710.181274544271, 7683.989983734496]
[6, 8, 0.1875, 0.024881924824899426, False, 6, 3, 23217.64820899854, 6795.707107574695]
[6, 8, 0.1875, 0.024881924824899426, False, 8, 4, 22427.53698084051, 5948.234613996952]
[7, 8, 0.1875, 0.023036186123921516, False, 2, 1, 8719.650699604974, 8705.009468183487]
[7, 8, 0.1875, 0.023036186123921516, False, 4, 2, 8828.922983438892, 8793.133474855915]
[7, 8, 0.1875, 0.023036186123921516, False, 6, 3, 23033.689857998812, 7862.951178223603]
[7, 8, 0.1875, 0.023036186123921516, False, 8, 4, 22195.308610735177, 6895.870479499443]
[8, 8, 0.1875, 0.021548378993417577, False, 2, 1, 9517.799181407843, 9498.125139062035]
[8, 8, 0.1875, 0.021548378993417577, False, 4, 2, 9876.895881585271, 9830.178080973767]
[8, 8, 0.1875, 0.021548378993417577, False, 6, 3, 8968.320856375149, 8905.27598186573]
[8, 8, 0.1875, 0.021548378993417577, False, 8, 4, 21913.958643543137, 7822.506257664301]
[9, 8, 0.1875, 0.020316006546431092, False, 2, 1, 10238.871759966403, 10214.638705938367]
[9, 8, 0.1875, 0.020316006546431092, False, 4, 2, 10866.73560465909, 10807.814671235838]
[9, 8, 0.1875, 0.020316006546431092, False, 6, 3, 9990.029228662006, 9909.702019310373]
[9, 8, 0.1875, 0.020316006546431092, False, 8, 4, 21632.099085932696, 8730.14641362516]
[10, 8, 0.1875, 0.019273456093684076, False, 2, 1, 10892.254405895996, 10863.217710897701]
[10, 8, 0.1875, 0.019273456093684076, False, 4, 2, 11819.873153787588, 11747.4553185646]
[10, 8, 0.1875, 0.019273456093684076, False, 6, 3, 10960.057042216707, 10860.590354257449]
[10, 8, 0.1875, 0.019273456093684076, False, 8, 4, 9731.769860674905, 9617.662053553682]
[11, 8, 0.1875, 0.01837651935079526, False, 2, 1, 11489.057562245007, 11455.014410999845]
[11, 8, 0.1875, 0.01837651935079526, False, 4, 2, 12722.58000967513, 12635.506715272371]
[11, 8, 0.1875, 0.01837651935079526, False, 6, 3, 11898.12623379788, 11777.569025847723]
[11, 8, 0.1875, 0.01837651935079526, False, 8, 4, 10623.77332605611, 10484.423677070372]
[12, 8, 0.1875, 0.017594177772660285, False, 2, 1, 12036.700209073439, 11997.484915118011]
[12, 8, 0.1875, 0.017594177772660285, False, 4, 2, 13576.763271557295, 13473.952049652851]
[12, 8, 0.1875, 0.017594177772660285, False, 6, 3, 12797.310143481303, 12652.350835814113]
[12, 8, 0.1875, 0.017594177772660285, False, 8, 4, 11496.823595313617, 11329.6801929418]
[13, 8, 0.1875, 0.01690393922672755, False, 2, 1, 12541.373248462933, 12496.84996683637]
[13, 8, 0.1875, 0.01690393922672755, False, 4, 2, 14371.845329878983, 14250.901073468609]
[13, 8, 0.1875, 0.01690393922672755, False, 6, 3, 13661.527956585036, 13491.29786125901]
[13, 8, 0.1875, 0.01690393922672755, False, 8, 4, 12350.285603998916, 12152.730444244118]
[14, 8, 0.1875, 0.016289043420900352, False, 2, 1, 13008.254786941105, 12958.311399808455]
[14, 8, 0.1875, 0.016289043420900352, False, 4, 2, 15113.008989780104, 14974.271700803403]
[14, 8, 0.1875, 0.016289043420900352, False, 6, 3, 14477.25151916366, 14280.058344829778]
[15, 8, 0.1875, 0.015736711003153693, False, 8, 4, 14477.25151916366, 14280.058344829778]
[16, 8, 0.1875, 0.015237004909823318, False, 8, 4, 14477.25151916366, 14280.058344829778]
[17, 8, 0.1875, 0.01478206603794269, False, 8, 4, 14477.25151916366, 14280.058344829778]
[5, 9, 0.1875, 0.027256783001490394, False, 2, 1, 7321.23206684174, 7311.574130684299]
[5, 9, 0.1875, 0.027256783001490394, False, 4, 2, 6955.373332335228, 6932.878899509706]
[5, 9, 0.1875, 0.027256783001490394, False, 6, 3, 22610.132287903667, 6008.670810891881]
[5, 9, 0.1875, 0.027256783001490394, False, 8, 4, 21559.511219765373, 5198.928648853205]
[6, 9, 0.1875, 0.024881924824899426, False, 2, 1, 8326.089301819926, 8312.60496672496]
[6, 9, 0.1875, 0.024881924824899426, False, 4, 2, 8177.352955740902, 8144.931963602037]
[6, 9, 0.1875, 0.024881924824899426, False, 6, 3, 22389.80575454046, 7141.928492314232]
[6, 9, 0.1875, 0.024881924824899426, False, 8, 4, 21236.310744599148, 6188.816470487431]
[7, 9, 0.1875, 0.023036186123921516, False, 2, 1, 9225.301133766889, 9206.536826139547]
[7, 9, 0.1875, 0.023036186123921516, False, 4, 2, 9336.86724861907, 9292.861285284307]
[7, 9, 0.1875, 0.023036186123921516, False, 6, 3, 8302.578382351003, 8243.582586089311]
[7, 9, 0.1875, 0.023036186123921516, False, 8, 4, 20919.096041146542, 7157.735516173838]
[8, 9, 0.1875, 0.021548378993417577, False, 2, 1, 10027.550012853204, 10003.871635436797]
[8, 9, 0.1875, 0.021548378993417577, False, 4, 2, 10414.989158888342, 10357.934764202162]
[8, 9, 0.1875, 0.021548378993417577, False, 6, 3, 9387.726725716697, 9310.241091760015]
[8, 9, 0.1875, 0.021548378993417577, False, 8, 4, 20605.305723215795, 8104.5554372142815]
[9, 9, 0.1875, 0.020316006546431092, False, 2, 1, 10747.020810365837, 10718.143853643387]
[9, 9, 0.1875, 0.020316006546431092, False, 4, 2, 11426.759479496131, 11355.269823365072]
[9, 9, 0.1875, 0.020316006546431092, False, 6, 3, 10429.393989394128, 10331.005442004405]
[9, 9, 0.1875, 0.020316006546431092, False, 8, 4, 20293.160911592196, 9028.317642297465]
[10, 9, 0.1875, 0.019273456093684076, False, 2, 1, 11393.892870774696, 11359.601540882824]
[10, 9, 0.1875, 0.019273456093684076, False, 4, 2, 12396.503691462254, 12309.159154189947]
[10, 9, 0.1875, 0.019273456093684076, False, 6, 3, 11410.858147349121, 11289.405081371633]
[10, 9, 0.1875, 0.019273456093684076, False, 8, 4, 10066.28839394269, 9927.928774380805]
[11, 9, 0.1875, 0.01837651935079526, False, 2, 1, 11980.800078412698, 11940.921461763612]
[11, 9, 0.1875, 0.01837651935079526, False, 4, 2, 13310.902327019952, 13205.081588323032]
[11, 9, 0.1875, 0.01837651935079526, False, 6, 3, 12354.047332299126, 12207.264216830594]
[11, 9, 0.1875, 0.01837651935079526, False, 8, 4, 10971.223235538597, 10802.821971169698]
[12, 9, 0.1875, 0.017594177772660285, False, 2, 1, 12516.545355169046, 12470.947098078243]
[12, 9, 0.1875, 0.017594177772660285, False, 4, 2, 14170.097187418034, 14045.735266600452]
[12, 9, 0.1875, 0.017594177772660285, False, 6, 3, 13259.060164269002, 13084.749984210815]
[12, 9, 0.1875, 0.017594177772660285, False, 8, 4, 11853.755940876561, 11652.291966521425]
[13, 9, 0.1875, 0.01690393922672755, False, 2, 1, 13008.833477129301, 12957.419909923476]
[13, 9, 0.1875, 0.01690393922672755, False, 4, 2, 14959.58933669703, 14815.736614443695]
[13, 9, 0.1875, 0.01690393922672755, False, 6, 3, 14126.124799134488, 13922.163744688061]
[13, 9, 0.1875, 0.01690393922672755, False, 8, 4, 12715.098330871333, 12477.618214669163]
[14, 9, 0.1875, 0.016289043420900352, False, 2, 1, 13462.153172560145, 13404.844561333455]
[14, 9, 0.1875, 0.016289043420900352, False, 4, 2, 15684.071069432, 15519.789107354018]
[14, 9, 0.1875, 0.016289043420900352, False, 6, 3, 14939.424863158109, 14704.026755582143]
[15, 9, 0.1875, 0.015736711003153693, False, 8, 4, 14939.424863158109, 14704.026755582143]
[16, 9, 0.1875, 0.015237004909823318, False, 8, 4, 14939.424863158109, 14704.026755582143]
[17, 9, 0.1875, 0.01478206603794269, False, 8, 4, 14939.424863158109, 14704.026755582143]
[5, 1, 0.20125000000000004, 0.027256783001490394, False, 2, 1, 1257.107595464553, 1257.0611666902712]
[5, 1, 0.20125000000000004, 0.027256783001490394, False, 4, 2, 1248.6658021955109, 1248.544232821218]
[5, 1, 0.20125000000000004, 0.027256783001490394, False, 6, 3, 26530.00079201538, 1219.4960727311761]
[5, 1, 0.20125000000000004, 0.027256783001490394, False, 8, 4, 26514.669346923434, 1187.9241623163534]
[6, 1, 0.20125000000000004, 0.024881924824899426, False, 2, 1, 1525.9256183314162, 1525.8470275156426]
[6, 1, 0.20125000000000004, 0.024881924824899426, False, 4, 2, 1523.9211655399047, 1523.7330907532453]
[6, 1, 0.20125000000000004, 0.024881924824899426, False, 6, 3, 26526.42334138346, 1490.4987648509384]
[6, 1, 0.20125000000000004, 0.024881924824899426, False, 8, 4, 26509.909131718283, 1451.7018887447205]
[7, 1, 0.20125000000000004, 0.023036186123921516, False, 2, 1, 1798.349623712923, 1798.2256031805891]
[7, 1, 0.20125000000000004, 0.023036186123921516, False, 4, 2, 1805.8028906586067, 1805.525046534756]
[7, 1, 0.20125000000000004, 0.023036186123921516, False, 6, 3, 26522.74241899648, 1769.0798960118275]
[7, 1, 0.20125000000000004, 0.023036186123921516, False, 8, 4, 26505.011989082337, 1722.8961245321252]
[8, 1, 0.20125000000000004, 0.021548378993417577, False, 2, 1, 2073.780770668718, 2073.594989481284]
[8, 1, 0.20125000000000004, 0.021548378993417577, False, 4, 2, 2093.222570559823, 2092.826114559473]
[8, 1, 0.20125000000000004, 0.021548378993417577, False, 6, 3, 26518.92554676591, 2055.0370803700425]
[8, 1, 0.20125000000000004, 0.021548378993417577, False, 8, 4, 26499.934784162193, 2001.3353629753142]
[9, 1, 0.20125000000000004, 0.020316006546431092, False, 2, 1, 2351.859685789908, 2351.5925515802737]
[9, 1, 0.20125000000000004, 0.020316006546431092, False, 4, 2, 2386.2431155189247, 2385.694583002923]
[9, 1, 0.20125000000000004, 0.020316006546431092, False, 6, 3, 2348.3619766133115, 2347.6447534987474]
[9, 1, 0.20125000000000004, 0.020316006546431092, False, 8, 4, 26494.640141218682, 2286.9142036651574]
[10, 1, 0.20125000000000004, 0.019273456093684076, False, 2, 1, 2632.2374920718216, 2631.865828041102]
[10, 1, 0.20125000000000004, 0.019273456093684076, False, 4, 2, 2685.596812908613, 2684.8593395964062]
[10, 1, 0.20125000000000004, 0.019273456093684076, False, 6, 3, 2646.8037240720114, 2645.8529113761256]
[10, 1, 0.20125000000000004, 0.019273456093684076, False, 8, 4, 26489.093213635497, 2579.559866806975]
[11, 1, 0.20125000000000004, 0.01837651935079526, False, 2, 1, 2914.8381550801296, 2914.335143941146]
[11, 1, 0.20125000000000004, 0.01837651935079526, False, 4, 2, 2990.4386785515558, 2989.467770479301]
[11, 1, 0.20125000000000004, 0.01837651935079526, False, 6, 3, 2951.8010010694543, 2950.568413141553]
[11, 1, 0.20125000000000004, 0.01837651935079526, False, 8, 4, 26483.25976577542, 2879.262410232949]
[12, 1, 0.20125000000000004, 0.017594177772660285, False, 2, 1, 3199.5274389612873, 3198.862298143224]
[12, 1, 0.20125000000000004, 0.017594177772660285, False, 4, 2, 3300.624263856466, 3299.368477221379]
[12, 1, 0.20125000000000004, 0.017594177772660285, False, 6, 3, 3263.291128153687, 3261.7221305352696]
[12, 1, 0.20125000000000004, 0.017594177772660285, False, 8, 4, 26477.104890827362, 3186.0315279075703]
[13, 1, 0.20125000000000004, 0.01690393922672755, False, 2, 1, 3486.2044148203304, 3485.342139254845]
[13, 1, 0.20125000000000004, 0.01690393922672755, False, 4, 2, 3615.2330555884596, 3613.630550575387]
[13, 1, 0.20125000000000004, 0.01690393922672755, False, 6, 3, 3581.2381865274765, 3579.271213881336]
[13, 1, 0.20125000000000004, 0.01690393922672755, False, 8, 4, 3502.4023102661067, 3499.9028189112914]
[14, 1, 0.20125000000000004, 0.016289043420900352, False, 2, 1, 3774.7949111883618, 3773.6960041811058]
[14, 1, 0.20125000000000004, 0.016289043420900352, False, 4, 2, 3934.3117428908627, 3932.2919824493056]
[14, 1, 0.20125000000000004, 0.016289043420900352, False, 6, 3, 3904.631787318483, 3902.1950184701054]
[15, 1, 0.20125000000000004, 0.015736711003153693, False, 8, 4, 3904.631787318483, 3902.1950184701054]
[16, 1, 0.20125000000000004, 0.015237004909823318, False, 8, 4, 3904.631787318483, 3902.1950184701054]
[5, 2, 0.20125000000000004, 0.027256783001490394, False, 2, 1, 2207.8660869987225, 2207.5995009293656]
[5, 2, 0.20125000000000004, 0.027256783001490394, False, 4, 2, 2181.070394231528, 2180.317924336419]
[5, 2, 0.20125000000000004, 0.027256783001490394, False, 6, 3, 26430.463359367823, 2091.6985261230734]
[5, 2, 0.20125000000000004, 0.027256783001490394, False, 8, 4, 26382.49147281635, 1998.4691080754124]
[6, 2, 0.20125000000000004, 0.024881924824899426, False, 2, 1, 2654.346839507558, 2653.906490013676]
[6, 2, 0.20125000000000004, 0.024881924824899426, False, 4, 2, 2646.884596235226, 2646.0308092028913]
[6, 2, 0.20125000000000004, 0.024881924824899426, False, 6, 3, 26419.25152266995, 2545.4120336820806]
[6, 2, 0.20125000000000004, 0.024881924824899426, False, 8, 4, 26367.637732970394, 2431.708721021137]
[7, 2, 0.20125000000000004, 0.023036186123921516, False, 2, 1, 3098.27898350638, 3097.6007525215073]
[7, 2, 0.20125000000000004, 0.023036186123921516, False, 4, 2, 3118.7177903692864, 3117.460066097535]
[7, 2, 0.20125000000000004, 0.023036186123921516, False, 6, 3, 26407.72688290167, 3007.921824672372]
[7, 2, 0.20125000000000004, 0.023036186123921516, False, 8, 4, 26352.37686194172, 2873.5820939711944]
[8, 2, 0.20125000000000004, 0.021548378993417577, False, 2, 1, 3538.4156984783604, 3537.424151357306]
[8, 2, 0.20125000000000004, 0.021548378993417577, False, 4, 2, 3593.2486189081615, 3591.4746702010534]
[8, 2, 0.20125000000000004, 0.021548378993417577, False, 6, 3, 26395.788868225543, 3478.6398642544364]
[8, 2, 0.20125000000000004, 0.021548378993417577, False, 8, 4, 26336.57636944812, 3323.600599779328]
[9, 2, 0.20125000000000004, 0.020316006546431092, False, 2, 1, 3974.1727350332794, 3972.7814436798935]
[9, 2, 0.20125000000000004, 0.020316006546431092, False, 4, 2, 4070.758747283808, 4068.342745257462]
[9, 2, 0.20125000000000004, 0.020316006546431092, False, 6, 3, 3958.804168632757, 3955.3950891703103]
[9, 2, 0.20125000000000004, 0.020316006546431092, False, 8, 4, 26320.122452044958, 3781.375312125645]
[10, 2, 0.20125000000000004, 0.019273456093684076, False, 2, 1, 4404.95794204531, 4403.069319219431]
[10, 2, 0.20125000000000004, 0.019273456093684076, False, 4, 2, 4553.3639118688625, 4550.169924155605]
[10, 2, 0.20125000000000004, 0.019273456093684076, False, 6, 3, 4439.575018797856, 4435.096166858942]
[10, 2, 0.20125000000000004, 0.019273456093684076, False, 8, 4, 26302.909910001952, 4246.54360079144]
[11, 2, 0.20125000000000004, 0.01837651935079526, False, 2, 1, 4830.913772995394, 4828.4200909986575]
[11, 2, 0.20125000000000004, 0.01837651935079526, False, 4, 2, 5038.515118960825, 5034.388662083978]
[11, 2, 0.20125000000000004, 0.01837651935079526, False, 6, 3, 4925.935791465485, 4920.195068448982]
[11, 2, 0.20125000000000004, 0.01837651935079526, False, 8, 4, 26284.83621474053, 4718.864064323862]
[12, 2, 0.20125000000000004, 0.017594177772660285, False, 2, 1, 5251.443824921783, 5248.752460000776]
[12, 2, 0.20125000000000004, 0.017594177772660285, False, 4, 2, 5525.702600949777, 5520.473308842787]
[12, 2, 0.20125000000000004, 0.017594177772660285, False, 6, 3, 5418.048383556394, 5410.286642880269]
[12, 2, 0.20125000000000004, 0.017594177772660285, False, 8, 4, 26265.797601898485, 5198.103613609321]
[13, 2, 0.20125000000000004, 0.01690393922672755, False, 2, 1, 5667.407344801223, 5664.0424471033375]
[13, 2, 0.20125000000000004, 0.01690393922672755, False, 4, 2, 6012.239713437891, 6005.716263611365]
[13, 2, 0.20125000000000004, 0.01690393922672755, False, 6, 3, 5914.612350763028, 5905.006510734678]
[13, 2, 0.20125000000000004, 0.01690393922672755, False, 8, 4, 5696.816296408112, 5684.059396039271]
[14, 2, 0.20125000000000004, 0.016289043420900352, False, 2, 1, 6078.442991935381, 6074.3074239930675]
[14, 2, 0.20125000000000004, 0.016289043420900352, False, 4, 2, 6498.190551763962, 6490.165850104842]
[14, 2, 0.20125000000000004, 0.016289043420900352, False, 6, 3, 6413.053806900304, 6401.308926319448]
[15, 2, 0.20125000000000004, 0.015736711003153693, False, 8, 4, 6413.053806900304, 6401.308926319448]
[16, 2, 0.20125000000000004, 0.015237004909823318, False, 8, 4, 6413.053806900304, 6401.308926319448]
[5, 3, 0.20125000000000004, 0.027256783001490394, False, 2, 1, 3178.004671546084, 3177.16116976135]
[5, 3, 0.20125000000000004, 0.027256783001490394, False, 4, 2, 3120.0093335928073, 3118.407271847552]
[5, 3, 0.20125000000000004, 0.027256783001490394, False, 6, 3, 26249.21827378284, 2937.016806853742]
[5, 3, 0.20125000000000004, 0.027256783001490394, False, 8, 4, 26143.222721639853, 2752.483948137892]
[6, 3, 0.20125000000000004, 0.024881924824899426, False, 2, 1, 3783.5902674621257, 3782.233005699199]
[6, 3, 0.20125000000000004, 0.024881924824899426, False, 4, 2, 3765.4617024630525, 3762.9821723837113]
[6, 3, 0.20125000000000004, 0.024881924824899426, False, 6, 3, 26224.373650418747, 3558.6098432501503]
[6, 3, 0.20125000000000004, 0.024881924824899426, False, 8, 4, 26110.564197755113, 3335.22409374557]
[7, 3, 0.20125000000000004, 0.023036186123921516, False, 2, 1, 4374.319494253308, 4372.2819537871355]
[7, 3, 0.20125000000000004, 0.023036186123921516, False, 4, 2, 4411.4832607458475, 4407.882690394336]
[7, 3, 0.20125000000000004, 0.023036186123921516, False, 6, 3, 26198.88158352207, 4187.000942072949]
[7, 3, 0.20125000000000004, 0.023036186123921516, False, 8, 4, 26077.08926095812, 3925.0086699447415]
[8, 3, 0.20125000000000004, 0.021548378993417577, False, 2, 1, 4948.297136635696, 4945.888716400713]
[8, 3, 0.20125000000000004, 0.021548378993417577, False, 4, 2, 5052.246990678142, 5047.25003908695]
[8, 3, 0.20125000000000004, 0.021548378993417577, False, 6, 3, 26172.523807346606, 4821.175317049476]
[8, 3, 0.20125000000000004, 0.021548378993417577, False, 8, 4, 26042.51429526134, 4521.015484700846]
[9, 3, 0.20125000000000004, 0.020316006546431092, False, 2, 1, 5506.151450842503, 5502.898093089452]
[9, 3, 0.20125000000000004, 0.020316006546431092, False, 4, 2, 5688.74822202942, 5682.056675097588]
[9, 3, 0.20125000000000004, 0.020316006546431092, False, 6, 3, 5467.3736807743, 5457.02875991751]
[9, 3, 0.20125000000000004, 0.020316006546431092, False, 8, 4, 26005.43028877762, 5122.461688432395]
[10, 3, 0.20125000000000004, 0.019273456093684076, False, 2, 1, 6047.322736058366, 6043.071455170713]
[10, 3, 0.20125000000000004, 0.019273456093684076, False, 4, 2, 6325.412257255233, 6316.710857335156]
[10, 3, 0.20125000000000004, 0.019273456093684076, False, 6, 3, 6102.137353643083, 6088.790974709584]
[10, 3, 0.20125000000000004, 0.019273456093684076, False, 8, 4, 25965.3030959986, 5728.607034900796]
[11, 3, 0.20125000000000004, 0.01837651935079526, False, 2, 1, 6572.897374898456, 6567.492167136769]
[11, 3, 0.20125000000000004, 0.01837651935079526, False, 4, 2, 6957.479119914302, 6946.425267005026]
[11, 3, 0.20125000000000004, 0.01837651935079526, False, 6, 3, 6738.141700165868, 6721.282627263643]
[11, 3, 0.20125000000000004, 0.01837651935079526, False, 8, 4, 25923.296083699963, 6339.056926952395]
[12, 3, 0.20125000000000004, 0.017594177772660285, False, 2, 1, 7083.453091240834, 7076.736157241117]
[12, 3, 0.20125000000000004, 0.017594177772660285, False, 4, 2, 7584.219841485127, 7570.449416875779]
[12, 3, 0.20125000000000004, 0.017594177772660285, False, 6, 3, 7374.704742879467, 7353.783529540839]
[12, 3, 0.20125000000000004, 0.017594177772660285, False, 8, 4, 25879.18700740512, 6953.311760666969]
[13, 3, 0.20125000000000004, 0.01690393922672755, False, 2, 1, 7579.596993888223, 7571.41003629262]
[13, 3, 0.20125000000000004, 0.01690393922672755, False, 4, 2, 8201.761498987278, 8183.966478931279]
[13, 3, 0.20125000000000004, 0.01690393922672755, False, 6, 3, 8011.201813824732, 7985.628516121247]
[13, 3, 0.20125000000000004, 0.01690393922672755, False, 8, 4, 7602.445398163333, 7570.907945468658]
[14, 3, 0.20125000000000004, 0.016289043420900352, False, 2, 1, 8061.942330969006, 8052.127599217998]
[14, 3, 0.20125000000000004, 0.016289043420900352, False, 4, 2, 8809.02562048264, 8787.443808841925]
[14, 3, 0.20125000000000004, 0.016289043420900352, False, 6, 3, 8641.83449853983, 8610.962445931644]
[15, 3, 0.20125000000000004, 0.015736711003153693, False, 8, 4, 8641.83449853983, 8610.962445931644]
[16, 3, 0.20125000000000004, 0.015237004909823318, False, 8, 4, 8641.83449853983, 8610.962445931644]
[5, 4, 0.20125000000000004, 0.027256783001490394, False, 2, 1, 4102.500740341116, 4100.580607151746]
[5, 4, 0.20125000000000004, 0.027256783001490394, False, 4, 2, 4002.2218765226685, 3998.851034126831]
[5, 4, 0.20125000000000004, 0.027256783001490394, False, 6, 3, 25965.974580012302, 3700.0507798279705]
[5, 4, 0.20125000000000004, 0.027256783001490394, False, 8, 4, 25760.581211902623, 3405.3455766939346]
[6, 4, 0.20125000000000004, 0.024881924824899426, False, 2, 1, 4838.727812081019, 4836.2850016523835]
[6, 4, 0.20125000000000004, 0.024881924824899426, False, 4, 2, 4804.437004734157, 4799.271893385893]
[6, 4, 0.20125000000000004, 0.024881924824899426, False, 6, 3, 25917.592705497547, 4464.80405523413]
[6, 4, 0.20125000000000004, 0.024881924824899426, False, 8, 4, 25697.82828004881, 4110.4828704865995]
[7, 4, 0.20125000000000004, 0.023036186123921516, False, 2, 1, 5544.362001158867, 5540.830616175335]
[7, 4, 0.20125000000000004, 0.023036186123921516, False, 4, 2, 5598.649213623663, 5591.242007493779]
[7, 4, 0.20125000000000004, 0.023036186123921516, False, 6, 3, 25868.10298304497, 5231.873537949509]
[7, 4, 0.20125000000000004, 0.023036186123921516, False, 8, 4, 25633.762191435846, 4819.092351618413]
[8, 4, 0.20125000000000004, 0.021548378993417577, False, 2, 1, 6218.314519647089, 6213.468365620174]
[8, 4, 0.20125000000000004, 0.021548378993417577, False, 4, 2, 6376.843037970641, 6365.986541090829]
[8, 4, 0.20125000000000004, 0.021548378993417577, False, 6, 3, 25817.094333556564, 5999.901596565411]
[8, 4, 0.20125000000000004, 0.021548378993417577, False, 8, 4, 25567.85989315108, 5530.0923944467]
[9, 4, 0.20125000000000004, 0.020316006546431092, False, 2, 1, 6861.72846512666, 6855.342235588496]
[9, 4, 0.20125000000000004, 0.020316006546431092, False, 4, 2, 7140.152281705113, 7125.798630743169]
[9, 4, 0.20125000000000004, 0.020316006546431092, False, 6, 3, 6782.832307626783, 6762.719390412767]
[9, 4, 0.20125000000000004, 0.020316006546431092, False, 8, 4, 25499.690430880066, 6242.557951052586]
[10, 4, 0.20125000000000004, 0.019273456093684076, False, 2, 1, 7475.454890217664, 7467.307886906109]
[10, 4, 0.20125000000000004, 0.019273456093684076, False, 4, 2, 7896.421990886066, 7877.979314416579]
[10, 4, 0.20125000000000004, 0.019273456093684076, False, 6, 3, 7537.433005085072, 7511.752247309811]
[10, 4, 0.20125000000000004, 0.019273456093684076, False, 8, 4, 25428.871726472713, 6955.552736497593]
[11, 4, 0.20125000000000004, 0.01837651935079526, False, 2, 1, 8062.214066243506, 8052.092968040564]
[11, 4, 0.20125000000000004, 0.01837651935079526, False, 4, 2, 8638.610862617437, 8615.449086514038]
[11, 4, 0.20125000000000004, 0.01837651935079526, False, 6, 3, 8286.827735249293, 8254.755772510085]
[11, 4, 0.20125000000000004, 0.01837651935079526, False, 8, 4, 25355.045973789813, 7668.414410503248]
[12, 4, 0.20125000000000004, 0.017594177772660285, False, 2, 1, 8623.760510283337, 8611.460717195165]
[12, 4, 0.20125000000000004, 0.017594177772660285, False, 4, 2, 9366.190938551248, 9337.652895354007]
[12, 4, 0.20125000000000004, 0.017594177772660285, False, 6, 3, 9030.171033985811, 8990.844924003886]
[12, 4, 0.20125000000000004, 0.017594177772660285, False, 8, 4, 25277.86429822635, 8380.452558042994]
[13, 4, 0.20125000000000004, 0.01690393922672755, False, 2, 1, 9161.755719928864, 9147.082300504073]
[13, 4, 0.20125000000000004, 0.01690393922672755, False, 4, 2, 10072.384920537084, 10037.784147713932]
[13, 4, 0.20125000000000004, 0.01690393922672755, False, 6, 3, 9766.715576457387, 9719.235293279655]
[14, 4, 0.20125000000000004, 0.016289043420900352, False, 2, 1, 9677.75187459957, 9660.520011964172]
[14, 4, 0.20125000000000004, 0.016289043420900352, False, 4, 2, 10758.5603822422, 10717.194699273728]
[15, 4, 0.20125000000000004, 0.015736711003153693, False, 8, 4, 10758.5603822422, 10717.194699273728]
[16, 4, 0.20125000000000004, 0.015237004909823318, False, 8, 4, 10758.5603822422, 10717.194699273728]
[5, 5, 0.20125000000000004, 0.027256783001490394, False, 2, 1, 4948.773089545679, 4945.973565866747]
[5, 5, 0.20125000000000004, 0.027256783001490394, False, 4, 2, 4798.207848074572, 4791.692625434589]
[5, 5, 0.20125000000000004, 0.027256783001490394, False, 6, 3, 25551.822730357824, 4360.977971766934]
[5, 5, 0.20125000000000004, 0.027256783001490394, False, 8, 4, 25227.22764224791, 3949.752900648942]
[6, 5, 0.20125000000000004, 0.024881924824899426, False, 2, 1, 5788.135361164905, 5783.9018951461185]
[6, 5, 0.20125000000000004, 0.024881924824899426, False, 4, 2, 5731.670943188818, 5721.901896606828]
[6, 5, 0.20125000000000004, 0.024881924824899426, False, 6, 3, 25474.890251503362, 5243.056684414194]
[6, 5, 0.20125000000000004, 0.024881924824899426, False, 8, 4, 25129.085037044606, 4751.689103609677]
[7, 5, 0.20125000000000004, 0.023036186123921516, False, 2, 1, 6579.228512164084, 6573.251105110796]
[7, 5, 0.20125000000000004, 0.023036186123921516, False, 4, 2, 6646.650970558417, 6632.853786792011]
[7, 5, 0.20125000000000004, 0.023036186123921516, False, 6, 3, 25396.49920950054, 6121.5984233057225]
[7, 5, 0.20125000000000004, 0.023036186123921516, False, 8, 4, 25029.374693854013, 5552.5923515045715]
[8, 5, 0.20125000000000004, 0.021548378993417577, False, 2, 1, 7322.760747153585, 7314.740906935566]
[8, 5, 0.20125000000000004, 0.021548378993417577, False, 4, 2, 7531.682499828203, 7513.039561367631]
[8, 5, 0.20125000000000004, 0.021548378993417577, False, 6, 3, 7020.323354308276, 6995.0453287222845]
[8, 5, 0.20125000000000004, 0.021548378993417577, False, 8, 4, 24927.31225643422, 6351.228673320442]
[9, 5, 0.20125000000000004, 0.020316006546431092, False, 2, 1, 8021.853974525473, 8011.510594668587]
[9, 5, 0.20125000000000004, 0.020316006546431092, False, 4, 2, 8390.9441877563, 8366.613686537934]
[9, 5, 0.20125000000000004, 0.020316006546431092, False, 6, 3, 7889.0312884438345, 7855.286449396608]
[9, 5, 0.20125000000000004, 0.020316006546431092, False, 8, 4, 24822.271212053434, 7146.540638804304]
[10, 5, 0.20125000000000004, 0.019273456093684076, False, 2, 1, 8678.970584359184, 8666.04361840575]
[10, 5, 0.20125000000000004, 0.019273456093684076, False, 4, 2, 9235.469320873464, 9204.590991984996]
[10, 5, 0.20125000000000004, 0.019273456093684076, False, 6, 3, 8733.85034743113, 8691.158153710847]
[10, 5, 0.20125000000000004, 0.019273456093684076, False, 8, 4, 24713.713762282794, 7937.436409036933]
[11, 5, 0.20125000000000004, 0.01837651935079526, False, 2, 1, 9298.864818716085, 9283.115181831541]
[11, 5, 0.20125000000000004, 0.01837651935079526, False, 4, 2, 10056.06883921758, 10017.758588449766]
[11, 5, 0.20125000000000004, 0.01837651935079526, False, 6, 3, 9566.453491683676, 9513.598188438471]
[11, 5, 0.20125000000000004, 0.01837651935079526, False, 8, 4, 24601.152054299095, 8723.17213190173]
[12, 5, 0.20125000000000004, 0.017594177772660285, False, 2, 1, 9885.760986164823, 9865.943753059906]
[12, 5, 0.20125000000000004, 0.017594177772660285, False, 4, 2, 10852.476578258727, 10805.837658194969]
[12, 5, 0.20125000000000004, 0.017594177772660285, False, 6, 3, 10386.000883939125, 10321.731163424529]
[12, 5, 0.20125000000000004, 0.017594177772660285, False, 8, 4, 9580.011991729421, 9502.955976878276]
[13, 5, 0.20125000000000004, 0.01690393922672755, False, 2, 1, 10440.518271462011, 10417.158770664948]
[13, 5, 0.20125000000000004, 0.01690393922672755, False, 4, 2, 11614.945654916914, 11560.357665042546]
[13, 5, 0.20125000000000004, 0.01690393922672755, False, 6, 3, 11191.779395495194, 11114.810981877472]
[14, 5, 0.20125000000000004, 0.016289043420900352, False, 2, 1, 10966.743851039995, 10939.612180882967]
[14, 5, 0.20125000000000004, 0.016289043420900352, False, 4, 2, 12348.2224816484, 12283.883398693666]
[15, 5, 0.20125000000000004, 0.015736711003153693, False, 8, 4, 12348.2224816484, 12283.883398693666]
[16, 5, 0.20125000000000004, 0.015237004909823318, False, 8, 4, 12348.2224816484, 12283.883398693666]
[5, 6, 0.20125000000000004, 0.027256783001490394, False, 2, 1, 5706.001133669802, 5701.658186862388]
[5, 6, 0.20125000000000004, 0.027256783001490394, False, 4, 2, 5497.715776150098, 5487.518907411544]
[5, 6, 0.20125000000000004, 0.027256783001490394, False, 6, 3, 25021.923843530363, 4921.266231481044]
[5, 6, 0.20125000000000004, 0.027256783001490394, False, 8, 4, 24556.916920503867, 4395.330344973507]
[6, 6, 0.20125000000000004, 0.024881924824899426, False, 2, 1, 6623.313100240226, 6616.889143745779]
[6, 6, 0.20125000000000004, 0.024881924824899426, False, 4, 2, 6538.462915018976, 6523.355771906895]
[6, 6, 0.20125000000000004, 0.024881924824899426, False, 6, 3, 24910.88147568338, 5897.411244309193]
[6, 6, 0.20125000000000004, 0.024881924824899426, False, 8, 4, 24418.09362979893, 5272.388337376811]
[7, 6, 0.20125000000000004, 0.023036186123921516, False, 2, 1, 7475.239047707983, 7466.354313618782]
[7, 6, 0.20125000000000004, 0.023036186123921516, False, 4, 2, 7549.535768417607, 7528.441101255904]
[7, 6, 0.20125000000000004, 0.023036186123921516, False, 6, 3, 24798.269983274316, 6863.553918825629]
[7, 6, 0.20125000000000004, 0.023036186123921516, False, 8, 4, 24277.871091792855, 6143.58122145744]
[8, 6, 0.20125000000000004, 0.021548378993417577, False, 2, 1, 8264.64445734888, 8252.953392882142]
[8, 6, 0.20125000000000004, 0.021548378993417577, False, 4, 2, 8517.07842155693, 8488.899925806505]
[8, 6, 0.20125000000000004, 0.021548378993417577, False, 6, 3, 7856.551655751628, 7818.072046911238]
[8, 6, 0.20125000000000004, 0.021548378993417577, False, 8, 4, 24135.18066334534, 7007.6125430671655]
[9, 6, 0.20125000000000004, 0.020316006546431092, False, 2, 1, 8997.040789679795, 8982.235057997737]
[9, 6, 0.20125000000000004, 0.020316006546431092, False, 4, 2, 9447.476193268407, 9411.11221017512]
[9, 6, 0.20125000000000004, 0.020316006546431092, False, 6, 3, 8800.758321765192, 8751.151028042168]
[9, 6, 0.20125000000000004, 0.020316006546431092, False, 8, 4, 24003.45820340549, 7864.693745439391]
[10, 6, 0.20125000000000004, 0.019273456093684076, False, 2, 1, 9677.779126261712, 9658.578604226797]
[10, 6, 0.20125000000000004, 0.019273456093684076, False, 4, 2, 10354.24176144756, 10309.783212972794]
[10, 6, 0.20125000000000004, 0.019273456093684076, False, 6, 3, 9711.675844588555, 9649.401847644727]
[10, 6, 0.20125000000000004, 0.019273456093684076, False, 8, 4, 23869.60717979151, 8712.829778086501]
[11, 6, 0.20125000000000004, 0.01837651935079526, False, 2, 1, 10312.080590372125, 10288.922661323313]
[11, 6, 0.20125000000000004, 0.01837651935079526, False, 4, 2, 11228.344501870672, 11173.85629769535]
[11, 6, 0.20125000000000004, 0.01837651935079526, False, 6, 3, 10603.439418063877, 10526.92315446092]
[11, 6, 0.20125000000000004, 0.01837651935079526, False, 8, 4, 23731.39881195178, 9551.142407207728]
[12, 6, 0.20125000000000004, 0.017594177772660285, False, 2, 1, 10905.358526041979, 10877.977553710889]
[12, 6, 0.20125000000000004, 0.017594177772660285, False, 4, 2, 12069.178299882597, 12003.64556940559]
[12, 6, 0.20125000000000004, 0.017594177772660285, False, 6, 3, 11474.164732651056, 11382.98158220989]
[12, 6, 0.20125000000000004, 0.017594177772660285, False, 8, 4, 10485.813737740724, 10378.82370873881]
[13, 6, 0.20125000000000004, 0.01690393922672755, False, 2, 1, 11461.71933579345, 11429.876254292087]
[13, 6, 0.20125000000000004, 0.01690393922672755, False, 4, 2, 12866.905727349656, 12789.374898127762]
[13, 6, 0.20125000000000004, 0.01690393922672755, False, 6, 3, 12326.501041063833, 12218.181203889408]
[14, 6, 0.20125000000000004, 0.016289043420900352, False, 2, 1, 11984.75447256109, 11948.234110990696]
[14, 6, 0.20125000000000004, 0.016289043420900352, False, 4, 2, 13625.421158393627, 13534.975183286988]
[15, 6, 0.20125000000000004, 0.015736711003153693, False, 8, 4, 13625.421158393627, 13534.975183286988]
[16, 6, 0.20125000000000004, 0.015237004909823318, False, 8, 4, 13625.421158393627, 13534.975183286988]
[5, 7, 0.20125000000000004, 0.027256783001490394, False, 2, 1, 6372.258969812943, 6366.129159511503]
[5, 7, 0.20125000000000004, 0.027256783001490394, False, 4, 2, 6104.027242281, 6089.464109181935]
[5, 7, 0.20125000000000004, 0.027256783001490394, False, 6, 3, 24383.474499665284, 5390.3188357435065]
[5, 7, 0.20125000000000004, 0.027256783001490394, False, 8, 4, 23804.24696480862, 4758.770175920318]
[6, 7, 0.20125000000000004, 0.024881924824899426, False, 2, 1, 7347.097865987057, 7338.204213739435]
[6, 7, 0.20125000000000004, 0.024881924824899426, False, 4, 2, 7231.254459609534, 7209.9086043968455]
[6, 7, 0.20125000000000004, 0.024881924824899426, False, 6, 3, 24234.787844578772, 6440.921521801855]
[6, 7, 0.20125000000000004, 0.024881924824899426, False, 8, 4, 23641.5729928725, 5695.183161806207]
[7, 7, 0.20125000000000004, 0.023036186123921516, False, 2, 1, 8241.096805340754, 8229.012967054165]
[7, 7, 0.20125000000000004, 0.023036186123921516, False, 4, 2, 8316.759554626997, 8288.168147256976]
[7, 7, 0.20125000000000004, 0.023036186123921516, False, 6, 3, 24088.671049927176, 7475.307285080622]
[7, 7, 0.20125000000000004, 0.023036186123921516, False, 8, 4, 23477.928936607386, 6621.329287662383]
[8, 7, 0.20125000000000004, 0.021548378993417577, False, 2, 1, 9059.321396674495, 9043.680336336052]
[8, 7, 0.20125000000000004, 0.021548378993417577, False, 4, 2, 9346.19634046554, 9308.425072606487]
[8, 7, 0.20125000000000004, 0.021548378993417577, False, 6, 3, 8544.356168916094, 8492.949320983758]
[8, 7, 0.20125000000000004, 0.021548378993417577, False, 8, 4, 23312.0834402216, 7535.920946041569]
[9, 7, 0.20125000000000004, 0.020316006546431092, False, 2, 1, 9810.98102952241, 9790.301839075586]
[9, 7, 0.20125000000000004, 0.020316006546431092, False, 4, 2, 10327.659949087722, 10279.467036130416]
[9, 7, 0.20125000000000004, 0.020316006546431092, False, 6, 3, 9547.554965371084, 9481.621827267329]
[9, 7, 0.20125000000000004, 0.020316006546431092, False, 8, 4, 23143.10733999695, 8437.868206686237]
[10, 7, 0.20125000000000004, 0.019273456093684076, False, 2, 1, 10500.399000970994, 10475.192623893465]
[10, 7, 0.20125000000000004, 0.019273456093684076, False, 4, 2, 11279.483088428748, 11219.612842658333]
[10, 7, 0.20125000000000004, 0.019273456093684076, False, 6, 3, 10508.303989528855, 10426.08652748805]
[10, 7, 0.20125000000000004, 0.019273456093684076, False, 8, 4, 22970.251291321656, 9325.99915151274]
[11, 7, 0.20125000000000004, 0.01837651935079526, False, 2, 1, 11137.385118769367, 11107.366346325209]
[11, 7, 0.20125000000000004, 0.01837651935079526, False, 4, 2, 12188.993037607506, 12116.261215621918]
[11, 7, 0.20125000000000004, 0.01837651935079526, False, 6, 3, 11443.749791232645, 11343.418852632556]
[11, 7, 0.20125000000000004, 0.01837651935079526, False, 8, 4, 10315.99166106272, 10199.607827303573]
[12, 7, 0.20125000000000004, 0.017594177772660285, False, 2, 1, 11727.995285601819, 11692.916710629368]
[12, 7, 0.20125000000000004, 0.017594177772660285, False, 4, 2, 13057.160984706132, 12970.430766441532]
[12, 7, 0.20125000000000004, 0.017594177772660285, False, 6, 3, 12353.376457278138, 12233.114287399365]
[12, 7, 0.20125000000000004, 0.017594177772660285, False, 8, 4, 11197.981610820781, 11057.900184897368]
[13, 7, 0.20125000000000004, 0.01690393922672755, False, 2, 1, 12277.420766319327, 12237.067694644837]
[13, 7, 0.20125000000000004, 0.01690393922672755, False, 4, 2, 13873.41044487409, 13771.665799343107]
[13, 7, 0.20125000000000004, 0.01690393922672755, False, 6, 3, 13236.821435622878, 13094.82573327233]
[14, 7, 0.20125000000000004, 0.016289043420900352, False, 2, 1, 12790.109411029976, 12744.295151404593]
[14, 7, 0.20125000000000004, 0.016289043420900352, False, 4, 2, 14645.067583005579, 14527.359502002724]
[15, 7, 0.20125000000000004, 0.015736711003153693, False, 8, 4, 14645.067583005579, 14527.359502002724]
[16, 7, 0.20125000000000004, 0.015237004909823318, False, 8, 4, 14645.067583005579, 14527.359502002724]
[5, 8, 0.20125000000000004, 0.027256783001490394, False, 2, 1, 6953.797311717117, 6945.713087881039]
[5, 8, 0.20125000000000004, 0.027256783001490394, False, 4, 2, 6624.015414379188, 6605.402553522235]
[5, 8, 0.20125000000000004, 0.027256783001490394, False, 6, 3, 23700.900051997167, 5783.781938124298]
[5, 8, 0.20125000000000004, 0.027256783001490394, False, 8, 4, 23006.546420336694, 5055.86068385515]
[6, 8, 0.20125000000000004, 0.024881924824899426, False, 2, 1, 7970.492221161118, 7958.957036090797]
[6, 8, 0.20125000000000004, 0.024881924824899426, False, 4, 2, 7820.030538952026, 7792.918098891895]
[6, 8, 0.20125000000000004, 0.024881924824899426, False, 6, 3, 23532.761924857146, 6895.041971792622]
[6, 8, 0.20125000000000004, 0.024881924824899426, False, 8, 4, 22804.05389556139, 6037.618517761512]
[7, 8, 0.20125000000000004, 0.023036186123921516, False, 2, 1, 8892.506161275072, 8877.068553009207]
[7, 8, 0.20125000000000004, 0.023036186123921516, False, 4, 2, 8964.526152826955, 8927.346686251916]
[7, 8, 0.20125000000000004, 0.023036186123921516, False, 6, 3, 23363.764956334315, 7983.853121929228]
[7, 8, 0.20125000000000004, 0.023036186123921516, False, 8, 4, 22601.64949465044, 7004.60059129579]
[8, 8, 0.20125000000000004, 0.021548378993417577, False, 2, 1, 9728.571639920254, 9707.628864456714]
[8, 8, 0.20125000000000004, 0.021548378993417577, False, 4, 2, 10040.494324948617, 9991.787850395445]
[8, 8, 0.20125000000000004, 0.021548378993417577, False, 6, 3, 9114.238811910203, 9048.755094505967]
[8, 8, 0.20125000000000004, 0.021548378993417577, False, 8, 4, 22397.8184062979, 7955.557786997087]
[9, 8, 0.20125000000000004, 0.020316006546431092, False, 2, 1, 10487.196067354831, 10461.237648809629]
[9, 8, 0.20125000000000004, 0.020316006546431092, False, 4, 2, 11060.379027960062, 10998.744358246771]
[9, 8, 0.20125000000000004, 0.020316006546431092, False, 6, 3, 10160.897653045076, 10077.307728366362]
[9, 8, 0.20125000000000004, 0.020316006546431092, False, 8, 4, 22172.063106116, 8887.573391379263]
[10, 8, 0.20125000000000004, 0.019273456093684076, False, 2, 1, 11177.336718423358, 11146.053669201845]
[10, 8, 0.20125000000000004, 0.019273456093684076, False, 4, 2, 12044.564077212352, 11968.578368094106]
[10, 8, 0.20125000000000004, 0.019273456093684076, False, 6, 3, 11156.476261626181, 11052.779593299441]
[10, 8, 0.20125000000000004, 0.019273456093684076, False, 8, 4, 21902.70511641119, 9796.548692867267]
[11, 8, 0.20125000000000004, 0.01837651935079526, False, 2, 1, 11809.846224814562, 11772.977509179398]
[11, 8, 0.20125000000000004, 0.01837651935079526, False, 4, 2, 12979.037713491478, 12887.406632395603]
[11, 8, 0.20125000000000004, 0.01837651935079526, False, 6, 3, 12122.221802713379, 11994.966632877411]
[11, 8, 0.20125000000000004, 0.01837651935079526, False, 8, 4, 10831.212011757245, 10685.293250930685]
[12, 8, 0.20125000000000004, 0.017594177772660285, False, 2, 1, 12391.990721097289, 12349.318419962345]
[12, 8, 0.20125000000000004, 0.017594177772660285, False, 4, 2, 13866.902444832882, 13756.977925317296]
[12, 8, 0.20125000000000004, 0.017594177772660285, False, 6, 3, 13055.485675239323, 12903.631592227039]
[12, 8, 0.20125000000000004, 0.017594177772660285, False, 8, 4, 11728.150322850104, 11553.0107987579]
[13, 8, 0.20125000000000004, 0.01690393922672755, False, 2, 1, 12929.885954020681, 12881.227805061464]
[13, 8, 0.20125000000000004, 0.01690393922672755, False, 4, 2, 14693.969819241329, 14565.785045710832]
[13, 8, 0.20125000000000004, 0.01690393922672755, False, 6, 3, 13957.217646861982, 13778.693958243228]
[14, 8, 0.20125000000000004, 0.016289043420900352, False, 2, 1, 13428.686487971941, 13373.88944484129]
[14, 8, 0.20125000000000004, 0.016289043420900352, False, 4, 2, 15467.901857961955, 15320.447487655441]
[15, 8, 0.20125000000000004, 0.015736711003153693, False, 8, 4, 15467.901857961955, 15320.447487655441]
[16, 8, 0.20125000000000004, 0.015237004909823318, False, 8, 4, 15467.901857961955, 15320.447487655441]
[5, 9, 0.20125000000000004, 0.027256783001490394, False, 2, 1, 7458.838581408654, 7448.695676345444]
[5, 9, 0.20125000000000004, 0.027256783001490394, False, 4, 2, 7070.678202686265, 7047.246134806815]
[5, 9, 0.20125000000000004, 0.027256783001490394, False, 6, 3, 22973.115990237726, 6112.911834494439]
[5, 9, 0.20125000000000004, 0.027256783001490394, False, 8, 4, 22103.173709947863, 5295.415293853349]
[6, 9, 0.20125000000000004, 0.024881924824899426, False, 2, 1, 8505.275725026382, 8491.008666303907]
[6, 9, 0.20125000000000004, 0.024881924824899426, False, 4, 2, 8323.546740419682, 8289.65974157243]
[6, 9, 0.20125000000000004, 0.024881924824899426, False, 6, 3, 22769.070574471305, 7271.109355621229]
[6, 9, 0.20125000000000004, 0.024881924824899426, False, 8, 4, 21795.808908889805, 6307.31791409396]
[7, 9, 0.20125000000000004, 0.023036186123921516, False, 2, 1, 9446.207252012275, 9426.15174444551]
[7, 9, 0.20125000000000004, 0.023036186123921516, False, 4, 2, 9515.449339444047, 9469.30691149682]
[7, 9, 0.20125000000000004, 0.023036186123921516, False, 6, 3, 8462.677022661932, 8400.88109853715]
[7, 9, 0.20125000000000004, 0.023036186123921516, False, 8, 4, 21493.143480899576, 7298.856463268408]
[8, 9, 0.20125000000000004, 0.021548378993417577, False, 2, 1, 10289.588987239813, 10264.117533418037]
[8, 9, 0.20125000000000004, 0.021548378993417577, False, 4, 2, 10627.616627046486, 10567.600160814858]
[8, 9, 0.20125000000000004, 0.021548378993417577, False, 6, 3, 9582.126723710795, 9500.926859406936]
[8, 9, 0.20125000000000004, 0.021548378993417577, False, 8, 4, 21192.791003162405, 8268.822111712921]
[9, 9, 0.20125000000000004, 0.020316006546431092, False, 2, 1, 11049.10219510994, 11017.857154203122]
[9, 9, 0.20125000000000004, 0.020316006546431092, False, 4, 2, 11673.547729857979, 11598.120354682575]
[9, 9, 0.20125000000000004, 0.020316006546431092, False, 6, 3, 10657.337566331675, 10554.120771073689]
[9, 9, 0.20125000000000004, 0.020316006546431092, False, 8, 4, 20893.085045633117, 9216.194712424427]
[10, 9, 0.20125000000000004, 0.019273456093684076, False, 2, 1, 11734.510096198868, 11697.211020836334]
[10, 9, 0.20125000000000004, 0.019273456093684076, False, 4, 2, 12679.424810598994, 12585.692772342332]
[10, 9, 0.20125000000000004, 0.019273456093684076, False, 6, 3, 11669.181952923485, 11541.577099902148]
[10, 9, 0.20125000000000004, 0.019273456093684076, False, 8, 4, 10283.476764325029, 10139.821704714728]
[11, 9, 0.20125000000000004, 0.01837651935079526, False, 2, 1, 12358.321891967664, 12314.739634143743]
[11, 9, 0.20125000000000004, 0.01837651935079526, False, 4, 2, 13627.841944985847, 13515.387768054374]
[11, 9, 0.20125000000000004, 0.01837651935079526, False, 6, 3, 12643.186021213687, 12488.742964851072]
[11, 9, 0.20125000000000004, 0.01837651935079526, False, 8, 4, 11214.133695341776, 11039.08311803201]
[12, 9, 0.20125000000000004, 0.017594177772660285, False, 2, 1, 12928.835387663088, 12878.786228149733]
[12, 9, 0.20125000000000004, 0.017594177772660285, False, 4, 2, 14522.192527929119, 14389.690149542974]
[12, 9, 0.20125000000000004, 0.017594177772660285, False, 6, 3, 13579.339014737401, 13395.674113321418]
[12, 9, 0.20125000000000004, 0.017594177772660285, False, 8, 4, 12122.827208161834, 11913.228615456886]
[13, 9, 0.20125000000000004, 0.01690393922672755, False, 2, 1, 13452.931086385806, 13396.267340806233]
[13, 9, 0.20125000000000004, 0.01690393922672755, False, 4, 2, 15350.202652352667, 15196.569979972437]
[13, 9, 0.20125000000000004, 0.01690393922672755, False, 6, 3, 14477.768133269992, 14262.570899731752]
[14, 9, 0.20125000000000004, 0.016289043420900352, False, 2, 1, 13936.746414737332, 13873.352034164338]
[14, 9, 0.20125000000000004, 0.016289043420900352, False, 4, 2, 16119.614220238644, 15943.865128351663]
[15, 9, 0.20125000000000004, 0.015736711003153693, False, 8, 4, 16119.614220238644, 15943.865128351663]
[16, 9, 0.20125000000000004, 0.015237004909823318, False, 8, 4, 16119.614220238644, 15943.865128351663]
[5, 1, 0.21500000000000002, 0.027256783001490394, False, 2, 1, 1218.774183771431, 1218.731941596759]
[5, 1, 0.21500000000000002, 0.027256783001490394, False, 4, 2, 1210.5197834262115, 1210.409472428901]
[5, 1, 0.21500000000000002, 0.027256783001490394, False, 6, 3, 26535.301171922587, 1183.6287763375801]
[5, 1, 0.21500000000000002, 0.027256783001490394, False, 8, 4, 26521.723448865567, 1154.3888425378732]
[6, 1, 0.21500000000000002, 0.024881924824899426, False, 2, 1, 1480.8581008982053, 1480.7864052898153]
[6, 1, 0.21500000000000002, 0.024881924824899426, False, 4, 2, 1478.1108935312209, 1477.939907099385]
[6, 1, 0.21500000000000002, 0.024881924824899426, False, 6, 3, 26532.13320927327, 1447.1873995168085]
[6, 1, 0.21500000000000002, 0.024881924824899426, False, 8, 4, 26517.507120413815, 1411.211429514519]
[7, 1, 0.21500000000000002, 0.023036186123921516, False, 2, 1, 1746.973411981816, 1746.8599614251407]
[7, 1, 0.21500000000000002, 0.023036186123921516, False, 4, 2, 1752.4274091297068, 1752.1743731888387]
[7, 1, 0.21500000000000002, 0.023036186123921516, False, 6, 3, 26528.873445014946, 1718.3039128747691]
[7, 1, 0.21500000000000002, 0.023036186123921516, False, 8, 4, 26513.169202334753, 1675.4232023845898]
[8, 1, 0.21500000000000002, 0.021548378993417577, False, 2, 1, 2016.573449991859, 2016.4030281129221]
[8, 1, 0.21500000000000002, 0.021548378993417577, False, 4, 2, 2032.4992393613784, 2032.137593843539]
[8, 1, 0.21500000000000002, 0.021548378993417577, False, 6, 3, 26525.493099887604, 1996.7956466955573]
[8, 1, 0.21500000000000002, 0.021548378993417577, False, 8, 4, 26508.671455263044, 1946.8682425184988]
[9, 1, 0.21500000000000002, 0.020316006546431092, False, 2, 1, 2289.3221560088746, 2289.07641011063]
[9, 1, 0.21500000000000002, 0.020316006546431092, False, 4, 2, 2318.349990429511, 2317.848744908363]
[9, 1, 0.21500000000000002, 0.020316006546431092, False, 6, 3, 2282.6958343233314, 2282.0364911493793]
[9, 1, 0.21500000000000002, 0.020316006546431092, False, 8, 4, 26503.98072980633, 2225.455929964131]
[10, 1, 0.21500000000000002, 0.019273456093684076, False, 2, 1, 2564.893287761368, 2564.5503864865886]
[10, 1, 0.21500000000000002, 0.019273456093684076, False, 4, 2, 2610.678493840803, 2610.0034846415274]
[10, 1, 0.21500000000000002, 0.019273456093684076, False, 6, 3, 2573.9093444895716, 2573.034292893066]
[10, 1, 0.21500000000000002, 0.019273456093684076, False, 8, 4, 26499.066105584607, 2511.1293351612244]
[11, 1, 0.21500000000000002, 0.01837651935079526, False, 2, 1, 2843.213689815308, 2842.748237134074]
[11, 1, 0.21500000000000002, 0.01837651935079526, False, 4, 2, 2908.7227160115303, 2907.8325600887756]
[11, 1, 0.21500000000000002, 0.01837651935079526, False, 6, 3, 2871.780121490594, 2870.6444137615836]
[11, 1, 0.21500000000000002, 0.01837651935079526, False, 8, 4, 26493.897191345346, 2803.891312396674]
[12, 1, 0.21500000000000002, 0.017594177772660285, False, 2, 1, 3124.1589118335, 3123.541597705027]
[12, 1, 0.21500000000000002, 0.017594177772660285, False, 4, 2, 3212.3641585216965, 3211.210859134322]
[12, 1, 0.21500000000000002, 0.017594177772660285, False, 6, 3, 3176.266019261689, 3174.818570851448]
[12, 1, 0.21500000000000002, 0.017594177772660285, False, 8, 4, 26488.44298775382, 3103.7660075498593]
[13, 1, 0.21500000000000002, 0.01690393922672755, False, 2, 1, 3407.636583847436, 3406.8338952123104]
[13, 1, 0.21500000000000002, 0.01690393922672755, False, 4, 2, 3520.8118909627797, 3519.3376539859237]
[13, 1, 0.21500000000000002, 0.01690393922672755, False, 6, 3, 3487.3516121418456, 3485.534712626314]
[14, 1, 0.21500000000000002, 0.016289043420900352, False, 2, 1, 3693.5803480550976, 3692.5542637266794]
[14, 1, 0.21500000000000002, 0.016289043420900352, False, 4, 2, 3834.0681159466303, 3832.206594071365]
[15, 1, 0.21500000000000002, 0.015736711003153693, False, 8, 4, 3834.0681159466303, 3832.206594071365]
[5, 2, 0.21500000000000002, 0.027256783001490394, False, 2, 1, 2154.855663349584, 2154.608441383335]
[5, 2, 0.21500000000000002, 0.027256783001490394, False, 4, 2, 2128.399595139325, 2127.7043864303605]
[5, 2, 0.21500000000000002, 0.027256783001490394, False, 6, 3, 26447.09517477049, 2044.900891965358]
[5, 2, 0.21500000000000002, 0.027256783001490394, False, 8, 4, 26404.538632973086, 1957.2760058068848]
[6, 2, 0.21500000000000002, 0.024881924824899426, False, 2, 1, 2594.730109116716, 2594.3198822279555]
[6, 2, 0.21500000000000002, 0.024881924824899426, False, 4, 2, 2585.3062691780883, 2584.262467937636]
[6, 2, 0.21500000000000002, 0.024881924824899426, False, 6, 3, 26437.151659559237, 2489.865924252163]
[6, 2, 0.21500000000000002, 0.024881924824899426, False, 8, 4, 26391.355641375194, 2382.827961971554]
[7, 2, 0.21500000000000002, 0.023036186123921516, False, 2, 1, 3033.4404433137483, 3032.805714118274]
[7, 2, 0.21500000000000002, 0.023036186123921516, False, 4, 2, 3048.362472100671, 3047.1877030301857]
[7, 2, 0.21500000000000002, 0.023036186123921516, False, 6, 3, 26426.929032102616, 2943.9409689075073]
[7, 2, 0.21500000000000002, 0.023036186123921516, False, 8, 4, 26377.808347481616, 2817.2717345642873]
[8, 2, 0.21500000000000002, 0.021548378993417577, False, 2, 1, 3469.783306496442, 3468.851103634116]
[8, 2, 0.21500000000000002, 0.021548378993417577, False, 4, 2, 3515.2879786718036, 3513.6270303719266]
[8, 2, 0.21500000000000002, 0.021548378993417577, False, 6, 3, 26416.337920902704, 3406.5736007992723]
[8, 2, 0.21500000000000002, 0.021548378993417577, False, 8, 4, 26363.778859457954, 3260.144446486479]
[9, 2, 0.21500000000000002, 0.020316006546431092, False, 2, 1, 3903.139183087413, 3901.825154982948]
[9, 2, 0.21500000000000002, 0.020316006546431092, False, 4, 2, 3985.960651349474, 3983.692738716232]
[9, 2, 0.21500000000000002, 0.020316006546431092, False, 6, 3, 3879.0467792333657, 3875.834028842383]
[9, 2, 0.21500000000000002, 0.020316006546431092, False, 8, 4, 26349.165766476224, 3711.082628513313]
[10, 2, 0.21500000000000002, 0.019273456093684076, False, 2, 1, 4332.879597040197, 4331.0876347308]
[10, 2, 0.21500000000000002, 0.019273456093684076, False, 4, 2, 4462.397525425831, 4459.391879338526]
[10, 2, 0.21500000000000002, 0.019273456093684076, False, 6, 3, 4352.95231627421, 4348.724823656162]
[10, 2, 0.21500000000000002, 0.019273456093684076, False, 8, 4, 26333.87519099442, 4169.752329562072]
[11, 2, 0.21500000000000002, 0.01837651935079526, False, 2, 1, 4759.0701869563845, 4756.693271730942]
[11, 2, 0.21500000000000002, 0.01837651935079526, False, 4, 2, 4942.221130429887, 4938.328176714273]
[11, 2, 0.21500000000000002, 0.01837651935079526, False, 6, 3, 4832.993505985483, 4827.565929937359]
[11, 2, 0.21500000000000002, 0.01837651935079526, False, 8, 4, 26317.815516436684, 4635.933832664818]
[12, 2, 0.21500000000000002, 0.017594177772660285, False, 2, 1, 5181.583951970337, 5178.503868123451]
[12, 2, 0.21500000000000002, 0.017594177772660285, False, 4, 2, 5424.950613153367, 5420.0045281090515]
[12, 2, 0.21500000000000002, 0.017594177772660285, False, 6, 3, 5318.819040334114, 5311.984765223693]
[12, 2, 0.21500000000000002, 0.017594177772660285, False, 8, 4, 26300.89390677476, 5109.419811117804]
[13, 2, 0.21500000000000002, 0.01690393922672755, False, 2, 1, 5599.6831067682115, 5596.4395847298365]
[13, 2, 0.21500000000000002, 0.01690393922672755, False, 4, 2, 5908.178609835535, 5901.992070909818]
[13, 2, 0.21500000000000002, 0.01690393922672755, False, 6, 3, 5810.73709926163, 5801.648066853722]
[14, 2, 0.21500000000000002, 0.016289043420900352, False, 2, 1, 6014.467520103477, 6010.463855920051]
[14, 2, 0.21500000000000002, 0.016289043420900352, False, 4, 2, 6391.791114958531, 6384.159820423688]
[15, 2, 0.21500000000000002, 0.015736711003153693, False, 8, 4, 6391.791114958531, 6384.159820423688]
[5, 3, 0.21500000000000002, 0.027256783001490394, False, 2, 1, 3123.154778688754, 3122.3563794752795]
[5, 3, 0.21500000000000002, 0.027256783001490394, False, 4, 2, 3065.3684862929417, 3063.8482658748258]
[5, 3, 0.21500000000000002, 0.027256783001490394, False, 6, 3, 26286.154328113513, 2892.0277750935675]
[5, 3, 0.21500000000000002, 0.027256783001490394, False, 8, 4, 26191.837452887637, 2716.030436536366]
[6, 3, 0.21500000000000002, 0.024881924824899426, False, 2, 1, 3725.9715224956904, 3724.678867199954]
[6, 3, 0.21500000000000002, 0.024881924824899426, False, 4, 2, 3703.354803159115, 3700.995440515684]
[6, 3, 0.21500000000000002, 0.024881924824899426, False, 6, 3, 26264.06002038221, 3506.567698660111]
[6, 3, 0.21500000000000002, 0.024881924824899426, False, 8, 4, 26162.748315404748, 3293.1257933692195]
[7, 3, 0.21500000000000002, 0.023036186123921516, False, 2, 1, 4316.3251357191975, 4314.37273852802]
[7, 3, 0.21500000000000002, 0.023036186123921516, False, 4, 2, 4343.2525764521415, 4339.816675523237]
[7, 3, 0.21500000000000002, 0.023036186123921516, False, 6, 3, 26241.381715185016, 4128.650694838345]
[7, 3, 0.21500000000000002, 0.023036186123921516, False, 8, 4, 26132.917874021023, 3877.8609749539264]
[8, 3, 0.21500000000000002, 0.021548378993417577, False, 2, 1, 4892.747983857687, 4889.948381496061]
[8, 3, 0.21500000000000002, 0.021548378993417577, False, 4, 2, 4979.654510162121, 4974.871451196607]
[8, 3, 0.21500000000000002, 0.021548378993417577, False, 6, 3, 26217.924504532093, 4757.294575977549]
[8, 3, 0.21500000000000002, 0.021548378993417577, False, 8, 4, 26102.092182320408, 4469.434076734948]
[9, 3, 0.21500000000000002, 0.020316006546431092, False, 2, 1, 5454.210331163422, 5451.050301176925]
[9, 3, 0.21500000000000002, 0.020316006546431092, False, 4, 2, 5613.188880994732, 5606.763421135439]
[9, 3, 0.21500000000000002, 0.020316006546431092, False, 6, 3, 5398.710275117358, 5388.777281982385]
[9, 3, 0.21500000000000002, 0.020316006546431092, False, 8, 4, 26070.05580058705, 5067.174352670216]
[10, 3, 0.21500000000000002, 0.019273456093684076, False, 2, 1, 6001.403467015419, 5997.251222858593]
[10, 3, 0.21500000000000002, 0.019273456093684076, False, 4, 2, 6248.101707495452, 6239.720870112555]
[10, 3, 0.21500000000000002, 0.019273456093684076, False, 6, 3, 6030.223403034927, 6017.379513774922]
[10, 3, 0.21500000000000002, 0.019273456093684076, False, 8, 4, 26036.612004293303, 5670.426123446894]
[11, 3, 0.21500000000000002, 0.01837651935079526, False, 2, 1, 6534.715014602002, 6529.407308764775]
[11, 3, 0.21500000000000002, 0.01837651935079526, False, 4, 2, 6879.847369929734, 6869.168107596664]
[11, 3, 0.21500000000000002, 0.01837651935079526, False, 6, 3, 6663.96605056739, 6647.705020851074]
[11, 3, 0.21500000000000002, 0.01837651935079526, False, 8, 4, 26000.045267146666, 6278.570064432589]
[12, 3, 0.21500000000000002, 0.017594177772660285, False, 2, 1, 7054.546079498953, 7047.915945765459]
[12, 3, 0.21500000000000002, 0.017594177772660285, False, 4, 2, 7507.68496204313, 7494.340260082818]
[12, 3, 0.21500000000000002, 0.017594177772660285, False, 6, 3, 7299.276110088044, 7279.051255391845]
[13, 3, 0.21500000000000002, 0.01690393922672755, False, 2, 1, 7561.343610637759, 7553.221752612828]
[13, 3, 0.21500000000000002, 0.01690393922672755, False, 4, 2, 8128.0926860249265, 8110.8092261536785]
[14, 3, 0.21500000000000002, 0.016289043420900352, False, 2, 1, 8055.5765638759785, 8045.792516662184]
[15, 3, 0.21500000000000002, 0.015736711003153693, False, 8, 4, 8055.5765638759785, 8045.792516662184]
[5, 4, 0.21500000000000002, 0.027256783001490394, False, 2, 1, 4058.660184475994, 4056.8052685761863]
[5, 4, 0.21500000000000002, 0.027256783001490394, False, 4, 2, 3957.7875707422845, 3954.5280524345567]
[5, 4, 0.21500000000000002, 0.027256783001490394, False, 6, 3, 26037.17188114564, 3667.978756387517]
[5, 4, 0.21500000000000002, 0.027256783001490394, False, 8, 4, 25854.454840818584, 3383.1142247164425]
[6, 4, 0.21500000000000002, 0.024881924824899426, False, 2, 1, 4798.509201192547, 4796.128483616395]
[6, 4, 0.21500000000000002, 0.024881924824899426, False, 4, 2, 4756.762662073206, 4751.752276166822]
[6, 4, 0.21500000000000002, 0.024881924824899426, False, 6, 3, 25994.947723970945, 4429.656289891199]
[6, 4, 0.21500000000000002, 0.024881924824899426, False, 8, 4, 25798.21796163697, 4086.4321090594713]
[7, 4, 0.21500000000000002, 0.023036186123921516, False, 2, 1, 5510.810041817806, 5507.345110155491]
[7, 4, 0.21500000000000002, 0.023036186123921516, False, 4, 2, 5549.681096468089, 5542.472638631731]
[7, 4, 0.21500000000000002, 0.023036186123921516, False, 6, 3, 25950.697884669076, 5194.707818575981]
[7, 4, 0.21500000000000002, 0.023036186123921516, False, 8, 4, 25740.75384892154, 4794.078435590856]
[8, 4, 0.21500000000000002, 0.021548378993417577, False, 2, 1, 6194.236662766248, 6189.450743754873]
[8, 4, 0.21500000000000002, 0.021548378993417577, False, 4, 2, 6328.9996880761255, 6318.407323374269]
[8, 4, 0.21500000000000002, 0.021548378993417577, False, 6, 3, 25905.057882502948, 5961.841836899307]
[8, 4, 0.21500000000000002, 0.021548378993417577, False, 8, 4, 25681.58973280966, 5504.973176611873]
[9, 4, 0.21500000000000002, 0.020316006546431092, False, 2, 1, 6849.522579960867, 6843.176352976981]
[9, 4, 0.21500000000000002, 0.020316006546431092, False, 4, 2, 7095.263984355932, 7081.208742875756]
[9, 4, 0.21500000000000002, 0.020316006546431092, False, 6, 3, 6745.096202590357, 6725.37502398191]
[9, 4, 0.21500000000000002, 0.020316006546431092, False, 8, 4, 25620.333854166893, 6218.195396714755]
[10, 4, 0.21500000000000002, 0.019273456093684076, False, 2, 1, 7477.153800702797, 7469.009382841798]
[10, 4, 0.21500000000000002, 0.019273456093684076, False, 4, 2, 7856.248289605522, 7838.126465255364]
[10, 4, 0.21500000000000002, 0.019273456093684076, False, 6, 3, 7501.8852529755195, 7476.645372135976]
[10, 4, 0.21500000000000002, 0.019273456093684076, False, 8, 4, 25556.63685065086, 6932.819731718122]
[11, 4, 0.21500000000000002, 0.01837651935079526, False, 2, 1, 8079.482014450459, 8069.306483543291]
[11, 4, 0.21500000000000002, 0.01837651935079526, False, 4, 2, 8605.095519088647, 8582.257890327599]
[11, 4, 0.21500000000000002, 0.01837651935079526, False, 6, 3, 8254.742108238906, 8223.14707620044]
[11, 4, 0.21500000000000002, 0.01837651935079526, False, 8, 4, 25490.169697593832, 7648.181282136856]
[12, 4, 0.21500000000000002, 0.017594177772660285, False, 2, 1, 8657.97801837734, 8645.545096118542]
[12, 4, 0.21500000000000002, 0.017594177772660285, False, 4, 2, 9340.834400111136, 9312.59916135663]
[12, 4, 0.21500000000000002, 0.017594177772660285, False, 6, 3, 9002.810073747762, 8963.978779245288]
[13, 4, 0.21500000000000002, 0.01690393922672755, False, 2, 1, 9214.061136253338, 9199.152578257992]
[13, 4, 0.21500000000000002, 0.01690393922672755, False, 4, 2, 10057.244211541323, 10022.89104720561]
[14, 4, 0.21500000000000002, 0.016289043420900352, False, 2, 1, 9749.077649811015, 9731.484094885167]
[15, 4, 0.21500000000000002, 0.015736711003153693, False, 8, 4, 9749.077649811015, 9731.484094885167]
[5, 5, 0.21500000000000002, 0.027256783001490394, False, 2, 1, 4926.373744462711, 4923.614781485741]
[5, 5, 0.21500000000000002, 0.027256783001490394, False, 4, 2, 4773.884466861421, 4767.48242601314]
[5, 5, 0.21500000000000002, 0.027256783001490394, False, 6, 3, 25667.184174130165, 4349.164187208169]
[5, 5, 0.21500000000000002, 0.027256783001490394, False, 8, 4, 25374.934239282105, 3946.738741627767]
[6, 5, 0.21500000000000002, 0.024881924824899426, False, 2, 1, 5776.872988945642, 5772.669017429107]
[6, 5, 0.21500000000000002, 0.024881924824899426, False, 4, 2, 5709.920471765923, 5700.285873813069]
[6, 5, 0.21500000000000002, 0.024881924824899426, False, 6, 3, 25598.034653507537, 5233.131772546859]
[6, 5, 0.21500000000000002, 0.024881924824899426, False, 8, 4, 25286.31825544087, 4751.326957451713]
[7, 5, 0.21500000000000002, 0.023036186123921516, False, 2, 1, 6582.334845617459, 6576.356517029054]
[7, 5, 0.21500000000000002, 0.023036186123921516, False, 4, 2, 6629.800452444418, 6616.143504931433]
[7, 5, 0.21500000000000002, 0.023036186123921516, False, 6, 3, 25527.499290461532, 6114.895442989557]
[7, 5, 0.21500000000000002, 0.023036186123921516, False, 8, 4, 25196.167311771962, 5555.8680331331525]
[8, 5, 0.21500000000000002, 0.021548378993417577, False, 2, 1, 7343.030174357625, 7334.954767432347]
[8, 5, 0.21500000000000002, 0.021548378993417577, False, 4, 2, 7522.565744276899, 7504.042238148717]
[8, 5, 0.21500000000000002, 0.021548378993417577, False, 6, 3, 7018.730665384613, 6992.8730205820275]
[8, 5, 0.21500000000000002, 0.021548378993417577, False, 8, 4, 25103.76569147379, 6359.106144617489]
[9, 5, 0.21500000000000002, 0.020316006546431092, False, 2, 1, 8061.484731218313, 8051.003210039686]
[9, 5, 0.21500000000000002, 0.020316006546431092, False, 4, 2, 8391.486046066428, 8367.21940068791]
[9, 5, 0.21500000000000002, 0.020316006546431092, False, 6, 3, 7893.158339872885, 7859.499020502422]
[9, 5, 0.21500000000000002, 0.020316006546431092, False, 8, 4, 25008.536931611292, 7159.967091804452]
[10, 5, 0.21500000000000002, 0.019273456093684076, False, 2, 1, 8739.653734783196, 8726.475355115737]
[10, 5, 0.21500000000000002, 0.019273456093684076, False, 4, 2, 9247.379322339908, 9216.471337796991]
[10, 5, 0.21500000000000002, 0.019273456093684076, False, 6, 3, 8746.000464661858, 8703.314944678721]
[10, 5, 0.21500000000000002, 0.019273456093684076, False, 8, 4, 24909.981833330996, 7957.350562814741]
[11, 5, 0.21500000000000002, 0.01837651935079526, False, 2, 1, 9381.83923294883, 9365.692855254343]
[11, 5, 0.21500000000000002, 0.01837651935079526, False, 4, 2, 10081.174080501149, 10042.690733011439]
[11, 5, 0.21500000000000002, 0.01837651935079526, False, 6, 3, 9587.986631040108, 9535.014691787568]
[11, 5, 0.21500000000000002, 0.01837651935079526, False, 8, 4, 24807.6435806784, 8750.49038100517]
[12, 5, 0.21500000000000002, 0.017594177772660285, False, 2, 1, 9991.989308962251, 9971.537521984817]
[12, 5, 0.21500000000000002, 0.017594177772660285, False, 4, 2, 10892.458469675557, 10845.44441316746]
[12, 5, 0.21500000000000002, 0.017594177772660285, False, 6, 3, 10418.231793596366, 10353.669460544452]
[13, 5, 0.21500000000000002, 0.01690393922672755, False, 2, 1, 10570.887056015756, 10546.651918788268]
[13, 5, 0.21500000000000002, 0.01690393922672755, False, 4, 2, 11671.906974668374, 11616.715238047447]
[14, 5, 0.21500000000000002, 0.016289043420900352, False, 2, 1, 11121.72195580089, 11093.432415447885]
[15, 5, 0.21500000000000002, 0.015736711003153693, False, 8, 4, 11121.72195580089, 11093.432415447885]
[5, 6, 0.21500000000000002, 0.027256783001490394, False, 2, 1, 5712.3253489544, 5707.975072704072]
[5, 6, 0.21500000000000002, 0.027256783001490394, False, 4, 2, 5499.692781467367, 5489.513624413993]
[5, 6, 0.21500000000000002, 0.027256783001490394, False, 6, 3, 25189.425969424825, 4933.612122840116]
[5, 6, 0.21500000000000002, 0.027256783001490394, False, 8, 4, 24767.38508362599, 4413.4439967423095]
[6, 6, 0.21500000000000002, 0.024881924824899426, False, 2, 1, 6648.514332396714, 6642.029131544687]
[6, 6, 0.21500000000000002, 0.024881924824899426, False, 4, 2, 6549.400632858232, 6534.2636378409425]
[6, 6, 0.21500000000000002, 0.024881924824899426, False, 6, 3, 25088.878489302715, 5917.020439478203]
[6, 6, 0.21500000000000002, 0.024881924824899426, False, 8, 4, 24640.89201308521, 5297.644043447441]
[7, 6, 0.21500000000000002, 0.023036186123921516, False, 2, 1, 7522.4491857129115, 7513.414969271547]
[7, 6, 0.21500000000000002, 0.023036186123921516, False, 4, 2, 7571.88464167792, 7550.670153033474]
[7, 6, 0.21500000000000002, 0.023036186123921516, False, 6, 3, 24986.759237717975, 6891.823835873627]
[7, 6, 0.21500000000000002, 0.023036186123921516, False, 8, 4, 24512.894650196315, 6176.979955458681]
[8, 6, 0.21500000000000002, 0.021548378993417577, False, 2, 1, 8336.07726614674, 8324.109786418656]
[8, 6, 0.21500000000000002, 0.021548378993417577, False, 4, 2, 8553.753512914562, 8525.30606328246]
[8, 6, 0.21500000000000002, 0.021548378993417577, False, 6, 3, 7895.213592419443, 7856.341553410437]
[8, 6, 0.21500000000000002, 0.021548378993417577, False, 8, 4, 24382.40948097803, 7050.112194798723]
[9, 6, 0.21500000000000002, 0.020316006546431092, False, 2, 1, 9094.27630942344, 9079.0262536974]
[9, 6, 0.21500000000000002, 0.020316006546431092, False, 4, 2, 9500.245774303163, 9463.394756816451]
[9, 6, 0.21500000000000002, 0.020316006546431092, False, 6, 3, 8851.540793287963, 8801.328880226658]
[9, 6, 0.21500000000000002, 0.020316006546431092, False, 8, 4, 24248.66988407535, 7915.898334528456]
[10, 6, 0.21500000000000002, 0.019273456093684076, False, 2, 1, 9801.960859286859, 9782.035917732239]
[10, 6, 0.21500000000000002, 0.019273456093684076, False, 4, 2, 10424.682955907194, 10379.51039530493]
[10, 6, 0.21500000000000002, 0.019273456093684076, False, 6, 3, 9776.034773690295, 9712.858946551218]
[10, 6, 0.21500000000000002, 0.019273456093684076, False, 8, 4, 24112.012080171495, 8773.250170823749]
[11, 6, 0.21500000000000002, 0.01837651935079526, False, 2, 1, 10463.787285860251, 10439.616977181657]
[11, 6, 0.21500000000000002, 0.01837651935079526, False, 4, 2, 11318.139926177591, 11262.592721724266]
[11, 6, 0.21500000000000002, 0.01837651935079526, False, 6, 3, 10682.66500949961, 10604.86636750031]
[11, 6, 0.21500000000000002, 0.01837651935079526, False, 8, 4, 23985.390053564774, 9622.986145374103]
[12, 6, 0.21500000000000002, 0.017594177772660285, False, 2, 1, 11084.884884546505, 11056.152874499872]
[12, 6, 0.21500000000000002, 0.017594177772660285, False, 4, 2, 12179.77354955348, 12112.751441798708]
[12, 6, 0.21500000000000002, 0.017594177772660285, False, 6, 3, 11569.355619603202, 11476.534723540044]
[13, 6, 0.21500000000000002, 0.01690393922672755, False, 2, 1, 11669.114342691078, 11635.531692275565]
[13, 6, 0.21500000000000002, 0.01690393922672755, False, 4, 2, 13000.203914280788, 12920.654488187374]
[14, 6, 0.21500000000000002, 0.016289043420900352, False, 2, 1, 12219.884179737237, 12181.187196305225]
[15, 6, 0.21500000000000002, 0.015736711003153693, False, 8, 4, 12219.884179737237, 12181.187196305225]
[5, 7, 0.21500000000000002, 0.027256783001490394, False, 2, 1, 6412.175920232711, 6405.947699909461]
[5, 7, 0.21500000000000002, 0.027256783001490394, False, 4, 2, 6135.88229348236, 6121.137828023164]
[5, 7, 0.21500000000000002, 0.027256783001490394, False, 6, 3, 24609.31249046147, 5428.195936748725]
[5, 7, 0.21500000000000002, 0.027256783001490394, False, 8, 4, 24052.159131063818, 4796.306503931457]
[6, 7, 0.21500000000000002, 0.024881924824899426, False, 2, 1, 7412.9542552068815, 7403.847828685364]
[6, 7, 0.21500000000000002, 0.024881924824899426, False, 4, 2, 7278.484836653235, 7256.795707913243]
[6, 7, 0.21500000000000002, 0.024881924824899426, False, 6, 3, 24473.521518630965, 6491.295610813151]
[6, 7, 0.21500000000000002, 0.024881924824899426, False, 8, 4, 23902.974582633447, 5743.68337645118]
[7, 7, 0.21500000000000002, 0.023036186123921516, False, 2, 1, 8335.215023482302, 8322.755100536788]
[7, 7, 0.21500000000000002, 0.023036186123921516, False, 4, 2, 8381.65878680842, 8352.54392629309]
[7, 7, 0.21500000000000002, 0.023036186123921516, False, 6, 3, 24336.301007074417, 7539.168082324466]
[7, 7, 0.21500000000000002, 0.023036186123921516, False, 8, 4, 23752.589278476655, 6681.720741570908]
[8, 7, 0.21500000000000002, 0.021548378993417577, False, 2, 1, 9183.388089672939, 9167.156363796472]
[8, 7, 0.21500000000000002, 0.021548378993417577, False, 4, 2, 9431.535464662356, 9392.9354587762]
[8, 7, 0.21500000000000002, 0.021548378993417577, False, 6, 3, 8622.621470302127, 8570.146831038908]
[8, 7, 0.21500000000000002, 0.021548378993417577, False, 8, 4, 23599.86511800787, 7609.072846457304]
[9, 7, 0.21500000000000002, 0.020316006546431092, False, 2, 1, 9966.029268637163, 9944.392930621198]
[9, 7, 0.21500000000000002, 0.020316006546431092, False, 4, 2, 10434.839380097046, 10385.419062796096]
[9, 7, 0.21500000000000002, 0.020316006546431092, False, 6, 3, 9641.859014914919, 9574.420308391378]
[9, 7, 0.21500000000000002, 0.020316006546431092, False, 8, 4, 23443.93378812995, 8524.60218882961]
[10, 7, 0.21500000000000002, 0.019273456093684076, False, 2, 1, 10686.719250283702, 10660.19003236825]
[10, 7, 0.21500000000000002, 0.019273456093684076, False, 4, 2, 11409.926684088445, 11348.3356170151]
[10, 7, 0.21500000000000002, 0.019273456093684076, False, 6, 3, 10620.695696232688, 10536.430331462168]
[10, 7, 0.21500000000000002, 0.019273456093684076, False, 8, 4, 23284.086250507542, 9427.099577725901]
[11, 7, 0.21500000000000002, 0.01837651935079526, False, 2, 1, 11354.923271341082, 11323.156265245267]
[11, 7, 0.21500000000000002, 0.01837651935079526, False, 4, 2, 12344.011474034058, 12268.958685025254]
[11, 7, 0.21500000000000002, 0.01837651935079526, False, 6, 3, 11575.338361581837, 11472.307477482862]
[11, 7, 0.21500000000000002, 0.01837651935079526, False, 8, 4, 10435.152478363, 10315.810743344855]
[12, 7, 0.21500000000000002, 0.017594177772660285, False, 2, 1, 11976.42191596391, 11939.112740435705]
[12, 7, 0.21500000000000002, 0.017594177772660285, False, 4, 2, 13237.840409580458, 13148.076994583887]
[12, 7, 0.21500000000000002, 0.017594177772660285, False, 6, 3, 12505.178457545497, 12381.446795003956]
[13, 7, 0.21500000000000002, 0.01690393922672755, False, 2, 1, 12556.217221024237, 12513.097451272353]
[13, 7, 0.21500000000000002, 0.01690393922672755, False, 4, 2, 14080.974140017926, 13975.358553066628]
[14, 7, 0.21500000000000002, 0.016289043420900352, False, 2, 1, 13098.630783064418, 13049.463522326878]
[15, 7, 0.21500000000000002, 0.015736711003153693, False, 8, 4, 13098.630783064418, 13049.463522326878]
[5, 8, 0.21500000000000002, 0.027256783001490394, False, 2, 1, 7029.05131209298, 7020.73604766889]
[5, 8, 0.21500000000000002, 0.027256783001490394, False, 4, 2, 6687.073285087062, 6668.043291778964]
[5, 8, 0.21500000000000002, 0.027256783001490394, False, 6, 3, 23957.41791346581, 5844.902387340709]
[5, 8, 0.21500000000000002, 0.027256783001490394, False, 8, 4, 23317.677964817067, 5112.941620791434]
[6, 8, 0.21500000000000002, 0.024881924824899426, False, 2, 1, 8077.94790165899, 8065.994217607928]
[6, 8, 0.21500000000000002, 0.024881924824899426, False, 4, 2, 7904.512938080249, 7876.697597917328]
[6, 8, 0.21500000000000002, 0.024881924824899426, False, 6, 3, 23803.014199214165, 6973.080040291829]
[6, 8, 0.21500000000000002, 0.024881924824899426, False, 8, 4, 23130.07874527589, 6109.341555813691]
[7, 8, 0.21500000000000002, 0.023036186123921516, False, 2, 1, 9034.598736556361, 9017.55394010539]
[7, 8, 0.21500000000000002, 0.023036186123921516, False, 4, 2, 9072.505324264555, 9034.236853902043]
[7, 8, 0.21500000000000002, 0.023036186123921516, False, 6, 3, 23647.49164385808, 8079.991882456111]
[7, 8, 0.21500000000000002, 0.023036186123921516, False, 8, 4, 22942.103291902087, 7091.780103429414]
[8, 8, 0.21500000000000002, 0.021548378993417577, False, 2, 1, 9904.412925695005, 9882.371043343666]
[8, 8, 0.21500000000000002, 0.021548378993417577, False, 4, 2, 10173.892952766642, 10123.591830521325]
[8, 8, 0.21500000000000002, 0.021548378993417577, False, 6, 3, 9231.509071837676, 9164.072143698988]
[8, 8, 0.21500000000000002, 0.021548378993417577, False, 8, 4, 22752.344959066657, 8058.940164663978]
[9, 8, 0.21500000000000002, 0.020316006546431092, False, 2, 1, 10697.808806722398, 10670.322379676907]
[9, 8, 0.21500000000000002, 0.020316006546431092, False, 4, 2, 11218.393183603712, 11154.531457898158]
[9, 8, 0.21500000000000002, 0.020316006546431092, False, 6, 3, 10299.688809225388, 10213.447884027466]
[9, 8, 0.21500000000000002, 0.020316006546431092, False, 8, 4, 22559.762667210813, 9009.716677979546]
[10, 8, 0.21500000000000002, 0.019273456093684076, False, 2, 1, 11422.331699701266, 11389.022806674777]
[10, 8, 0.21500000000000002, 0.019273456093684076, False, 4, 2, 12228.913078165013, 12149.94461742345]
[10, 8, 0.21500000000000002, 0.019273456093684076, False, 6, 3, 11318.849105714695, 11210.373355137785]
[10, 8, 0.21500000000000002, 0.019273456093684076, False, 8, 4, 22363.535327356894, 9942.909291965869]
[11, 8, 0.21500000000000002, 0.01837651935079526, False, 2, 1, 12088.521127447628, 12049.065019024181]
[11, 8, 0.21500000000000002, 0.01837651935079526, False, 4, 2, 13191.882106953915, 13096.383437404005]
[11, 8, 0.21500000000000002, 0.01837651935079526, False, 6, 3, 12306.751101718399, 12174.753771697819]
[11, 8, 0.21500000000000002, 0.01837651935079526, False, 8, 4, 11005.27767617654, 10854.417136166949]
[12, 8, 0.21500000000000002, 0.017594177772660285, False, 2, 1, 12703.445608543356, 12657.56599610962]
[12, 8, 0.21500000000000002, 0.017594177772660285, False, 4, 2, 14109.150511261325, 13994.123084978903]
[12, 8, 0.21500000000000002, 0.017594177772660285, False, 6, 3, 13264.03555687478, 13106.243377057246]
[13, 8, 0.21500000000000002, 0.01690393922672755, False, 2, 1, 13273.10493588073, 13220.566652947942]
[13, 8, 0.21500000000000002, 0.01690393922672755, False, 4, 2, 14966.591217756411, 14832.07247183351]
[14, 8, 0.21500000000000002, 0.016289043420900352, False, 2, 1, 13802.594002107664, 13743.196474765471]
[15, 8, 0.21500000000000002, 0.015736711003153693, False, 8, 4, 13802.594002107664, 13743.196474765471]
[5, 9, 0.21500000000000002, 0.027256783001490394, False, 2, 1, 7569.833803827523, 7559.291634167612]
[5, 9, 0.21500000000000002, 0.027256783001490394, False, 4, 2, 7162.7981753456315, 7138.616024292586]
[5, 9, 0.21500000000000002, 0.027256783001490394, False, 6, 3, 23286.738114451346, 6197.807546570808]
[5, 9, 0.21500000000000002, 0.027256783001490394, False, 8, 4, 22509.76276320667, 5372.064794899584]
[6, 9, 0.21500000000000002, 0.024881924824899426, False, 2, 1, 8654.693885014853, 8638.864283872897]
[6, 9, 0.21500000000000002, 0.024881924824899426, False, 4, 2, 8441.748420674965, 8406.661240892678]
[6, 9, 0.21500000000000002, 0.024881924824899426, False, 6, 3, 23097.621897512763, 7377.246024255657]
[6, 9, 0.21500000000000002, 0.024881924824899426, False, 8, 4, 22285.119161006554, 6406.472312240739]
[7, 9, 0.21500000000000002, 0.023036186123921516, False, 2, 1, 9632.958915210933, 9611.766171867683]
[7, 9, 0.21500000000000002, 0.023036186123921516, False, 4, 2, 9661.883679660168, 9613.959681469018]
[7, 9, 0.21500000000000002, 0.023036186123921516, False, 6, 3, 8593.474923939708, 8529.24074918567]
[7, 9, 0.21500000000000002, 0.023036186123921516, False, 8, 4, 22004.849044301256, 7418.186308341716]
[8, 9, 0.21500000000000002, 0.021548378993417577, False, 2, 1, 10514.520955302454, 10487.436782843502]
[8, 9, 0.21500000000000002, 0.021548378993417577, False, 4, 2, 10804.220713269546, 10741.693208691395]
[8, 9, 0.21500000000000002, 0.021548378993417577, False, 6, 3, 9736.820177266472, 9652.374391447576]
[8, 9, 0.21500000000000002, 0.021548378993417577, False, 8, 4, 21718.058541426028, 8408.409164270617]
[9, 9, 0.21500000000000002, 0.020316006546431092, False, 2, 1, 11311.598420529712, 11278.18644844416]
[9, 9, 0.21500000000000002, 0.020316006546431092, False, 4, 2, 11880.719430852689, 11801.90598286363]
[9, 9, 0.21500000000000002, 0.020316006546431092, False, 6, 3, 10841.264806446861, 10733.792502564838]
[9, 9, 0.21500000000000002, 0.020316006546431092, False, 8, 4, 21431.062795867798, 9376.575767769393]
[10, 9, 0.21500000000000002, 0.019273456093684076, False, 2, 1, 12033.483891018353, 11993.392190790157]
[10, 9, 0.21500000000000002, 0.019273456093684076, False, 4, 2, 12918.222834008093, 12819.860691204132]
[10, 9, 0.21500000000000002, 0.019273456093684076, False, 6, 3, 11887.364646405485, 11754.362219745417]
[10, 9, 0.21500000000000002, 0.019273456093684076, False, 8, 4, 10470.15868969394, 10321.483555255947]
[11, 9, 0.21500000000000002, 0.01837651935079526, False, 2, 1, 12692.490634922326, 12645.426526634692]
[11, 9, 0.21500000000000002, 0.01837651935079526, False, 4, 2, 13898.603940035118, 13780.275259254257]
[11, 9, 0.21500000000000002, 0.01837651935079526, False, 6, 3, 12891.82345414799, 12730.637387901059]
[11, 9, 0.21500000000000002, 0.01837651935079526, False, 8, 4, 11423.82936454439, 11242.456604329855]
[12, 9, 0.21500000000000002, 0.017594177772660285, False, 2, 1, 13296.80796433924, 13242.531800519286]
[12, 9, 0.21500000000000002, 0.017594177772660285, False, 4, 2, 14825.198513720616, 14685.414565865216]
[12, 9, 0.21500000000000002, 0.017594177772660285, False, 6, 3, 13854.761195136305, 13664.235559097393]
[13, 9, 0.21500000000000002, 0.01690393922672755, False, 2, 1, 13853.278504334663, 13791.593914801077]
[13, 9, 0.21500000000000002, 0.01690393922672755, False, 4, 2, 15686.137331813641, 15523.646591233375]
[14, 9, 0.21500000000000002, 0.016289043420900352, False, 2, 1, 14366.042222729944, 14298.3768911882]
[15, 9, 0.21500000000000002, 0.015736711003153693, False, 8, 4, 14366.042222729944, 14298.3768911882]
[5, 1, 0.22875, 0.027256783001490394, False, 2, 1, 1183.05800141933, 1183.0194205918683]
[5, 1, 0.22875, 0.027256783001490394, False, 4, 2, 1175.0120089331385, 1174.9114968895499]
[5, 1, 0.22875, 0.027256783001490394, False, 6, 3, 26539.719808564656, 1150.1064670652481]
[5, 1, 0.22875, 0.027256783001490394, False, 8, 4, 26527.60528074987, 1122.9131150222925]
[6, 1, 0.22875, 0.024881924824899426, False, 2, 1, 1438.6947601497272, 1438.6291289894032]
[6, 1, 0.22875, 0.024881924824899426, False, 4, 2, 1435.384691727242, 1435.2286307535167]
[6, 1, 0.22875, 0.024881924824899426, False, 6, 3, 26536.893442819914, 1406.6500227130196]
[6, 1, 0.22875, 0.024881924824899426, False, 8, 4, 26523.84286002212, 1373.1548585851417]
[7, 1, 0.22875, 0.023036186123921516, False, 2, 1, 1698.7017303700034, 1698.5976311918987]
[7, 1, 0.22875, 0.023036186123921516, False, 4, 2, 1702.5423794776332, 1702.3110833991084]
[7, 1, 0.22875, 0.023036186123921516, False, 6, 3, 26533.98504512214, 1670.7109528665821]
[7, 1, 0.22875, 0.023036186123921516, False, 8, 4, 26519.971710740025, 1630.7413567927624]
[8, 1, 0.22875, 0.021548378993417577, False, 2, 1, 1962.5795573623993, 1962.4228079141394]
[8, 1, 0.22875, 0.021548378993417577, False, 4, 2, 1975.6162528285338, 1975.2852153628683]
[8, 1, 0.22875, 0.021548378993417577, False, 6, 3, 26530.968925475503, 1942.1239289184127]
[8, 1, 0.22875, 0.021548378993417577, False, 8, 4, 26515.957685590132, 1895.530526319536]
[9, 1, 0.22875, 0.020316006546431092, False, 2, 1, 2230.015504658536, 2229.7889209574128]
[9, 1, 0.22875, 0.020316006546431092, False, 4, 2, 2254.5991239121427, 2254.1396025146996]
[9, 1, 0.22875, 0.020316006546431092, False, 6, 3, 2220.9554794371675, 2220.3476180219914]
[9, 1, 0.22875, 0.020316006546431092, False, 8, 4, 26511.77117097628, 2167.444743683637]
[10, 1, 0.22875, 0.019273456093684076, False, 2, 1, 2500.706232064921, 2500.389274377456]
[10, 1, 0.22875, 0.019273456093684076, False, 4, 2, 2540.160615930697, 2539.5409131031643]
[10, 1, 0.22875, 0.019273456093684076, False, 6, 3, 2505.249414157912, 2504.441907284765]
[10, 1, 0.22875, 0.019273456093684076, False, 8, 4, 26507.384534035937, 2446.4409080491614]
[11, 1, 0.22875, 0.01837651935079526, False, 2, 1, 2774.584272021613, 2774.152936272646]
[11, 1, 0.22875, 0.01837651935079526, False, 4, 2, 2831.61085494589, 2830.7924533290507]
[11, 1, 0.22875, 0.01837651935079526, False, 6, 3, 2796.2666151751546, 2795.217496615909]
[11, 1, 0.22875, 0.01837651935079526, False, 8, 4, 26502.77060507749, 2732.533016392489]
[12, 1, 0.22875, 0.017594177772660285, False, 2, 1, 3051.5367998152633, 3050.963251731211]
[12, 1, 0.22875, 0.017594177772660285, False, 4, 2, 3128.8544882515707, 3127.7925942025063]
[12, 1, 0.22875, 0.017594177772660285, False, 6, 3, 3093.982879472989, 3092.6443538033914]
[13, 1, 0.22875, 0.01690393922672755, False, 2, 1, 3331.4819967259696, 3330.73425943157]
[13, 1, 0.22875, 0.01690393922672755, False, 4, 2, 3431.2118380628544, 3429.8524498251213]
[14, 1, 0.22875, 0.016289043420900352, False, 2, 1, 3614.3634022681977, 3613.405023914249]
[5, 2, 0.22875, 0.027256783001490394, False, 2, 1, 2103.8744351963314, 2103.6448906051955]
[5, 2, 0.22875, 0.027256783001490394, False, 4, 2, 2077.8624724736733, 2077.2191744262777]
[5, 2, 0.22875, 0.027256783001490394, False, 6, 3, 26460.978751280752, 1999.622739325593]
[5, 2, 0.22875, 0.027256783001490394, False, 8, 4, 26422.954538076207, 1917.0711503543068]
[6, 2, 0.22875, 0.024881924824899426, False, 2, 1, 2536.8777973357383, 2536.4953941728963]
[6, 2, 0.22875, 0.024881924824899426, False, 4, 2, 2525.711648959663, 2524.743242831969]
[6, 2, 0.22875, 0.024881924824899426, False, 6, 3, 26452.096223669472, 2435.9575168750275]
[6, 2, 0.22875, 0.024881924824899426, False, 8, 4, 26411.171046819432, 2334.9726247786048]
[7, 2, 0.22875, 0.023036186123921516, False, 2, 1, 2969.9070503337734, 2969.31300821508]
[7, 2, 0.22875, 0.023036186123921516, False, 4, 2, 2980.26941042385, 2979.1712893038]
[7, 2, 0.22875, 0.023036186123921516, False, 6, 3, 26442.96310005343, 2881.6489321600625]
[7, 2, 0.22875, 0.023036186123921516, False, 8, 4, 26399.05970924985, 2761.969026849699]
[8, 2, 0.22875, 0.021548378993417577, False, 2, 1, 3401.808790521482, 3400.9328456888484]
[8, 2, 0.22875, 0.021548378993417577, False, 4, 2, 3439.452224537063, 3437.896353951689]
[8, 2, 0.22875, 0.021548378993417577, False, 6, 3, 26433.499412312394, 3336.177940099479]
[8, 2, 0.22875, 0.021548378993417577, False, 8, 4, 26386.514919708665, 3197.621984076369]
[9, 2, 0.22875, 0.020316006546431092, False, 2, 1, 3831.945667631263, 3830.705966530382]
[9, 2, 0.22875, 0.020316006546431092, False, 4, 2, 3903.033781327257, 3900.9045126907263]
[9, 2, 0.22875, 0.020316006546431092, False, 6, 3, 3800.8550606691074, 3797.827241956447]
[9, 2, 0.22875, 0.020316006546431092, False, 8, 4, 26373.445725765374, 3641.592102351324]
[10, 2, 0.22875, 0.019273456093684076, False, 2, 1, 4259.669885228288, 4257.972421336437]
[10, 2, 0.22875, 0.019273456093684076, False, 4, 2, 4372.944448063988, 4370.116353746728]
[10, 2, 0.22875, 0.019273456093684076, False, 6, 3, 4267.680293706384, 4263.690660059383]
[10, 2, 0.22875, 0.019273456093684076, False, 8, 4, 26359.767831152898, 4093.5723003004687]
[11, 2, 0.22875, 0.01837651935079526, False, 2, 1, 4684.990017147339, 4682.7293134510965]
[11, 2, 0.22875, 0.01837651935079526, False, 4, 2, 4846.963054873362, 4843.291849439102]
[11, 2, 0.22875, 0.01837651935079526, False, 6, 3, 4741.101581061528, 4735.971795327949]
[12, 2, 0.22875, 0.017594177772660285, False, 2, 1, 5107.739453113294, 5104.798106534366]
[12, 2, 0.22875, 0.017594177772660285, False, 4, 2, 5324.639013232353, 5319.963988386609]
[13, 2, 0.22875, 0.01690393922672755, False, 2, 1, 5527.175613386607, 5524.05849239114]
[5, 3, 0.22875, 0.027256783001490394, False, 2, 1, 3067.841981572078, 3067.0872898852194]
[5, 3, 0.22875, 0.027256783001490394, False, 4, 2, 3010.553068749034, 3009.111922121788]
[5, 3, 0.22875, 0.027256783001490394, False, 6, 3, 26317.061676060406, 2846.1368624919987]
[5, 3, 0.22875, 0.027256783001490394, False, 8, 4, 26232.57440745225, 2678.1555767243917]
[6, 3, 0.22875, 0.024881924824899426, False, 2, 1, 3666.720671673207, 3665.492095689596]
[6, 3, 0.22875, 0.024881924824899426, False, 4, 2, 3640.5089727739323, 3638.266856918021]
[6, 3, 0.22875, 0.024881924824899426, False, 6, 3, 26297.279723872845, 3453.12209143266]
[6, 3, 0.22875, 0.024881924824899426, False, 8, 4, 26206.495100183878, 3249.0643514266726]
[7, 3, 0.22875, 0.023036186123921516, False, 2, 1, 4255.290798679291, 4253.425140890728]
[7, 3, 0.22875, 0.023036186123921516, False, 4, 2, 4273.548471650952, 4270.274963410229]
[7, 3, 0.22875, 0.023036186123921516, False, 6, 3, 26276.968711311525, 4068.294014197252]
[7, 3, 0.22875, 0.023036186123921516, False, 8, 4, 26179.740538229962, 3828.1305566362726]
[8, 3, 0.22875, 0.021548378993417577, False, 2, 1, 4832.048060314166, 4829.3585240909315]
[8, 3, 0.22875, 0.021548378993417577, False, 4, 2, 4904.648686929836, 4900.07919567921]
[8, 3, 0.22875, 0.021548378993417577, False, 6, 3, 26255.953516673908, 4690.704377325112]
[8, 3, 0.22875, 0.021548378993417577, False, 8, 4, 26152.082031234313, 4414.574157020296]
[9, 3, 0.22875, 0.020316006546431092, False, 2, 1, 5395.838955444582, 5392.781180756546]
[9, 3, 0.22875, 0.020316006546431092, False, 4, 2, 5534.129144502858, 5527.973030091124]
[9, 3, 0.22875, 0.020316006546431092, False, 6, 3, 5326.493768707544, 5316.978349793695]
[9, 3, 0.22875, 0.020316006546431092, False, 8, 4, 26123.325054685323, 5007.746629231923]
[10, 3, 0.22875, 0.019273456093684076, False, 2, 1, 5947.155154575024, 5943.1171192535385]
[10, 3, 0.22875, 0.019273456093684076, False, 4, 2, 6166.074119572189, 6158.022560576709]
[10, 3, 0.22875, 0.019273456093684076, False, 6, 3, 5953.789478382385, 5941.460429181729]
[10, 3, 0.22875, 0.019273456093684076, False, 8, 4, 26093.291517569018, 5607.01910968387]
[11, 3, 0.22875, 0.01837651935079526, False, 2, 1, 6486.21926960346, 6481.032340785176]
[11, 3, 0.22875, 0.01837651935079526, False, 4, 2, 6796.143568683042, 6785.855469219136]
[11, 3, 0.22875, 0.01837651935079526, False, 6, 3, 6584.198739042442, 6568.557644904238]
[12, 3, 0.22875, 0.017594177772660285, False, 2, 1, 7013.284938721395, 7006.774919116696]
[12, 3, 0.22875, 0.017594177772660285, False, 4, 2, 7423.5954203369465, 7410.703677057765]
[13, 3, 0.22875, 0.01690393922672755, False, 2, 1, 7528.663457391864, 7520.65200841833]
[5, 4, 0.22875, 0.027256783001490394, False, 2, 1, 4010.5659420282745, 4008.7805669629215]
[5, 4, 0.22875, 0.027256783001490394, False, 4, 2, 3909.688682366025, 3906.5456165036694]
[5, 4, 0.22875, 0.027256783001490394, False, 6, 3, 26093.794414854598, 3631.554333652577]
[5, 4, 0.22875, 0.027256783001490394, False, 8, 4, 25933.546356530816, 3356.5433175809967]
[6, 4, 0.22875, 0.024881924824899426, False, 2, 1, 4751.924975141752, 4749.614297471231]
[6, 4, 0.22875, 0.024881924824899426, False, 4, 2, 4704.0365337165895, 4699.191459048412]
[6, 4, 0.22875, 0.024881924824899426, False, 6, 3, 26057.531759311383, 4388.943464177809]
[6, 4, 0.22875, 0.024881924824899426, False, 8, 4, 25882.867530968684, 4056.8874328398997]
[7, 4, 0.22875, 0.023036186123921516, False, 2, 1, 5468.593651202592, 5465.21002180201]
[7, 4, 0.22875, 0.023036186123921516, False, 4, 2, 5494.09473322333, 5487.103849817237]
[7, 4, 0.22875, 0.023036186123921516, False, 6, 3, 26020.19045971683, 5150.820073967571]
[7, 4, 0.22875, 0.023036186123921516, False, 8, 4, 25831.04416765691, 4762.339575759032]
[8, 4, 0.22875, 0.021548378993417577, False, 2, 1, 6159.064109406275, 6154.362792959336]
[8, 4, 0.22875, 0.021548378993417577, False, 4, 2, 6272.7626036439415, 6262.469337848226]
[8, 4, 0.22875, 0.021548378993417577, False, 6, 3, 25979.11613767777, 5915.634363750012]
[8, 4, 0.22875, 0.021548378993417577, False, 8, 4, 25777.647021578676, 5471.82613859362]
[9, 4, 0.22875, 0.020316006546431092, False, 2, 1, 6823.723042518799, 6817.453409811082]
[9, 4, 0.22875, 0.020316006546431092, False, 4, 2, 7040.085883064766, 7026.382462276226]
[9, 4, 0.22875, 0.020316006546431092, False, 6, 3, 6697.584861650967, 6678.326032301284]
[9, 4, 0.22875, 0.020316006546431092, False, 8, 4, 25722.31866283076, 6184.4345021452755]
[10, 4, 0.22875, 0.019273456093684076, False, 2, 1, 7462.742713143631, 7454.652351653153]
[10, 4, 0.22875, 0.019273456093684076, False, 4, 2, 7803.598587468056, 7785.874858418464]
[10, 4, 0.22875, 0.019273456093684076, False, 6, 3, 7454.8820056549575, 7430.180456142526]
[10, 4, 0.22875, 0.019273456093684076, False, 8, 4, 25664.738762052388, 6899.253823418714]
[11, 4, 0.22875, 0.01837651935079526, False, 2, 1, 8078.1456208491545, 8067.9844791258365]
[11, 4, 0.22875, 0.01837651935079526, False, 4, 2, 8556.641251604566, 8534.23512315161]
[11, 4, 0.22875, 0.01837651935079526, False, 6, 3, 8209.43342702609, 8178.445581001029]
[12, 4, 0.22875, 0.017594177772660285, False, 2, 1, 8671.147145804252, 8658.669483624779]
[12, 4, 0.22875, 0.017594177772660285, False, 4, 2, 9298.43843421493, 9270.64932489644]
[13, 4, 0.22875, 0.01690393922672755, False, 2, 1, 9242.94512564449, 9227.911288418822]
[5, 5, 0.22875, 0.027256783001490394, False, 2, 1, 4895.370338110613, 4892.665281186188]
[5, 5, 0.22875, 0.027256783001490394, False, 4, 2, 4741.8105533311555, 4735.549250074256]
[5, 5, 0.22875, 0.027256783001490394, False, 6, 3, 25764.639400306303, 4329.803643178156]
[5, 5, 0.22875, 0.027256783001490394, False, 8, 4, 25500.225790392815, 3936.6339859281156]
[6, 5, 0.22875, 0.024881924824899426, False, 2, 1, 5754.11764303197, 5749.967091213648]
[6, 5, 0.22875, 0.024881924824899426, False, 4, 2, 5678.315962262666, 5668.86133590644]
[6, 5, 0.22875, 0.024881924824899426, False, 6, 3, 25702.16635451671, 5213.790139206483]
[6, 5, 0.22875, 0.024881924824899426, False, 8, 4, 25419.854157610822, 4742.2047586976505]
[7, 5, 0.22875, 0.023036186123921516, False, 2, 1, 6570.998100464893, 6565.05685869737]
[7, 5, 0.22875, 0.023036186123921516, False, 4, 2, 6600.773694421917, 6587.32697952166]
[7, 5, 0.22875, 0.023036186123921516, False, 6, 3, 25638.383596887405, 6096.820939381883]
[7, 5, 0.22875, 0.023036186123921516, False, 8, 4, 25337.997367346903, 5548.656695682225]
[8, 5, 0.22875, 0.021548378993417577, False, 2, 1, 7345.907480157289, 7337.831989250015]
[8, 5, 0.22875, 0.021548378993417577, False, 4, 2, 7498.799703236322, 7480.497829697905]
[8, 5, 0.22875, 0.021548378993417577, False, 6, 3, 7002.901140547882, 6977.299752431141]
[8, 5, 0.22875, 0.021548378993417577, False, 8, 4, 25254.000030675794, 6354.719051661812]
[9, 5, 0.22875, 0.020316006546431092, False, 2, 1, 8080.838171387183, 8070.294479598462]
[9, 5, 0.22875, 0.020316006546431092, False, 4, 2, 8374.847778157497, 8350.78725102829]
[9, 5, 0.22875, 0.020316006546431092, False, 6, 3, 7881.575067413172, 7848.1857637797975]
[9, 5, 0.22875, 0.020316006546431092, False, 8, 4, 25167.3304475648, 7159.306881623423]
[10, 5, 0.22875, 0.019273456093684076, False, 2, 1, 8777.284233654551, 8763.953379549313]
[10, 5, 0.22875, 0.019273456093684076, False, 4, 2, 9239.520214514576, 9208.772927428288]
[10, 5, 0.22875, 0.019273456093684076, False, 6, 3, 8740.217855383386, 8697.780414588931]
[10, 5, 0.22875, 0.019273456093684076, False, 8, 4, 25077.524690831906, 7961.3168119039265]
[11, 5, 0.22875, 0.01837651935079526, False, 2, 1, 9439.121600354827, 9422.702270427495]
[11, 5, 0.22875, 0.01837651935079526, False, 4, 2, 10083.883198856089, 10045.47377596791]
[11, 5, 0.22875, 0.01837651935079526, False, 6, 3, 9589.316221845746, 9536.535602707483]
[12, 5, 0.22875, 0.017594177772660285, False, 2, 1, 10070.023462582785, 10049.100938786085]
[12, 5, 0.22875, 0.017594177772660285, False, 4, 2, 10907.40055375221, 10860.323685516103]
[13, 5, 0.22875, 0.01690393922672755, False, 2, 1, 10670.445028284481, 10645.528367391267]
[5, 6, 0.22875, 0.027256783001490394, False, 2, 1, 5705.715669787525, 5701.3862093160005]
[5, 6, 0.22875, 0.027256783001490394, False, 4, 2, 5490.092741107742, 5479.992364224407]
[5, 6, 0.22875, 0.027256783001490394, False, 6, 3, 25331.87248974695, 4935.354339997435]
[5, 6, 0.22875, 0.027256783001490394, False, 8, 4, 24947.392234573905, 4422.146775808706]
[6, 6, 0.22875, 0.024881924824899426, False, 2, 1, 6657.256630297228, 6650.75573819047]
[6, 6, 0.22875, 0.024881924824899426, False, 4, 2, 6545.930532089973, 6530.858661899423]
[6, 6, 0.22875, 0.024881924824899426, False, 6, 3, 25240.45772570627, 5923.6300388598875]
[6, 6, 0.22875, 0.024881924824899426, False, 8, 4, 24831.76402597389, 5311.427828433762]
[7, 6, 0.22875, 0.023036186123921516, False, 2, 1, 7549.587114557389, 7540.470160062634]
[7, 6, 0.22875, 0.023036186123921516, False, 4, 2, 7576.919210132078, 7555.723223848395]
[7, 6, 0.22875, 0.023036186123921516, False, 6, 3, 25147.49560204555, 6904.650367648365]
[7, 6, 0.22875, 0.023036186123921516, False, 8, 4, 24714.57829460462, 6196.815294315761]
[8, 6, 0.22875, 0.021548378993417577, False, 2, 1, 8384.34069207825, 8372.187798059902]
[8, 6, 0.22875, 0.021548378993417577, False, 4, 2, 8570.143422180072, 8541.6190741924]
[8, 6, 0.22875, 0.021548378993417577, False, 6, 3, 7915.708291689872, 7876.688069995858]
[8, 6, 0.22875, 0.021548378993417577, False, 8, 4, 24594.92712621602, 7076.934157557275]
[9, 6, 0.22875, 0.020316006546431092, False, 2, 1, 9165.62995955452, 9150.053131075963]
[9, 6, 0.22875, 0.020316006546431092, False, 4, 2, 9528.817719293387, 9492.70126334165]
[9, 6, 0.22875, 0.020316006546431092, False, 6, 3, 8881.556942959694, 8831.060701414039]
[9, 6, 0.22875, 0.020316006546431092, False, 8, 4, 24472.096217901326, 7950.613373779316]
[10, 6, 0.22875, 0.019273456093684076, False, 2, 1, 9897.485474818013, 9876.994807829049]
[10, 6, 0.22875, 0.019273456093684076, False, 4, 2, 10468.96925095168, 10423.391595430967]
[10, 6, 0.22875, 0.019273456093684076, False, 6, 3, 9817.042728990877, 9753.372119435222]
[10, 6, 0.22875, 0.019273456093684076, False, 8, 4, 24345.48226751949, 8816.641457211665]
[11, 6, 0.22875, 0.01837651935079526, False, 2, 1, 10584.297298316751, 10559.305099051922]
[11, 6, 0.22875, 0.01837651935079526, False, 4, 2, 11378.880335413554, 11322.659300014382]
[11, 6, 0.22875, 0.01837651935079526, False, 6, 3, 10735.953166843668, 10657.377237477165]
[12, 6, 0.22875, 0.017594177772660285, False, 2, 1, 11230.89774797716, 11201.036590676986]
[12, 6, 0.22875, 0.017594177772660285, False, 4, 2, 12258.470521767278, 12190.428021508487]
[13, 6, 0.22875, 0.01690393922672755, False, 2, 1, 11840.893074510815, 11805.822837963135]
[5, 7, 0.22875, 0.027256783001490394, False, 2, 1, 6435.180643560078, 6428.899591886664]
[5, 7, 0.22875, 0.027256783001490394, False, 4, 2, 6152.6580877269635, 6137.834878125699]
[5, 7, 0.22875, 0.027256783001490394, False, 6, 3, 24802.868961428685, 5452.913106045791]
[5, 7, 0.22875, 0.027256783001490394, False, 8, 4, 24283.586698334115, 4823.685809245955]
[6, 7, 0.22875, 0.024881924824899426, False, 2, 1, 7458.182597175968, 7448.93243614607]
[6, 7, 0.22875, 0.024881924824899426, False, 4, 2, 7306.582106152218, 7285.433990253187]
[6, 7, 0.22875, 0.024881924824899426, False, 6, 3, 24678.494178146422, 6525.721945925576]
[6, 7, 0.22875, 0.024881924824899426, False, 8, 4, 24129.340056167246, 5778.7728118114455]
[7, 7, 0.22875, 0.023036186123921516, False, 2, 1, 8405.237250358872, 8392.496970143795]
[7, 7, 0.22875, 0.023036186123921516, False, 4, 2, 8424.852555732881, 8395.414787976677]
[7, 7, 0.22875, 0.023036186123921516, False, 6, 3, 24552.601859765105, 7584.63364081643]
[7, 7, 0.22875, 0.023036186123921516, False, 8, 4, 23989.810296140015, 6726.3021196311265]
[8, 7, 0.22875, 0.021548378993417577, False, 2, 1, 9281.121415881678, 9263.471712686485]
[8, 7, 0.22875, 0.021548378993417577, False, 4, 2, 9491.889661108611, 9452.729973223773]
[8, 7, 0.22875, 0.021548378993417577, False, 6, 3, 8681.106385853347, 8627.906753895693]
[8, 7, 0.22875, 0.021548378993417577, False, 8, 4, 23848.90411830571, 7664.08679153239]
[9, 7, 0.22875, 0.020316006546431092, False, 2, 1, 10090.887893690044, 10068.46238257197]
[9, 7, 0.22875, 0.020316006546431092, False, 4, 2, 10513.861919472789, 10463.56044976395]
[9, 7, 0.22875, 0.020316006546431092, False, 6, 3, 9713.944234359513, 9645.44261158749]
[9, 7, 0.22875, 0.020316006546431092, False, 8, 4, 23704.774528139733, 8590.87949927753]
[10, 7, 0.22875, 0.019273456093684076, False, 2, 1, 10840.259434780493, 10812.607450048767]
[10, 7, 0.22875, 0.019273456093684076, False, 4, 2, 11509.104879630731, 11446.224889555473]
[10, 7, 0.22875, 0.019273456093684076, False, 6, 3, 10706.288660701617, 10620.5244686136]
[10, 7, 0.22875, 0.019273456093684076, False, 8, 4, 23556.750016026723, 9505.439360534032]
[11, 7, 0.22875, 0.01837651935079526, False, 2, 1, 11537.374129822072, 11504.089230789805]
[11, 7, 0.22875, 0.01837651935079526, False, 4, 2, 12464.762843302666, 12387.913752334623]
[11, 7, 0.22875, 0.01837651935079526, False, 6, 3, 11676.827369311615, 11571.764851944647]
[12, 7, 0.22875, 0.017594177772660285, False, 2, 1, 12187.7166218849, 12148.434560194084]
[12, 7, 0.22875, 0.017594177772660285, False, 4, 2, 13381.37123515865, 13289.197920533936]
[13, 7, 0.22875, 0.01690393922672755, False, 2, 1, 12796.076908200786, 12750.47178111767]
[5, 8, 0.22875, 0.027256783001490394, False, 2, 1, 7084.021408821911, 7075.538433069316]
[5, 8, 0.22875, 0.027256783001490394, False, 4, 2, 6732.113345165926, 6712.798475389485]
[5, 8, 0.22875, 0.027256783001490394, False, 6, 3, 24185.62591433183, 5891.434996716458]
[5, 8, 0.22875, 0.027256783001490394, False, 8, 4, 23587.88014446586, 5157.46603181725]
[6, 8, 0.22875, 0.024881924824899426, False, 2, 1, 8161.300203807568, 8149.019240117822]
[6, 8, 0.22875, 0.024881924824899426, False, 4, 2, 7967.315932164332, 7938.991878114879]
[6, 8, 0.22875, 0.024881924824899426, False, 6, 3, 24036.276652695033, 7032.968666795313]
[6, 8, 0.22875, 0.024881924824899426, False, 8, 4, 23413.872236332518, 6165.98381334842]
[7, 8, 0.22875, 0.023036186123921516, False, 2, 1, 9148.270930949608, 9130.614847189088]
[7, 8, 0.22875, 0.023036186123921516, False, 4, 2, 9155.230138407118, 9116.139733990278]
[7, 8, 0.22875, 0.023036186123921516, False, 6, 3, 23892.872839775482, 8154.9610246759]
[7, 8, 0.22875, 0.023036186123921516, False, 8, 4, 23239.13668112207, 7161.375585955089]
[8, 8, 0.22875, 0.021548378993417577, False, 2, 1, 10049.633927850517, 10026.657581768086]
[8, 8, 0.22875, 0.021548378993417577, False, 4, 2, 10279.041948502134, 10227.496928912602]
[8, 8, 0.22875, 0.021548378993417577, False, 6, 3, 9325.159954431228, 9255.24270431342]
[8, 8, 0.22875, 0.021548378993417577, False, 8, 4, 23062.363077387967, 8142.262412679047]
[9, 8, 0.22875, 0.020316006546431092, False, 2, 1, 10875.109138694035, 10846.290887542877]
[9, 8, 0.22875, 0.020316006546431092, False, 4, 2, 11347.05887005743, 11281.418036767409]
[9, 8, 0.22875, 0.020316006546431092, False, 6, 3, 10412.046113517408, 10322.525037295582]
[9, 8, 0.22875, 0.020316006546431092, False, 8, 4, 22882.57145607061, 9107.489143680494]
[10, 8, 0.22875, 0.019273456093684076, False, 2, 1, 11631.675564030478, 11596.565353863349]
[10, 8, 0.22875, 0.019273456093684076, False, 4, 2, 12381.390992715793, 12299.991277782163]
[10, 8, 0.22875, 0.019273456093684076, False, 6, 3, 11449.617273475767, 11338.12357928887]
[10, 8, 0.22875, 0.019273456093684076, False, 8, 4, 22698.979575713165, 10055.815679653399]
[11, 8, 0.22875, 0.01837651935079526, False, 2, 1, 12329.518538360073, 12287.723592310811]
[11, 8, 0.22875, 0.01837651935079526, False, 4, 2, 13369.050825680713, 13268.903988743972]
[11, 8, 0.22875, 0.01837651935079526, False, 6, 3, 12457.917961068837, 12322.004728554903]
[12, 8, 0.22875, 0.017594177772660285, False, 2, 1, 12975.474084503036, 12926.654576029568]
[12, 8, 0.22875, 0.017594177772660285, False, 4, 2, 14310.590672177419, 14191.228336595415]
[13, 8, 0.22875, 0.01690393922672755, False, 2, 1, 13575.392829604505, 13519.254952808515]
[5, 9, 0.22875, 0.027256783001490394, False, 2, 1, 7657.796421697257, 7646.9344004614695]
[5, 9, 0.22875, 0.027256783001490394, False, 4, 2, 7236.526303206049, 7211.7656170077325]
[5, 9, 0.22875, 0.027256783001490394, False, 6, 3, 23559.20799641286, 6266.028286449793]
[5, 9, 0.22875, 0.027256783001490394, False, 8, 4, 22835.829056350332, 5433.307085344796]
[6, 9, 0.22875, 0.024881924824899426, False, 2, 1, 8776.465894029569, 8760.009022674241]
[6, 9, 0.22875, 0.024881924824899426, False, 4, 2, 8537.281964628928, 8501.241203747979]
[6, 9, 0.22875, 0.024881924824899426, False, 6, 3, 23383.7284321804, 7463.463017023259]
[6, 9, 0.22875, 0.024881924824899426, False, 8, 4, 22625.501535539985, 6482.893262964891]
[7, 9, 0.22875, 0.023036186123921516, False, 2, 1, 9789.567010378934, 9767.38909787714]
[7, 9, 0.22875, 0.023036186123921516, False, 4, 2, 9780.43055770073, 9731.054641625478]
[7, 9, 0.22875, 0.023036186123921516, False, 6, 3, 23207.556035708603, 8634.50507417627]
[7, 9, 0.22875, 0.023036186123921516, False, 8, 4, 22415.541174322458, 7514.867798568392]
[8, 9, 0.22875, 0.021548378993417577, False, 2, 1, 10706.44886449052, 10677.934873211754]
[8, 9, 0.22875, 0.021548378993417577, False, 4, 2, 10949.42335901394, 10884.808417088138]
[8, 9, 0.22875, 0.021548378993417577, False, 6, 3, 9864.80510082429, 9777.628373281832]
[8, 9, 0.22875, 0.021548378993417577, False, 8, 4, 22188.724376312894, 8526.46958598857]
[9, 9, 0.22875, 0.020316006546431092, False, 2, 1, 11538.647357059894, 11503.278041992711]
[9, 9, 0.22875, 0.020316006546431092, False, 4, 2, 12054.541351583106, 11971.531414388548]
[9, 9, 0.22875, 0.020316006546431092, False, 6, 3, 10991.667863072687, 10880.55430965059]
[9, 9, 0.22875, 0.020316006546431092, False, 8, 4, 21914.439627366148, 9512.931303978425]
[10, 9, 0.22875, 0.019273456093684076, False, 2, 1, 12294.945330720944, 12252.29165857252]
[10, 9, 0.22875, 0.019273456093684076, False, 4, 2, 13119.19811080614, 13016.841612232512]
[10, 9, 0.22875, 0.019273456093684076, False, 6, 3, 12060.722966813255, 11922.988061922915]
[10, 9, 0.22875, 0.019273456093684076, False, 8, 4, 21638.12688560301, 10476.681822473816]
[11, 9, 0.22875, 0.01837651935079526, False, 2, 1, 12987.40251900352, 12937.101889880034]
[11, 9, 0.22875, 0.01837651935079526, False, 4, 2, 14128.615484251966, 14005.154995197543]
[11, 9, 0.22875, 0.01837651935079526, False, 6, 3, 13093.32043879049, 12927.637755679261]
[12, 9, 0.22875, 0.017594177772660285, False, 2, 1, 13624.054724878131, 13565.804709430417]
[12, 9, 0.22875, 0.017594177772660285, False, 4, 2, 15084.730370605022, 14938.514110887492]
[13, 9, 0.22875, 0.01690393922672755, False, 2, 1, 14210.143648296169, 14145.21536806211]
[5, 1, 0.24250000000000005, 0.027256783001490394, False, 2, 1, 1149.7330723207217, 1149.6977063935778]
[5, 1, 0.24250000000000005, 0.027256783001490394, False, 4, 2, 1141.9063762079807, 1141.8144317365961]
[5, 1, 0.24250000000000005, 0.027256783001490394, False, 6, 3, 26543.44377821421, 1118.7425174124915]
[5, 1, 0.24250000000000005, 0.027256783001490394, False, 8, 4, 26532.563269530066, 1093.356135588098]
[6, 1, 0.24250000000000005, 0.024881924824899426, False, 2, 1, 1399.2174621286363, 1399.1571816004946]
[6, 1, 0.24250000000000005, 0.024881924824899426, False, 4, 2, 1395.482067745581, 1395.3390964987275]
[6, 1, 0.24250000000000005, 0.024881924824899426, False, 6, 3, 26540.905467798257, 1368.676644902121]
[6, 1, 0.24250000000000005, 0.024881924824899426, False, 8, 4, 26529.18374911334, 1337.3758704493375]
[7, 1, 0.24250000000000005, 0.023036186123921516, False, 2, 1, 1653.3417373358232, 1653.2459300600744]
[7, 1, 0.24250000000000005, 0.023036186123921516, False, 4, 2, 1655.8722249618634, 1655.6600492089924]
[7, 1, 0.24250000000000005, 0.023036186123921516, False, 6, 3, 26538.293388083264, 1626.0731222750408]
[7, 1, 0.24250000000000005, 0.023036186123921516, False, 8, 4, 26525.706392217322, 1588.6834940869167]
[8, 1, 0.24250000000000005, 0.021548378993417577, False, 2, 1, 1911.6492596218084, 1911.50469675162]
[8, 1, 0.24250000000000005, 0.021548378993417577, False, 4, 2, 1922.295280357339, 1921.991240417626]
[8, 1, 0.24250000000000005, 0.021548378993417577, False, 6, 3, 26535.58445673858, 1890.7819239457217]
[8, 1, 0.24250000000000005, 0.021548378993417577, False, 8, 4, 26522.100508019725, 1847.1492337581933]
[9, 1, 0.24250000000000005, 0.020316006546431092, False, 2, 1, 2173.8499046038946, 2173.6404935663154]
[9, 1, 0.24250000000000005, 0.020316006546431092, False, 4, 2, 2194.719737809236, 2194.297129003318]
[9, 1, 0.24250000000000005, 0.020316006546431092, False, 6, 3, 2162.8964359323318, 2162.33446041628]
[9, 1, 0.24250000000000005, 0.020316006546431092, False, 8, 4, 26518.339471726973, 2112.7069209449573]
[10, 1, 0.24250000000000005, 0.019273456093684076, False, 2, 1, 2439.6627244396773, 2439.369149109643]
[10, 1, 0.24250000000000005, 0.019273456093684076, False, 4, 2, 2473.7894433393926, 2473.218813138713]
[10, 1, 0.24250000000000005, 0.019273456093684076, False, 6, 3, 2440.5847156169643, 2439.837532442345]
[10, 1, 0.24250000000000005, 0.019273456093684076, False, 8, 4, 26514.398431388654, 2385.3255492875064]
[11, 1, 0.24250000000000005, 0.01837651935079526, False, 2, 1, 2709.027573047967, 2708.6271686114587]
[11, 1, 0.24250000000000005, 0.01837651935079526, False, 4, 2, 2758.877589900573, 2758.1230483234053]
[11, 1, 0.24250000000000005, 0.01837651935079526, False, 6, 3, 2725.0343758183913, 2724.0627545353395]
[12, 1, 0.24250000000000005, 0.017594177772660285, False, 2, 1, 2981.8441056207253, 2981.3104826717254]
[12, 1, 0.24250000000000005, 0.017594177772660285, False, 4, 2, 3049.909420440184, 3048.9291315142186]
[13, 1, 0.24250000000000005, 0.01690393922672755, False, 2, 1, 3258.0420567858996, 3257.3447725546152]
[5, 2, 0.24250000000000005, 0.027256783001490394, False, 2, 1, 2055.029234627679, 2054.815783356028]
[5, 2, 0.24250000000000005, 0.027256783001490394, False, 4, 2, 2029.5301131509573, 2028.9337796152256]
[5, 2, 0.24250000000000005, 0.027256783001490394, False, 6, 3, 26472.69277476829, 1956.0141621229359]
[5, 2, 0.24250000000000005, 0.027256783001490394, False, 8, 4, 26438.501013107743, 1878.064071871202]
[6, 2, 0.24250000000000005, 0.024881924824899426, False, 2, 1, 2481.037832561813, 2480.6810091402654]
[6, 2, 0.24250000000000005, 0.024881924824899426, False, 4, 2, 2468.518245676248, 2467.618421901287]
[6, 2, 0.24250000000000005, 0.024881924824899426, False, 6, 3, 26464.70702651986, 2383.9043581579203]
[6, 2, 0.24250000000000005, 0.024881924824899426, False, 8, 4, 26427.901752317634, 2288.4252341400597]
[7, 2, 0.24250000000000005, 0.023036186123921516, False, 2, 1, 2908.0964080558733, 2907.5401604874583]
[7, 2, 0.24250000000000005, 0.023036186123921516, False, 4, 2, 2914.956359314691, 2913.6496556244238]
[7, 2, 0.24250000000000005, 0.023036186123921516, False, 6, 3, 26456.495021342642, 2821.342821524244]
[7, 2, 0.24250000000000005, 0.023036186123921516, False, 8, 4, 26417.005906370396, 2708.0390871968343]
[8, 2, 0.24250000000000005, 0.021548378993417577, False, 2, 1, 3335.104738128684, 3334.2816329382845]
[8, 2, 0.24250000000000005, 0.021548378993417577, False, 4, 2, 3366.097596081388, 3364.638950850551]
[8, 2, 0.24250000000000005, 0.021548378993417577, False, 6, 3, 26447.984763442295, 3267.8416239115786]
[8, 2, 0.24250000000000005, 0.021548378993417577, False, 8, 4, 26405.718307485407, 3136.4904086607407]
[9, 2, 0.24250000000000005, 0.020316006546431092, False, 2, 1, 3761.420166450688, 3760.2511109709326]
[9, 2, 0.24250000000000005, 0.020316006546431092, False, 4, 2, 3822.4699357973013, 3820.469680473394]
[9, 2, 0.24250000000000005, 0.020316006546431092, False, 6, 3, 3724.7259035834277, 3721.871187473893]
[9, 2, 0.24250000000000005, 0.020316006546431092, False, 8, 4, 26393.956908760487, 3573.4624219198104]
[10, 2, 0.24250000000000005, 0.019273456093684076, False, 2, 1, 4186.388012227512, 4184.781531741541]
[10, 2, 0.24250000000000005, 0.019273456093684076, False, 4, 2, 4285.647944355165, 4282.986021404242]
[10, 2, 0.24250000000000005, 0.019273456093684076, False, 6, 3, 4184.379222175177, 4180.613078292031]
[10, 2, 0.24250000000000005, 0.019273456093684076, False, 8, 4, 26381.64559128212, 4018.673090208222]
[11, 2, 0.24250000000000005, 0.01837651935079526, False, 2, 1, 4609.9750661224725, 4607.827832612411]
[11, 2, 0.24250000000000005, 0.01837651935079526, False, 4, 2, 4753.552781109046, 4750.090376365217]
[11, 2, 0.24250000000000005, 0.01837651935079526, False, 6, 3, 4651.016649336055, 4646.167806133406]
[12, 2, 0.24250000000000005, 0.017594177772660285, False, 2, 1, 5031.987750625406, 5029.18397455384]
[12, 2, 0.24250000000000005, 0.017594177772660285, False, 4, 2, 5225.764377312733, 5221.346233306177]
[13, 2, 0.24250000000000005, 0.01690393922672755, False, 2, 1, 5451.6905643305645, 5448.701300852086]
[5, 3, 0.24250000000000005, 0.027256783001490394, False, 2, 1, 3012.786348965772, 3012.0734428819214]
[5, 3, 0.24250000000000005, 0.027256783001490394, False, 4, 2, 2956.2041008020465, 2954.8384811916]
[5, 3, 0.24250000000000005, 0.027256783001490394, False, 6, 3, 26343.192269387513, 2800.030440578542]
[5, 3, 0.24250000000000005, 0.027256783001490394, False, 8, 4, 26267.05622087654, 2639.554624559184]
[6, 3, 0.24250000000000005, 0.024881924824899426, False, 2, 1, 3606.8504174781715, 3605.6842392790572]
[6, 3, 0.24250000000000005, 0.024881924824899426, False, 4, 2, 3577.7736766457383, 3575.6444337316916]
[6, 3, 0.24250000000000005, 0.024881924824899426, False, 6, 3, 26325.373098608252, 3399.1448488784235]
[6, 3, 0.24250000000000005, 0.024881924824899426, False, 8, 4, 26243.538062698226, 3203.910425377954]
[7, 3, 0.24250000000000005, 0.023036186123921516, False, 2, 1, 4192.541122727048, 4190.761686160954]
[7, 3, 0.24250000000000005, 0.023036186123921516, False, 4, 2, 4203.450294317393, 4200.334460638186]
[7, 3, 0.24250000000000005, 0.023036186123921516, False, 6, 3, 26307.072639565144, 4007.001264198971]
[7, 3, 0.24250000000000005, 0.023036186123921516, False, 8, 4, 26219.402803271063, 3776.8729454960894]
[8, 3, 0.24250000000000005, 0.021548378993417577, False, 2, 1, 4768.341339276932, 4765.763843706382]
[8, 3, 0.24250000000000005, 0.021548378993417577, False, 4, 2, 4828.5625845375935, 4824.2024982288995]
[8, 3, 0.24250000000000005, 0.021548378993417577, False, 6, 3, 26288.132673474116, 4622.685807190354]
[8, 3, 0.24250000000000005, 0.021548378993417577, False, 8, 4, 26194.443418505565, 4357.684904331074]
[9, 3, 0.24250000000000005, 0.020316006546431092, False, 2, 1, 5333.010790512341, 5330.060262124989]
[9, 3, 0.24250000000000005, 0.020316006546431092, False, 4, 2, 5453.169776638178, 5447.2805910409825]
[9, 3, 0.24250000000000005, 0.020316006546431092, False, 6, 3, 5252.240407412753, 5243.139060956284]
[9, 3, 0.24250000000000005, 0.020316006546431092, False, 8, 4, 26168.483419149252, 4945.72063503315]
[10, 3, 0.24250000000000005, 0.019273456093684076, False, 2, 1, 5886.873288519541, 5882.9591691712085]
[10, 3, 0.24250000000000005, 0.019273456093684076, False, 4, 2, 6081.209882999876, 6073.488330560486]
[10, 3, 0.24250000000000005, 0.019273456093684076, False, 6, 3, 5874.592454994741, 5862.778127600497]
[11, 3, 0.24250000000000005, 0.01837651935079526, False, 2, 1, 6430.0182550543805, 6424.968158389685]
[11, 3, 0.24250000000000005, 0.01837651935079526, False, 4, 2, 6708.538553456465, 6698.647355505698]
[12, 3, 0.24250000000000005, 0.017594177772660285, False, 2, 1, 6962.577170535623, 6956.211418734436]
[5, 4, 0.24250000000000005, 0.027256783001490394, False, 2, 1, 3959.6411506130994, 3957.9272526306336]
[5, 4, 0.24250000000000005, 0.027256783001490394, False, 4, 2, 3859.214968586705, 3856.1902742044326]
[5, 4, 0.24250000000000005, 0.027256783001490394, False, 6, 3, 26141.815107007165, 3592.220257590653]
[5, 4, 0.24250000000000005, 0.027256783001490394, False, 8, 4, 26000.803159010906, 3326.7759509462703]
[6, 4, 0.24250000000000005, 0.024881924824899426, False, 2, 1, 4700.797051769965, 4698.561284554263]
[6, 4, 0.24250000000000005, 0.024881924824899426, False, 4, 2, 4647.877391955538, 4643.202937011413]
[6, 4, 0.24250000000000005, 0.024881924824899426, False, 6, 3, 26109.05359695686, 4344.270604242471]
[6, 4, 0.24250000000000005, 0.024881924824899426, False, 8, 4, 25954.90002954487, 4023.2477550344574]
[7, 4, 0.24250000000000005, 0.023036186123921516, False, 2, 1, 5419.926990187726, 5416.634812344565]
[7, 4, 0.24250000000000005, 0.023036186123921516, False, 4, 2, 5433.850437220425, 5427.087987414758]
[7, 4, 0.24250000000000005, 0.023036186123921516, False, 6, 3, 26075.473558862937, 5101.728436575819]
[7, 4, 0.24250000000000005, 0.023036186123921516, False, 8, 4, 25907.930289121196, 4725.53568436124]
[8, 4, 0.24250000000000005, 0.021548378993417577, False, 2, 1, 6115.38730249047, 6110.788330507049]
[8, 4, 0.24250000000000005, 0.021548378993417577, False, 4, 2, 6210.446627569312, 6200.474250831565]
[8, 4, 0.24250000000000005, 0.021548378993417577, False, 6, 3, 26040.790525154574, 5863.28524264125]
[8, 4, 0.24250000000000005, 0.021548378993417577, False, 8, 4, 25859.50258326036, 5432.576319574937]
[9, 4, 0.24250000000000005, 0.020316006546431092, False, 2, 1, 6787.272865092983, 6781.107646161156]
[9, 4, 0.24250000000000005, 0.020316006546431092, False, 4, 2, 6977.286857196534, 6963.970720443235]
[9, 4, 0.24250000000000005, 0.020316006546431092, False, 6, 3, 6642.753244834311, 6624.004510044795]
[9, 4, 0.24250000000000005, 0.020316006546431092, False, 8, 4, 25809.289667828252, 6143.468625882774]
[10, 4, 0.24250000000000005, 0.019273456093684076, False, 2, 1, 7435.488336143703, 7427.492463669751]
[10, 4, 0.24250000000000005, 0.019273456093684076, False, 4, 2, 7741.677464578486, 7724.405298689279]
[10, 4, 0.24250000000000005, 0.019273456093684076, False, 6, 3, 7399.194272783374, 7375.098983992522]
[11, 4, 0.24250000000000005, 0.01837651935079526, False, 2, 1, 8061.76434794175, 8051.673097621611]
[11, 4, 0.24250000000000005, 0.01837651935079526, False, 4, 2, 8497.157609258631, 8475.25964068279]
[12, 4, 0.24250000000000005, 0.017594177772660285, False, 2, 1, 8667.08850019118, 8654.638972581983]
[5, 5, 0.24250000000000005, 0.027256783001490394, False, 2, 1, 4857.823855684325, 4855.182253296879]
[5, 5, 0.24250000000000005, 0.027256783001490394, False, 4, 2, 4703.73137524194, 4697.630125984071]
[5, 5, 0.24250000000000005, 0.027256783001490394, False, 6, 3, 25847.70067884867, 4304.5783047010755]
[5, 5, 0.24250000000000005, 0.027256783001490394, False, 8, 4, 25607.38696906121, 3920.908281467962]
[6, 5, 0.24250000000000005, 0.024881924824899426, False, 2, 1, 5722.3728547782475, 5718.293839658074]
[6, 5, 0.24250000000000005, 0.024881924824899426, False, 4, 2, 5638.952496113689, 5629.710889993975]
[6, 5, 0.24250000000000005, 0.024881924824899426, False, 6, 3, 25790.992051955902, 5187.069289178788]
[6, 5, 0.24250000000000005, 0.024881924824899426, False, 8, 4, 25534.186978379497, 4726.096745061131]
[7, 5, 0.24250000000000005, 0.023036186123921516, False, 2, 1, 6548.126562630958, 6542.252347130738]
[7, 5, 0.24250000000000005, 0.023036186123921516, False, 4, 2, 6562.275104704533, 6549.090609402727]
[7, 5, 0.24250000000000005, 0.023036186123921516, False, 6, 3, 25733.049570312363, 6069.768019350173]
[7, 5, 0.24250000000000005, 0.023036186123921516, False, 8, 4, 25459.561136290315, 5533.036716898501]
[8, 5, 0.24250000000000005, 0.021548378993417577, False, 2, 1, 7334.662341580916, 7326.63182716572]
[8, 5, 0.24250000000000005, 0.021548378993417577, False, 4, 2, 7463.491514524274, 7445.489180673062]
[8, 5, 0.24250000000000005, 0.021548378993417577, False, 6, 3, 25673.396797249938, 6951.072567612098]
[8, 5, 0.24250000000000005, 0.021548378993417577, False, 8, 4, 25382.90732267339, 6340.448413862223]
[9, 5, 0.24250000000000005, 0.020316006546431092, False, 2, 1, 8083.499130771067, 8072.956539161249]
[9, 5, 0.24250000000000005, 0.020316006546431092, False, 4, 2, 8344.52401794391, 8320.780508035406]
[9, 5, 0.24250000000000005, 0.020316006546431092, False, 6, 3, 7857.418326945176, 7824.44356118862]
[9, 5, 0.24250000000000005, 0.020316006546431092, False, 8, 4, 25303.733968655142, 7147.241260247452]
[10, 5, 0.24250000000000005, 0.019273456093684076, False, 2, 1, 8795.715574364365, 8782.316441832541]
[10, 5, 0.24250000000000005, 0.019273456093684076, False, 4, 2, 9215.762385773718, 9185.32700757642]
[10, 5, 0.24250000000000005, 0.019273456093684076, False, 6, 3, 8719.987256761226, 8677.989489629203]
[11, 5, 0.24250000000000005, 0.01837651935079526, False, 2, 1, 9474.79067844761, 9458.205755924133]
[11, 5, 0.24250000000000005, 0.01837651935079526, False, 4, 2, 10068.425042827721, 10030.289126198146]
[12, 5, 0.24250000000000005, 0.017594177772660285, False, 2, 1, 10124.128504472104, 10102.880457576262]
[5, 6, 0.24250000000000005, 0.027256783001490394, False, 2, 1, 5688.727610225288, 5684.441313665384]
[5, 6, 0.24250000000000005, 0.027256783001490394, False, 4, 2, 5471.248055247699, 5461.274323139962]
[5, 6, 0.24250000000000005, 0.027256783001490394, False, 6, 3, 25453.974346131734, 4928.482718374686]
[5, 6, 0.24250000000000005, 0.027256783001490394, False, 8, 4, 25102.452025893857, 4423.114392232968]
[6, 6, 0.24250000000000005, 0.024881924824899426, False, 2, 1, 6652.632616776119, 6646.153445699252]
[6, 6, 0.24250000000000005, 0.024881924824899426, False, 4, 2, 6530.840330739227, 6515.9094625551]
[6, 6, 0.24250000000000005, 0.024881924824899426, False, 6, 3, 25370.541728430646, 5919.621595456601]
[6, 6, 0.24250000000000005, 0.024881924824899426, False, 8, 4, 24996.422434361793, 5315.7439251048745]
[7, 6, 0.24250000000000005, 0.023036186123921516, False, 2, 1, 7560.402246908087, 7551.258927057256]
[7, 6, 0.24250000000000005, 0.023036186123921516, False, 4, 2, 7567.864323634874, 7546.799278098437]
[7, 6, 0.24250000000000005, 0.023036186123921516, False, 6, 3, 25285.60315770395, 6904.798850495298]
[7, 6, 0.24250000000000005, 0.023036186123921516, False, 8, 4, 24888.818325969787, 6205.414465760832]
[8, 6, 0.24250000000000005, 0.021548378993417577, False, 2, 1, 8413.203045185954, 8400.943457320689]
[8, 6, 0.24250000000000005, 0.021548378993417577, False, 4, 2, 8569.883686804971, 8541.441177961371]
[8, 6, 0.24250000000000005, 0.021548378993417577, False, 6, 3, 7921.216459006977, 7882.251355215416]
[8, 6, 0.24250000000000005, 0.021548378993417577, False, 8, 4, 24778.799269421703, 7090.722307486202]
[9, 6, 0.24250000000000005, 0.020316006546431092, False, 2, 1, 9214.538188777184, 9198.738202819803]
[9, 6, 0.24250000000000005, 0.020316006546431092, False, 4, 2, 9539.129298555501, 9503.008192043035]
[9, 6, 0.24250000000000005, 0.020316006546431092, False, 6, 3, 8894.3573751384, 8843.84623983533]
[9, 6, 0.24250000000000005, 0.020316006546431092, False, 8, 4, 24665.69854859406, 7970.4736115775895]
[10, 6, 0.24250000000000005, 0.019273456093684076, False, 2, 1, 9968.2656630271, 9947.352695119655]
[10, 6, 0.24250000000000005, 0.019273456093684076, False, 4, 2, 10491.476590755716, 10445.755610062486]
[10, 6, 0.24250000000000005, 0.019273456093684076, False, 6, 3, 9838.599410531366, 9774.779626224257]
[11, 6, 0.24250000000000005, 0.01837651935079526, False, 2, 1, 10677.863018008515, 10652.224286978899]
[11, 6, 0.24250000000000005, 0.01837651935079526, False, 4, 2, 11415.273726055953, 11358.709226902847]
[12, 6, 0.24250000000000005, 0.017594177772660285, False, 2, 1, 11347.756562173632, 11316.974156672848]
[5, 7, 0.24250000000000005, 0.027256783001490394, False, 2, 1, 6444.129983325312, 6437.834514097695]
[5, 7, 0.24250000000000005, 0.027256783001490394, False, 4, 2, 6156.987459478259, 6142.171414548967]
[5, 7, 0.24250000000000005, 0.027256783001490394, False, 6, 3, 24969.9036057888, 5466.6426450395575]
[5, 7, 0.24250000000000005, 0.027256783001490394, False, 8, 4, 24491.81302085657, 4842.061213109106]
[6, 7, 0.24250000000000005, 0.024881924824899426, False, 2, 1, 7486.057749323497, 7476.723614204265]
[6, 7, 0.24250000000000005, 0.024881924824899426, False, 4, 2, 7320.090500601511, 7298.899323882231]
[6, 7, 0.24250000000000005, 0.024881924824899426, False, 6, 3, 24855.6550779417, 6546.777211410621]
[6, 7, 0.24250000000000005, 0.024881924824899426, False, 8, 4, 24349.256089494178, 5804.103704409292]
[7, 7, 0.24250000000000005, 0.023036186123921516, False, 2, 1, 8454.74804033621, 8441.812185715025]
[7, 7, 0.24250000000000005, 0.023036186123921516, False, 4, 2, 8449.873352520424, 8420.284145196421]
[7, 7, 0.24250000000000005, 0.023036186123921516, False, 6, 3, 24739.844863489343, 7614.324628622002]
[7, 7, 0.24250000000000005, 0.023036186123921516, False, 8, 4, 24205.341249570414, 6758.279572994237]
[8, 7, 0.24250000000000005, 0.021548378993417577, False, 2, 1, 9354.48130253343, 9336.436607206046]
[8, 7, 0.24250000000000005, 0.021548378993417577, False, 4, 2, 9531.184109099053, 9491.697747265398]
[8, 7, 0.24250000000000005, 0.021548378993417577, False, 6, 3, 8721.112483873514, 8667.479596577594]
[8, 7, 0.24250000000000005, 0.021548378993417577, False, 8, 4, 24065.64892086567, 7703.742806957388]
[9, 7, 0.24250000000000005, 0.020316006546431092, False, 2, 1, 10189.553904138687, 10166.495307064612]
[9, 7, 0.24250000000000005, 0.020316006546431092, False, 4, 2, 10569.007798358962, 10518.12862719563]
[9, 7, 0.24250000000000005, 0.020316006546431092, False, 6, 3, 9765.903374973417, 9696.718361558542]
[9, 7, 0.24250000000000005, 0.020316006546431092, False, 8, 4, 23932.18644883102, 8639.790220340461]
[10, 7, 0.24250000000000005, 0.019273456093684076, False, 2, 1, 10965.137771723834, 10936.552636228706]
[10, 7, 0.24250000000000005, 0.019273456093684076, False, 4, 2, 11581.624957100617, 11517.838679156366]
[10, 7, 0.24250000000000005, 0.019273456093684076, False, 6, 3, 10771.460630288762, 10684.680948804875]
[11, 7, 0.24250000000000005, 0.01837651935079526, False, 2, 1, 11688.93446578052, 11654.35415909038]
[11, 7, 0.24250000000000005, 0.01837651935079526, False, 4, 2, 12556.147070832094, 12477.971312432972]
[12, 7, 0.24250000000000005, 0.017594177772660285, False, 2, 1, 12366.120372454365, 12325.119020587163]
[5, 8, 0.24250000000000005, 0.027256783001490394, False, 2, 1, 7121.773092532956, 7113.178112114749]
[5, 8, 0.24250000000000005, 0.027256783001490394, False, 4, 2, 6761.93345772827, 6742.448470103631]
[5, 8, 0.24250000000000005, 0.027256783001490394, False, 6, 3, 24401.30495670768, 5926.391261455949]
[5, 8, 0.24250000000000005, 0.027256783001490394, False, 8, 4, 23823.78365613215, 5191.280174159396]
[6, 8, 0.24250000000000005, 0.024881924824899426, False, 2, 1, 8223.944101521225, 8211.4180445565]
[6, 8, 0.24250000000000005, 0.024881924824899426, False, 4, 2, 8011.693376885055, 7983.031164033871]
[6, 8, 0.24250000000000005, 0.024881924824899426, False, 6, 3, 24253.62000720799, 7078.665345582031]
[6, 8, 0.24250000000000005, 0.024881924824899426, False, 8, 4, 23662.15308512957, 6209.729910352627]
[7, 8, 0.24250000000000005, 0.023036186123921516, False, 2, 1, 9238.026661655336, 9219.881419991583]
[7, 8, 0.24250000000000005, 0.023036186123921516, False, 4, 2, 9216.36898745272, 9176.69387336481]
[7, 8, 0.24250000000000005, 0.023036186123921516, False, 6, 3, 24106.319938216508, 8211.822945614245]
[7, 8, 0.24250000000000005, 0.023036186123921516, False, 8, 4, 23499.53236750187, 7215.898368507036]
[8, 8, 0.24250000000000005, 0.021548378993417577, False, 2, 1, 10168.04485294096, 10144.290328673145]
[8, 8, 0.24250000000000005, 0.021548378993417577, False, 4, 2, 10359.522460490321, 10307.047638938868]
[8, 8, 0.24250000000000005, 0.021548378993417577, False, 6, 3, 9396.868325024063, 9325.69750097329]
[8, 8, 0.24250000000000005, 0.021548378993417577, False, 8, 4, 23334.69738524178, 8208.350663364043]
[9, 8, 0.24250000000000005, 0.020316006546431092, False, 2, 1, 11023.017896802588, 10993.058047130171]
[9, 8, 0.24250000000000005, 0.020316006546431092, False, 4, 2, 11448.109947035178, 11381.089242593844]
[9, 8, 0.24250000000000005, 0.020316006546431092, False, 6, 3, 10499.58634052515, 10408.310668907636]
[9, 8, 0.24250000000000005, 0.020316006546431092, False, 8, 4, 23166.723659626732, 9185.886415496967]
[10, 8, 0.24250000000000005, 0.019273456093684076, False, 2, 1, 11809.351717424834, 11772.662487177844]
[10, 8, 0.24250000000000005, 0.019273456093684076, False, 4, 2, 12504.346023649125, 12421.010482060756]
[10, 8, 0.24250000000000005, 0.019273456093684076, False, 6, 3, 11553.994233011586, 11440.111563345752]
[11, 8, 0.24250000000000005, 0.01837651935079526, False, 2, 1, 12536.848441450702, 12492.965919939903]
[11, 8, 0.24250000000000005, 0.01837651935079526, False, 4, 2, 13515.237125730868, 13412.340946357652]
[12, 8, 0.24250000000000005, 0.017594177772660285, False, 2, 1, 13212.085383142761, 13160.602091938415]
[5, 9, 0.24250000000000005, 0.027256783001490394, False, 2, 1, 7725.849799400506, 7714.740247676908]
[5, 9, 0.24250000000000005, 0.027256783001490394, False, 4, 2, 7292.728258349168, 7267.5391286856975]
[5, 9, 0.24250000000000005, 0.027256783001490394, False, 6, 3, 23797.172593174055, 6319.869302627826]
[5, 9, 0.24250000000000005, 0.027256783001490394, False, 8, 4, 23123.000459681527, 5482.8140793987495]
[6, 9, 0.24250000000000005, 0.024881924824899426, False, 2, 1, 8874.79931022001, 8857.827202345687]
[6, 9, 0.24250000000000005, 0.024881924824899426, False, 4, 2, 8613.118513816458, 8576.345124559222]
[6, 9, 0.24250000000000005, 0.024881924824899426, False, 6, 3, 23634.12162080816, 7532.452599425813]
[6, 9, 0.24250000000000005, 0.024881924824899426, False, 8, 4, 22925.98876624725, 6545.255861560417]
[7, 9, 0.24250000000000005, 0.023036186123921516, False, 2, 1, 9919.606451705924, 9896.590005415852]
[7, 9, 0.24250000000000005, 0.023036186123921516, False, 4, 2, 9877.579784250223, 9827.057765513715]
[7, 9, 0.24250000000000005, 0.023036186123921516, False, 6, 3, 23470.107905633362, 8719.741509666363]
[7, 9, 0.24250000000000005, 0.023036186123921516, False, 8, 4, 22728.884412007737, 7590.833651838328]
[8, 9, 0.24250000000000005, 0.021548378993417577, False, 2, 1, 10869.061237784545, 10839.297919303113]
[8, 9, 0.24250000000000005, 0.021548378993417577, False, 4, 2, 11068.190003766947, 11001.88102201456]
[8, 9, 0.24250000000000005, 0.021548378993417577, False, 6, 3, 9969.538953906584, 9880.109672763881]
[8, 9, 0.24250000000000005, 0.021548378993417577, False, 8, 4, 22530.21278551624, 8618.153257208101]
[9, 9, 0.24250000000000005, 0.020316006546431092, False, 2, 1, 11733.99730556037, 11696.882290846772]
[9, 9, 0.24250000000000005, 0.020316006546431092, False, 4, 2, 12196.821825603807, 12111.292515069334]
[9, 9, 0.24250000000000005, 0.020316006546431092, False, 6, 3, 11116.024453821532, 11001.87313975711]
[9, 9, 0.24250000000000005, 0.020316006546431092, False, 8, 4, 22328.890021849915, 9626.058645763915]
[10, 9, 0.24250000000000005, 0.019273456093684076, False, 2, 1, 12522.661757339143, 12477.684562048751]
[10, 9, 0.24250000000000005, 0.019273456093684076, False, 4, 2, 13286.934207511053, 13181.187839766482]
[10, 9, 0.24250000000000005, 0.019273456093684076, False, 6, 3, 12204.018812899903, 12063.645382802355]
[11, 9, 0.24250000000000005, 0.01837651935079526, False, 2, 1, 13246.815296967998, 13193.538055108513]
[11, 9, 0.24250000000000005, 0.01837651935079526, False, 4, 2, 14322.678803960831, 14194.79962570234]
[12, 9, 0.24250000000000005, 0.017594177772660285, False, 2, 1, 13914.303388072087, 13852.354843185201]
[5, 1, 0.25625000000000003, 0.027256783001490394, False, 2, 1, 1118.4799072100345, 1118.5549502998642]
[5, 1, 0.25625000000000003, 0.027256783001490394, False, 4, 2, 1110.9841551928857, 1110.899735995545]
[5, 1, 0.25625000000000003, 0.027256783001490394, False, 6, 3, 26546.612800305906, 1089.3577023857188]
[5, 1, 0.25625000000000003, 0.027256783001490394, False, 8, 4, 26536.783034513497, 1065.575728733827]
[6, 1, 0.25625000000000003, 0.024881924824899426, False, 2, 1, 1362.2120749263154, 1362.1565314979819]
[6, 1, 0.25625000000000003, 0.024881924824899426, False, 4, 2, 1358.157323709447, 1358.0258805677297]
[6, 1, 0.25625000000000003, 0.024881924824899426, False, 6, 3, 26544.31973575015, 1333.0622673718003]
[6, 1, 0.25625000000000003, 0.024881924824899426, False, 8, 4, 26533.729608784142, 1303.7131020781426]
[7, 1, 0.25625000000000003, 0.023036186123921516, False, 2, 1, 1610.6906956869498, 1610.6022608892251]
[7, 1, 0.25625000000000003, 0.023036186123921516, False, 4, 2, 1612.1513152327682, 1611.9560204483]
[7, 1, 0.25625000000000003, 0.023036186123921516, False, 6, 3, 26541.95995409898, 1584.1637121997687]
[7, 1, 0.25625000000000003, 0.023036186123921516, False, 8, 4, 26530.587653713905, 1549.0725601531788]
[8, 1, 0.25625000000000003, 0.021548378993417577, False, 2, 1, 1863.6051924243627, 1863.4715130764178]
[8, 1, 0.25625000000000003, 0.021548378993417577, False, 4, 2, 1872.260200795439, 1871.980055676581]
[8, 1, 0.25625000000000003, 0.021548378993417577, False, 6, 3, 26539.51259503262, 1842.5255635078859]
[8, 1, 0.25625000000000003, 0.021548378993417577, False, 8, 4, 26527.32942549458, 1801.5353152961934]
[9, 1, 0.25625000000000003, 0.020316006546431092, False, 2, 1, 2120.686948838119, 2120.4929454137127]
[9, 1, 0.25625000000000003, 0.020316006546431092, False, 4, 2, 2138.433173705411, 2138.0433198058627]
[9, 1, 0.25625000000000003, 0.020316006546431092, False, 6, 3, 2108.461066498458, 2107.7420352842914]
[9, 1, 0.25625000000000003, 0.020316006546431092, False, 8, 4, 26523.930849161992, 2061.0453222897822]
[10, 1, 0.25625000000000003, 0.019273456093684076, False, 2, 1, 2381.67645581596, 2381.4039612643896]
[10, 1, 0.25625000000000003, 0.019273456093684076, False, 4, 2, 2411.2911156004357, 2410.7641410283845]
[10, 1, 0.25625000000000003, 0.019273456093684076, False, 6, 3, 2379.890221225435, 2378.9623282096823]
[11, 1, 0.25625000000000003, 0.01837651935079526, False, 2, 1, 2646.5217449063407, 2646.1493678169727]
[11, 1, 0.25625000000000003, 0.01837651935079526, False, 4, 2, 2690.2625940125663, 2689.5650113943802]
[12, 1, 0.25625000000000003, 0.017594177772660285, False, 2, 1, 2915.135168011214, 2914.637911790324]
[5, 2, 0.25625000000000003, 0.027256783001490394, False, 2, 1, 2008.3410458393275, 2008.1422282041524]
[5, 2, 0.25625000000000003, 0.027256783001490394, False, 4, 2, 1983.3977439103464, 1982.843874255159]
[5, 2, 0.25625000000000003, 0.027256783001490394, False, 6, 3, 26482.670644629892, 1914.1387364789214]
[5, 2, 0.25625000000000003, 0.027256783001490394, False, 8, 4, 26451.74937948372, 1840.3718119060452]
[6, 2, 0.25625000000000003, 0.024881924824899426, False, 2, 1, 2427.3318638335145, 2426.9984935878283]
[6, 2, 0.25625000000000003, 0.024881924824899426, False, 4, 2, 2413.767484101374, 2412.929964376439]
[6, 2, 0.25625000000000003, 0.024881924824899426, False, 6, 3, 26475.449911384112, 2333.812411299179]
[6, 2, 0.25625000000000003, 0.024881924824899426, False, 8, 4, 26442.16131256718, 2243.3511416709393]
[7, 2, 0.25625000000000003, 0.023036186123921516, False, 2, 1, 2848.2552895565073, 2847.733997612868]
[7, 2, 0.25625000000000003, 0.023036186123921516, False, 4, 2, 2851.9457742597547, 2850.7271551697786]
[7, 2, 0.25625000000000003, 0.023036186123921516, False, 6, 3, 26468.023855083266, 2763.1808132035594]
[7, 2, 0.25625000000000003, 0.023036186123921516, False, 8, 4, 26432.30365305028, 2655.703434230253]
[8, 2, 0.25625000000000003, 0.021548378993417577, False, 2, 1, 3270.065306844385, 3269.291526367636]
[8, 2, 0.25625000000000003, 0.021548378993417577, False, 4, 2, 3295.4102825157424, 3294.041328498316]
[8, 2, 0.25625000000000003, 0.021548378993417577, False, 6, 3, 26460.32729858031, 3201.784921317649]
[8, 2, 0.25625000000000003, 0.021548378993417577, False, 8, 4, 26422.09017626201, 3077.0352327441265]
[9, 2, 0.25625000000000003, 0.020316006546431092, False, 2, 1, 3692.1228733110743, 3691.0204177401383]
[9, 2, 0.25625000000000003, 0.020316006546431092, False, 4, 2, 3744.5525943952894, 3742.6719309139044]
[9, 2, 0.25625000000000003, 0.020316006546431092, False, 6, 3, 3650.954879539713, 3648.2615313769315]
[9, 2, 0.25625000000000003, 0.020316006546431092, False, 8, 4, 26411.446480377963, 3507.0509156250155]
[10, 2, 0.25625000000000003, 0.019273456093684076, False, 2, 1, 4113.7754331615015, 4112.25563900333]
[10, 2, 0.25625000000000003, 0.019273456093684076, False, 4, 2, 4200.902259639278, 4198.395125579635]
[10, 2, 0.25625000000000003, 0.019273456093684076, False, 6, 3, 4103.433128591176, 4099.875988478399]
[11, 2, 0.25625000000000003, 0.01837651935079526, False, 2, 1, 4534.959790527427, 4532.921906666492]
[11, 2, 0.25625000000000003, 0.01837651935079526, False, 4, 2, 4662.510068587779, 4659.2431632095595]
[12, 2, 0.25625000000000003, 0.017594177772660285, False, 2, 1, 4955.465124086861, 4952.795568633165]
[5, 3, 0.25625000000000003, 0.027256783001490394, False, 2, 1, 2958.483444405435, 2957.810118985903]
[5, 3, 0.25625000000000003, 0.027256783001490394, False, 4, 2, 2902.757088244659, 2901.463042449714]
[5, 3, 0.25625000000000003, 0.027256783001490394, False, 6, 3, 26365.488468542448, 2754.1944551045017]
[5, 3, 0.25625000000000003, 0.027256783001490394, False, 8, 4, 26296.507845302076, 2600.733832802026]
[6, 3, 0.25625000000000003, 0.024881924824899426, False, 2, 1, 3547.0845091561346, 3545.9783286104666]
[6, 3, 0.25625000000000003, 0.024881924824899426, False, 4, 2, 3515.739513930569, 3513.71793312916]
[6, 3, 0.25625000000000003, 0.024881924824899426, False, 6, 3, 26349.34972666362, 3345.26012197321]
[6, 3, 0.25625000000000003, 0.024881924824899426, False, 8, 4, 26275.1870309492, 3158.302872006231]
[7, 3, 0.25625000000000003, 0.023036186123921516, False, 2, 1, 4129.048234611922, 4127.353080391787]
[7, 3, 0.25625000000000003, 0.023036186123921516, False, 4, 2, 4133.722849147921, 4130.758470286953]
[7, 3, 0.25625000000000003, 0.023036186123921516, False, 6, 3, 26332.771426857762, 3945.5463611972164]
[7, 3, 0.25625000000000003, 0.023036186123921516, False, 8, 4, 26253.30043391848, 3724.8680692150438]
[8, 3, 0.25625000000000003, 0.021548378993417577, False, 2, 1, 4702.862475540832, 4700.39655104665]
[8, 3, 0.25625000000000003, 0.021548378993417577, False, 4, 2, 4752.356949373468, 4748.199623438815]
[8, 3, 0.25625000000000003, 0.021548378993417577, False, 6, 3, 26315.609901516153, 4554.1734786099]
[8, 3, 0.25625000000000003, 0.021548378993417577, False, 8, 4, 26230.65974965576, 4299.695272248075]
[9, 3, 0.25625000000000003, 0.020316006546431092, False, 2, 1, 5267.2292304108605, 5264.3880355856545]
[9, 3, 0.25625000000000003, 0.020316006546431092, False, 4, 2, 5371.481068355589, 5365.852582903762]
[9, 3, 0.25625000000000003, 0.020316006546431092, False, 6, 3, 5177.065602649536, 5168.368691878593]
[9, 3, 0.25625000000000003, 0.020316006546431092, False, 8, 4, 26207.1041395849, 4882.181848293398]
[10, 3, 0.25625000000000003, 0.019273456093684076, False, 2, 1, 5822.33160746575, 5818.546959949557]
[10, 3, 0.25625000000000003, 0.019273456093684076, False, 4, 2, 5994.900564793041, 5987.504221201078]
[10, 3, 0.25625000000000003, 0.019273456093684076, False, 6, 3, 5793.935787149439, 5782.627511991699]
[11, 3, 0.25625000000000003, 0.01837651935079526, False, 2, 1, 6368.152316745988, 6363.249482805337]
[11, 3, 0.25625000000000003, 0.01837651935079526, False, 4, 2, 6618.656408445296, 6609.160168276487]
[12, 3, 0.25625000000000003, 0.017594177772660285, False, 2, 1, 6904.7223889286015, 6898.517759910838]
[5, 4, 0.25625000000000003, 0.027256783001490394, False, 2, 1, 3906.9587618885803, 3905.3165647579776]
[5, 4, 0.25625000000000003, 0.027256783001490394, False, 4, 2, 3807.333109973581, 3804.426417045916]
[5, 4, 0.25625000000000003, 0.027256783001490394, False, 6, 3, 26182.898113601932, 3550.9187234083483]
[5, 4, 0.25625000000000003, 0.027256783001490394, False, 8, 4, 26056.118398070994, 3294.5808954170366]
[6, 4, 0.25625000000000003, 0.024881924824899426, False, 2, 1, 4646.526218156617, 4644.367919886466]
[6, 4, 0.25625000000000003, 0.024881924824899426, False, 4, 2, 4589.511431341951, 4585.009057546242]
[6, 4, 0.25625000000000003, 0.024881924824899426, False, 6, 3, 26153.15079914296, 4296.932072595848]
[6, 4, 0.25625000000000003, 0.024881924824899426, False, 8, 4, 26016.704016847525, 3986.602928600991]
[7, 4, 0.25625000000000003, 0.023036186123921516, False, 2, 1, 5366.539949399234, 5363.345722645023]
[7, 4, 0.25625000000000003, 0.023036186123921516, False, 4, 2, 5370.44744378977, 5363.918366099941]
[7, 4, 0.25625000000000003, 0.023036186123921516, False, 6, 3, 26122.64806806897, 5049.16788902819]
[7, 4, 0.25625000000000003, 0.023036186123921516, False, 8, 4, 25973.938238737388, 4684.965380859454]
[8, 4, 0.25625000000000003, 0.021548378993417577, False, 2, 1, 6065.258291854504, 6060.77411250627]
[8, 4, 0.25625000000000003, 0.021548378993417577, False, 4, 2, 6143.237004563842, 6134.19906615227]
[8, 4, 0.25625000000000003, 0.021548378993417577, False, 6, 3, 26091.130480262633, 5806.341555991013]
[8, 4, 0.25625000000000003, 0.021548378993417577, False, 8, 4, 25929.820168160808, 5388.735731269326]
[9, 4, 0.25625000000000003, 0.020316006546431092, False, 2, 1, 6742.531956348907, 6736.49177979112]
[9, 4, 0.25625000000000003, 0.020316006546431092, False, 4, 2, 6908.944650093529, 6896.037454365884]
[9, 4, 0.25625000000000003, 0.020316006546431092, False, 6, 3, 6582.254750081586, 6564.046617643622]
[10, 4, 0.25625000000000003, 0.019273456093684076, False, 2, 1, 7398.038857947705, 7390.1686394519265]
[10, 4, 0.25625000000000003, 0.019273456093684076, False, 4, 2, 7672.856992036452, 7656.071439536299]
[11, 4, 0.25625000000000003, 0.01837651935079526, False, 2, 1, 8033.2522764834775, 8023.274978558247]
[5, 5, 0.25625000000000003, 0.027256783001490394, False, 2, 1, 4815.360908108263, 4812.789300166585]
[5, 5, 0.25625000000000003, 0.027256783001490394, False, 4, 2, 4661.370958660352, 4655.44228446574]
[5, 5, 0.25625000000000003, 0.027256783001490394, False, 6, 3, 25919.064715915723, 4274.8264408734685]
[5, 5, 0.25625000000000003, 0.027256783001490394, False, 8, 4, 25699.735759014067, 3900.741593178411]
[6, 5, 0.25625000000000003, 0.024881924824899426, False, 2, 1, 5683.644885373168, 5679.650772568242]
[6, 5, 0.25625000000000003, 0.024881924824899426, False, 4, 2, 5593.724955701378, 5584.719242721178]
[6, 5, 0.25625000000000003, 0.024881924824899426, False, 6, 3, 25867.36353516954, 5154.597599919566]
[6, 5, 0.25625000000000003, 0.024881924824899426, False, 8, 4, 25632.805896343547, 4704.4323014523]
[7, 5, 0.25625000000000003, 0.023036186123921516, False, 2, 1, 6516.081701354164, 6510.2976575572675]
[7, 5, 0.25625000000000003, 0.023036186123921516, False, 4, 2, 6516.116788853312, 6503.232410454422]
[7, 5, 0.25625000000000003, 0.023036186123921516, False, 6, 3, 25814.501958439374, 6035.657306603125]
[7, 5, 0.25625000000000003, 0.023036186123921516, False, 8, 4, 25564.514098776293, 5510.687898549802]
[8, 5, 0.25625000000000003, 0.021548378993417577, False, 2, 1, 7311.980971694312, 7304.031474696447]
[8, 5, 0.25625000000000003, 0.021548378993417577, False, 4, 2, 7419.041793933916, 7401.397072088865]
[8, 5, 0.25625000000000003, 0.021548378993417577, False, 6, 3, 25760.042689265374, 6916.404980204984]
[8, 5, 0.25625000000000003, 0.021548378993417577, False, 8, 4, 25494.305480508818, 6318.224526883919]
[9, 5, 0.25625000000000003, 0.020316006546431092, False, 2, 1, 8072.443976971153, 8061.954467013292]
[9, 5, 0.25625000000000003, 0.020316006546431092, False, 4, 2, 8303.340559361817, 8279.998741098414]
[9, 5, 0.25625000000000003, 0.020316006546431092, False, 6, 3, 7823.227443644341, 7790.778268260109]
[10, 5, 0.25625000000000003, 0.019273456093684076, False, 2, 1, 8798.177933939158, 8784.78125594393]
[10, 5, 0.25625000000000003, 0.019273456093684076, False, 4, 2, 9179.254961418425, 9149.249470199504]
[11, 5, 0.25625000000000003, 0.01837651935079526, False, 2, 1, 9492.2953564005, 9475.636778867607]
[5, 6, 0.25625000000000003, 0.027256783001490394, False, 2, 1, 5663.443891388409, 5659.218190270634]
[5, 6, 0.25625000000000003, 0.027256783001490394, False, 4, 2, 5445.049520033377, 5435.239184101041]
[5, 6, 0.25625000000000003, 0.027256783001490394, False, 6, 3, 25559.399141454433, 4914.624866883927]
[5, 6, 0.25625000000000003, 0.027256783001490394, False, 8, 4, 25236.908371684993, 4417.724532385866]
[6, 6, 0.25625000000000003, 0.024881924824899426, False, 2, 1, 6637.1104776926195, 6630.683311046004]
[6, 6, 0.25625000000000003, 0.024881924824899426, False, 4, 2, 6506.404927925347, 6491.6746097912355]
[6, 6, 0.25625000000000003, 0.024881924824899426, False, 6, 3, 25482.973835219767, 5906.950395108869]
[6, 6, 0.25625000000000003, 0.024881924824899426, False, 8, 4, 25139.383806152233, 5312.244765086151]
[7, 6, 0.25625000000000003, 0.023036186123921516, False, 2, 1, 7557.700941947437, 7548.57820640283]
[7, 6, 0.25625000000000003, 0.023036186123921516, False, 4, 2, 7547.368129446929, 7526.523974934611]
[7, 6, 0.25625000000000003, 0.023036186123921516, False, 6, 3, 25405.094175927825, 6894.547681775217]
[7, 6, 0.25625000000000003, 0.023036186123921516, False, 8, 4, 25040.29281662077, 6204.701310405903]
[8, 6, 0.25625000000000003, 0.021548378993417577, False, 2, 1, 8425.966250285439, 8413.667123306343]
[8, 6, 0.25625000000000003, 0.021548378993417577, False, 4, 2, 8555.97869629184, 8527.747312512256]
[8, 6, 0.25625000000000003, 0.021548378993417577, False, 6, 3, 7914.3705177101565, 7875.6270159629]
[8, 6, 0.25625000000000003, 0.021548378993417577, False, 8, 4, 24938.8554681437, 7093.667788286024]
[9, 6, 0.25625000000000003, 0.020316006546431092, False, 2, 1, 9244.84184442697, 9228.90905156615]
[9, 6, 0.25625000000000003, 0.020316006546431092, False, 4, 2, 9533.577494967281, 9497.618158426625]
[9, 6, 0.25625000000000003, 0.020316006546431092, False, 6, 3, 8892.891215275551, 8842.588955823725]
[10, 6, 0.25625000000000003, 0.019273456093684076, False, 2, 1, 10017.731788735753, 9996.524379816183]
[10, 6, 0.25625000000000003, 0.019273456093684076, False, 4, 2, 10495.861670711036, 10450.216495317767]
[11, 6, 0.25625000000000003, 0.01837651935079526, False, 2, 1, 10747.777786870758, 10721.651526694019]
[5, 7, 0.25625000000000003, 0.027256783001490394, False, 2, 1, 6441.148625326913, 6434.8707651702525]
[5, 7, 0.25625000000000003, 0.027256783001490394, False, 4, 2, 6151.057942917031, 6136.319953777606]
[5, 7, 0.25625000000000003, 0.027256783001490394, False, 6, 3, 25114.974052741192, 5471.199364175704]
[5, 7, 0.25625000000000003, 0.027256783001490394, False, 8, 4, 24673.676699569303, 4852.484459323432]
[6, 7, 0.25625000000000003, 0.024881924824899426, False, 2, 1, 7499.210238138438, 7489.8432221419025]
[6, 7, 0.25625000000000003, 0.024881924824899426, False, 4, 2, 7320.894840947456, 7299.76068619144]
[6, 7, 0.25625000000000003, 0.024881924824899426, False, 6, 3, 25009.729376309242, 6556.621023905167]
[6, 7, 0.25625000000000003, 0.024881924824899426, False, 8, 4, 24541.644437101437, 5819.764841863809]
[7, 7, 0.25625000000000003, 0.023036186123921516, False, 2, 1, 8486.8156176973, 8473.758301602005]
[7, 7, 0.25625000000000003, 0.023036186123921516, False, 4, 2, 8459.689706706646, 8430.093912245533]
[7, 7, 0.25625000000000003, 0.023036186123921516, False, 6, 3, 24902.91002404359, 7630.735062995468]
[7, 7, 0.25625000000000003, 0.023036186123921516, False, 8, 4, 24408.149138266628, 6780.080230715381]
[8, 7, 0.25625000000000003, 0.021548378993417577, False, 2, 1, 9407.67179331972, 9389.342484741486]
[8, 7, 0.25625000000000003, 0.021548378993417577, False, 4, 2, 9552.736072029998, 9513.122453984188]
[8, 7, 0.25625000000000003, 0.021548378993417577, False, 6, 3, 8745.498608210577, 8691.682421671088]
[8, 7, 0.25625000000000003, 0.021548378993417577, False, 8, 4, 24272.168981346716, 7731.94038502078]
[9, 7, 0.25625000000000003, 0.020316006546431092, False, 2, 1, 10265.512941715653, 10241.963970597571]
[9, 7, 0.25625000000000003, 0.020316006546431092, False, 4, 2, 10603.913165392469, 10552.719126823835]
[9, 7, 0.25625000000000003, 0.020316006546431092, False, 6, 3, 9800.050538995443, 9730.507771666218]
[10, 7, 0.25625000000000003, 0.019273456093684076, False, 2, 1, 11064.974182605687, 11035.632479207507]
[10, 7, 0.25625000000000003, 0.019273456093684076, False, 4, 2, 11631.419867690638, 11567.062314002722]
[11, 7, 0.25625000000000003, 0.01837651935079526, False, 2, 1, 11813.31969101632, 11777.654810932712]
[5, 8, 0.25625000000000003, 0.027256783001490394, False, 2, 1, 7144.925350632586, 7136.266733382125]
[5, 8, 0.25625000000000003, 0.027256783001490394, False, 4, 2, 6778.9052733848375, 6759.348576876538]
[5, 8, 0.25625000000000003, 0.027256783001490394, False, 6, 3, 24589.874192639436, 5950.341075812588]
[5, 8, 0.25625000000000003, 0.027256783001490394, False, 8, 4, 24030.781026770925, 5215.946679985817]
[6, 8, 0.25625000000000003, 0.024881924824899426, False, 2, 1, 8268.813687181042, 8256.115586058042]
[6, 8, 0.25625000000000003, 0.024881924824899426, False, 4, 2, 8040.418280952752, 8011.565955576821]
[6, 8, 0.25625000000000003, 0.024881924824899426, False, 6, 3, 24452.955388985756, 7111.908419448411]
[6, 8, 0.25625000000000003, 0.024881924824899426, False, 8, 4, 23880.411814964384, 6242.432603587584]
[7, 8, 0.25625000000000003, 0.023036186123921516, False, 2, 1, 9307.043564059926, 9288.520748553587]
[7, 8, 0.25625000000000003, 0.023036186123921516, False, 4, 2, 9259.0640419349, 9219.012448060625]
[7, 8, 0.25625000000000003, 0.023036186123921516, False, 6, 3, 24314.61797031879, 8255.427953243794]
[7, 8, 0.25625000000000003, 0.023036186123921516, False, 8, 4, 23728.859636771136, 7257.482351010062]
[8, 8, 0.25625000000000003, 0.021548378993417577, False, 2, 1, 10263.002462735667, 10238.61552555258]
[8, 8, 0.25625000000000003, 0.021548378993417577, False, 4, 2, 10418.804633171554, 10365.678764144142]
[8, 8, 0.25625000000000003, 0.021548378993417577, False, 6, 3, 9451.138976215485, 9379.070657641048]
[8, 8, 0.25625000000000003, 0.021548378993417577, False, 8, 4, 23574.97822200365, 8259.610671792028]
[9, 8, 0.25625000000000003, 0.020316006546431092, False, 2, 1, 11145.017262752746, 11114.096724503073]
[9, 8, 0.25625000000000003, 0.020316006546431092, False, 4, 2, 11525.309465620363, 11457.26684807072]
[9, 8, 0.25625000000000003, 0.020316006546431092, False, 6, 3, 10566.610088222615, 10474.03646926998]
[10, 8, 0.25625000000000003, 0.019273456093684076, False, 2, 1, 11958.923493438684, 11920.870658842636]
[10, 8, 0.25625000000000003, 0.019273456093684076, False, 4, 2, 12602.114944495372, 12516.027133267104]
[11, 8, 0.25625000000000003, 0.01837651935079526, False, 2, 1, 12714.121118101726, 12668.399010085714]
[5, 9, 0.25625000000000003, 0.027256783001490394, False, 2, 1, 7776.711770021184, 7765.419636993691]
[5, 9, 0.25625000000000003, 0.027256783001490394, False, 4, 2, 7333.867665380039, 7308.382925565467]
[5, 9, 0.25625000000000003, 0.027256783001490394, False, 6, 3, 24006.041981809798, 6361.30334265579]
[5, 9, 0.25625000000000003, 0.027256783001490394, False, 8, 4, 23376.960306710786, 5522.175819087768]
[6, 9, 0.25625000000000003, 0.024881924824899426, False, 2, 1, 8952.677389118255, 8935.293767704301]
[6, 9, 0.25625000000000003, 0.024881924824899426, False, 4, 2, 8670.835079180008, 8633.524376893045]
[6, 9, 0.25625000000000003, 0.024881924824899426, False, 6, 3, 23854.30693991867, 7586.534408505394]
[6, 9, 0.25625000000000003, 0.024881924824899426, False, 8, 4, 23192.290153420567, 6595.438390290667]
[7, 9, 0.25625000000000003, 0.023036186123921516, False, 2, 1, 10026.25160031337, 10002.535389112647]
[7, 9, 0.25625000000000003, 0.023036186123921516, False, 4, 2, 9953.906805752049, 9902.508196959006]
[7, 9, 0.25625000000000003, 0.023036186123921516, False, 6, 3, 23701.410026118956, 8787.599011417467]
[7, 9, 0.25625000000000003, 0.023036186123921516, False, 8, 4, 23007.16231255403, 7652.602633680894]
[8, 9, 0.25625000000000003, 0.021548378993417577, False, 2, 1, 11005.660627991163, 10974.822399968862]
[8, 9, 0.25625000000000003, 0.021548378993417577, False, 4, 2, 11166.660556803276, 11097.857835769944]
[8, 9, 0.25625000000000003, 0.021548378993417577, False, 6, 3, 10054.02089087131, 9962.778904342465]
[8, 9, 0.25625000000000003, 0.021548378993417577, False, 8, 4, 22820.19104888393, 8692.216281423342]
[9, 9, 0.25625000000000003, 0.020316006546431092, False, 2, 1, 11901.029152661175, 11862.377163803665]
[9, 9, 0.25625000000000003, 0.020316006546431092, False, 4, 2, 12314.812273965174, 12227.230042877638]
[9, 9, 0.25625000000000003, 0.020316006546431092, False, 6, 3, 11216.418715344576, 11100.995958963302]
[10, 9, 0.25625000000000003, 0.019273456093684076, False, 2, 1, 12720.05346945103, 12672.992719248976]
[10, 9, 0.25625000000000003, 0.019273456093684076, False, 4, 2, 13425.463963913688, 13316.89411494388]
[11, 9, 0.25625000000000003, 0.01837651935079526, False, 2, 1, 13474.160331440788, 13418.173449851089]
[5, 1, 0.27, 0.027256783001490394, False, 2, 1, 1089.3270202562796, 1089.3964599058072]
[5, 1, 0.27, 0.027256783001490394, False, 4, 2, 1082.046033901355, 1081.9682542701369]
[5, 1, 0.27, 0.027256783001490394, False, 6, 3, 26549.33297156931, 1061.7845191868655]
[5, 1, 0.27, 0.027256783001490394, False, 8, 4, 26540.40557788223, 1039.4345747093976]
[6, 1, 0.27, 0.024881924824899426, False, 2, 1, 1327.4756056841877, 1327.4242711223271]
[6, 1, 0.27, 0.024881924824899426, False, 4, 2, 1323.1837050735626, 1323.0624573275693]
[6, 1, 0.27, 0.024881924824899426, False, 6, 3, 26547.25050256075, 1299.613172637639]
[6, 1, 0.27, 0.024881924824899426, False, 8, 4, 26537.63224642487, 1272.008520041138]
[7, 1, 0.27, 0.023036186123921516, False, 2, 1, 1570.548052277682, 1570.466192014702]
[7, 1, 0.27, 0.023036186123921516, False, 4, 2, 1571.130814186732, 1570.9504812859318]
[7, 1, 0.27, 0.023036186123921516, False, 6, 3, 26545.10738511597, 1544.7658336791974]
[7, 1, 0.27, 0.023036186123921516, False, 8, 4, 26534.77840259508, 1511.7324377238183]
[8, 1, 0.27, 0.021548378993417577, False, 2, 1, 1818.260325424146, 1818.136388881534]
[8, 1, 0.27, 0.021548378993417577, False, 4, 2, 1825.247384321223, 1824.988463341956]
[8, 1, 0.27, 0.021548378993417577, False, 6, 3, 26542.884668368097, 1797.1180738524047]
[8, 1, 0.27, 0.021548378993417577, False, 8, 4, 26531.818836318642, 1758.4973718511155]
[9, 1, 0.27, 0.020316006546431092, False, 2, 1, 2070.363006984497, 2070.18285031611]
[9, 1, 0.27, 0.020316006546431092, False, 4, 2, 2085.467187973396, 2085.106493610242]
[9, 1, 0.27, 0.020316006546431092, False, 6, 3, 2056.982564608375, 2056.3186412074974]
[10, 1, 0.27, 0.019273456093684076, False, 2, 1, 2326.619878400606, 2326.366409567044]
[10, 1, 0.27, 0.019273456093684076, False, 4, 2, 2352.3904792777844, 2351.902453972428]
[11, 1, 0.27, 0.01837651935079526, False, 2, 1, 2586.98445509975, 2586.637482761549]
[5, 2, 0.27, 0.027256783001490394, False, 2, 1, 1963.7770135138117, 1963.5915001299163]
[5, 2, 0.27, 0.027256783001490394, False, 4, 2, 1939.413953982739, 1938.8984921855636]
[5, 2, 0.27, 0.027256783001490394, False, 6, 3, 26491.24224002111, 1874.0038462786692]
[5, 2, 0.27, 0.027256783001490394, False, 8, 4, 26463.134986964065, 1804.0491833358553]
[6, 2, 0.27, 0.024881924824899426, False, 2, 1, 2375.798405270374, 2375.4865095078985]
[6, 2, 0.27, 0.024881924824899426, False, 4, 2, 2361.4351640431178, 2360.654232576433]
[6, 2, 0.27, 0.024881924824899426, False, 6, 3, 26484.679545661413, 2285.7141357433284]
[6, 2, 0.27, 0.024881924824899426, False, 8, 4, 26454.41742292423, 2199.8361226070638]
[7, 2, 0.27, 0.023036186123921516, False, 2, 1, 2790.514346366936, 2790.025299762001]
[7, 2, 0.27, 0.023036186123921516, False, 4, 2, 2791.5589195250727, 2790.4206300357005]
[7, 2, 0.27, 0.023036186123921516, False, 6, 3, 26477.929660665923, 2707.228428195447]
[7, 2, 0.27, 0.023036186123921516, False, 8, 4, 26445.453723839324, 2605.0852433711]
[8, 2, 0.27, 0.021548378993417577, False, 2, 1, 3206.9325998503023, 3206.204678538691]
[8, 2, 0.27, 0.021548378993417577, False, 4, 2, 3227.784338063469, 3226.177114842126]
[8, 2, 0.27, 0.021548378993417577, False, 6, 3, 26470.933286149888, 3138.1145043219085]
[8, 2, 0.27, 0.021548378993417577, False, 8, 4, 26436.165386431967, 3019.423489013592]
[9, 2, 0.27, 0.020316006546431092, False, 2, 1, 3624.420898024238, 3623.380875312866]
[9, 2, 0.27, 0.020316006546431092, False, 4, 2, 3669.424356254651, 3667.654297329786]
[9, 2, 0.27, 0.020316006546431092, False, 6, 3, 3579.7004041281025, 3577.1570982671956]
[10, 2, 0.27, 0.019273456093684076, False, 2, 1, 4042.344575631019, 4040.9067762032505]
[10, 2, 0.27, 0.019273456093684076, False, 4, 2, 4118.9307714219285, 4116.567394934339]
[11, 2, 0.27, 0.01837651935079526, False, 2, 1, 4460.610221089205, 4458.676752654573]
[5, 3, 0.27, 0.027256783001490394, False, 2, 1, 2905.268332745718, 2904.632262342621]
[5, 3, 0.27, 0.027256783001490394, False, 4, 2, 2850.5015112210144, 2849.274927142309]
[5, 3, 0.27, 0.027256783001490394, False, 6, 3, 26384.67061106605, 2708.969673131255]
[5, 3, 0.27, 0.027256783001490394, False, 8, 4, 26321.86795945749, 2562.060470963125]
[6, 3, 0.27, 0.024881924824899426, False, 2, 1, 3487.9360517105297, 3486.887053824085]
[6, 3, 0.27, 0.024881924824899426, False, 4, 2, 3454.8112068126143, 3452.8916591312427]
[6, 3, 0.27, 0.024881924824899426, False, 6, 3, 26369.981779604623, 3291.9115854489737]
[6, 3, 0.27, 0.024881924824899426, False, 8, 4, 26302.44649083335, 3112.709304344172]
[7, 3, 0.27, 0.023036186123921516, False, 2, 1, 4065.5230466314724, 4063.9093168365016]
[7, 3, 0.27, 0.023036186123921516, False, 4, 2, 4064.902899516723, 4062.0829063168885]
[7, 3, 0.27, 0.023036186123921516, False, 6, 3, 26354.89001074103, 3884.4859936387065]
[7, 3, 0.27, 0.023036186123921516, False, 8, 4, 26282.50465721728, 3672.6913649281078]
[8, 3, 0.27, 0.021548378993417577, False, 2, 1, 4636.535268763822, 4634.178759221902]
[8, 3, 0.27, 0.021548378993417577, False, 4, 2, 4676.72003002779, 4672.757298294474]
[8, 3, 0.27, 0.021548378993417577, False, 6, 3, 26339.264251789245, 4485.846766670156]
[8, 3, 0.27, 0.021548378993417577, False, 8, 4, 26261.870433817876, 4241.295630107433]
[9, 3, 0.27, 0.020316006546431092, False, 2, 1, 5199.633266604014, 5196.901375880748]
[9, 3, 0.27, 0.020316006546431092, False, 4, 2, 5289.915501821719, 5284.539019269601]
[9, 3, 0.27, 0.020316006546431092, False, 6, 3, 5101.787909417297, 5093.481836692586]
[10, 3, 0.27, 0.019273456093684076, False, 2, 1, 5754.901744349616, 5751.249011966187]
[10, 3, 0.27, 0.019273456093684076, False, 4, 2, 5908.173969195596, 5901.094315701467]
[11, 3, 0.27, 0.01837651935079526, False, 2, 1, 6302.219395768874, 6297.4699257440825]
[5, 4, 0.27, 0.027256783001490394, False, 2, 1, 3853.3271084067396, 3851.7556334742035]
[5, 4, 0.27, 0.027256783001490394, False, 4, 2, 3754.7670555297136, 3751.9763920447676]
[5, 4, 0.27, 0.027256783001490394, False, 6, 3, 26218.323848295906, 3508.370403545539]
[5, 4, 0.27, 0.027256783001490394, False, 8, 4, 26102.61672091734, 3260.714627256362]
[6, 4, 0.27, 0.024881924824899426, False, 2, 1, 4590.189957416605, 4588.109973124793]
[6, 4, 0.27, 0.024881924824899426, False, 4, 2, 4529.867566135045, 4525.535973229773]
[6, 4, 0.27, 0.024881924824899426, False, 6, 3, 26191.189686890713, 4247.827017644993]
[6, 4, 0.27, 0.024881924824899426, False, 8, 4, 26066.99551324341, 3947.614173901606]
[7, 4, 0.27, 0.023036186123921516, False, 2, 1, 5309.785356177984, 5306.692780209567]
[7, 4, 0.27, 0.023036186123921516, False, 4, 2, 5305.033206837288, 5298.738096429761]
[7, 4, 0.27, 0.023036186123921516, False, 6, 3, 26163.35684034981, 4994.239413556303]
[7, 4, 0.27, 0.023036186123921516, False, 8, 4, 26030.498211540267, 4641.6097954119605]
[8, 4, 0.27, 0.021548378993417577, False, 2, 1, 6010.304440090279, 6005.943322936845]
[8, 4, 0.27, 0.021548378993417577, False, 4, 2, 6073.751960522785, 6065.017462238478]
[8, 4, 0.27, 0.021548378993417577, False, 6, 3, 26134.587741738535, 5746.349306837832]
[8, 4, 0.27, 0.021548378993417577, False, 8, 4, 25990.670013057766, 5341.495385937173]
[9, 4, 0.27, 0.020316006546431092, False, 2, 1, 6691.384075886775, 6685.483740430103]
[9, 4, 0.27, 0.020316006546431092, False, 4, 2, 6836.679229973151, 6824.192144175903]
[9, 4, 0.27, 0.020316006546431092, False, 6, 3, 6517.767966956448, 6500.1171618931]
[10, 4, 0.27, 0.019273456093684076, False, 2, 1, 7352.54307323335, 7344.82200152342]
[10, 4, 0.27, 0.019273456093684076, False, 4, 2, 7599.001181964229, 7582.723063996064]
[11, 4, 0.27, 0.01837651935079526, False, 2, 1, 7994.996896520984, 7985.167938564857]
[5, 5, 0.27, 0.027256783001490394, False, 2, 1, 4769.266512067423, 4766.76908346274]
[5, 5, 0.27, 0.027256783001490394, False, 4, 2, 4615.887684038848, 4610.139015804288]
[5, 5, 0.27, 0.027256783001490394, False, 6, 3, 25980.828128559027, 4241.615201173888]
[5, 5, 0.27, 0.027256783001490394, False, 8, 4, 25779.870891718485, 3877.0840857988374]
[6, 5, 0.27, 0.024881924824899426, False, 2, 1, 5639.543017603763, 5635.6433356898815]
[6, 5, 0.27, 0.024881924824899426, False, 4, 2, 5544.229916967837, 5535.474822055368]
[6, 5, 0.27, 0.024881924824899426, False, 6, 3, 25933.501885891863, 5117.679397605899]
[6, 5, 0.27, 0.024881924824899426, False, 8, 4, 25718.44978690397, 4678.366393626625]
[7, 5, 0.27, 0.023036186123921516, False, 2, 1, 6476.782459331134, 6471.106094206798]
[7, 5, 0.27, 0.023036186123921516, False, 4, 2, 6464.36485856406, 6451.806404773953]
[7, 5, 0.27, 0.023036186123921516, False, 6, 3, 25885.08514873684, 5996.033732135688]
[7, 5, 0.27, 0.023036186123921516, False, 8, 4, 25655.732115533487, 5482.9719326856875]
[8, 5, 0.27, 0.021548378993417577, False, 2, 1, 7280.0713772949985, 7272.231261951178]
[8, 5, 0.27, 0.021548378993417577, False, 4, 2, 7367.2388832146, 7349.9940171570615]
[8, 5, 0.27, 0.021548378993417577, False, 6, 3, 25835.175222685666, 6875.084677559976]
[8, 5, 0.27, 0.021548378993417577, False, 8, 4, 25591.20503916151, 6289.616935441152]
[9, 5, 0.27, 0.020316006546431092, False, 2, 1, 8050.129075922086, 8039.73478031848]
[9, 5, 0.27, 0.020316006546431092, False, 4, 2, 8253.3388653636, 8230.462273221763]
[9, 5, 0.27, 0.020316006546431092, False, 6, 3, 7780.295156069652, 7749.222146469485]
[10, 5, 0.27, 0.019273456093684076, False, 2, 1, 8787.378830396583, 8774.043324519269]
[10, 5, 0.27, 0.019273456093684076, False, 4, 2, 9132.563960702051, 9103.078540068402]
[11, 5, 0.27, 0.01837651935079526, False, 2, 1, 9494.550916577715, 9477.896532919356]
[5, 6, 0.27, 0.027256783001490394, False, 2, 1, 5631.562851503714, 5627.4110699108405]
[5, 6, 0.27, 0.027256783001490394, False, 4, 2, 5413.031833012053, 5403.4124319214425]
[5, 6, 0.27, 0.027256783001490394, False, 6, 3, 25651.03275665497, 4895.114606712792]
[5, 6, 0.27, 0.027256783001490394, False, 8, 4, 25354.214937956793, 4407.11284917221]
[6, 6, 0.27, 0.024881924824899426, False, 2, 1, 6612.729489663872, 6606.378477710128]
[6, 6, 0.27, 0.024881924824899426, False, 4, 2, 6474.4828757288815, 6459.998918123075]
[6, 6, 0.27, 0.024881924824899426, False, 6, 3, 25580.785744231165, 5887.224712861079]
[6, 6, 0.27, 0.024881924824899426, False, 8, 4, 25264.250102602833, 5302.296286889134]
[7, 6, 0.27, 0.023036186123921516, False, 2, 1, 7543.8285497598945, 7534.765013250421]
[7, 6, 0.27, 0.023036186123921516, False, 4, 2, 7517.607479318222, 7497.054965294228]
[7, 6, 0.27, 0.023036186123921516, False, 6, 3, 25509.141586449165, 6875.777455544119]
[7, 6, 0.27, 0.023036186123921516, False, 8, 4, 25172.744044904, 6196.270309891844]
[8, 6, 0.27, 0.021548378993417577, False, 2, 1, 8425.243983026581, 8412.961923743092]
[8, 6, 0.27, 0.021548378993417577, False, 4, 2, 8530.913541429261, 8502.99702443778]
[8, 6, 0.27, 0.021548378993417577, False, 6, 3, 7897.353535137953, 7858.96460659691]
[9, 6, 0.27, 0.020316006546431092, False, 2, 1, 9259.373293833361, 9243.385443942936]
[9, 6, 0.27, 0.020316006546431092, False, 4, 2, 9514.93863725908, 9479.276807639228]
[10, 6, 0.27, 0.019273456093684076, False, 2, 1, 10049.253793099893, 10027.864371537098]
[5, 7, 0.27, 0.027256783001490394, False, 2, 1, 6428.605659124895, 6422.371661512766]
[5, 7, 0.27, 0.027256783001490394, False, 4, 2, 6136.68807072988, 6122.085796352184]
[5, 7, 0.27, 0.027256783001490394, False, 6, 3, 25241.71778180378, 5468.101388805035]
[5, 7, 0.27, 0.027256783001490394, False, 8, 4, 24833.355178778293, 4856.20942015028]
[6, 7, 0.27, 0.024881924824899426, False, 2, 1, 7499.894218601963, 7490.53755165014]
[6, 7, 0.27, 0.024881924824899426, False, 4, 2, 7311.159564642175, 7290.164865766882]
[6, 7, 0.27, 0.024881924824899426, False, 6, 3, 25144.50058920557, 6557.065703255231]
[6, 7, 0.27, 0.024881924824899426, False, 8, 4, 24710.809502793014, 5827.253067391346]
[7, 7, 0.27, 0.023036186123921516, False, 2, 1, 8503.793187858786, 8490.678520404803]
[7, 7, 0.27, 0.023036186123921516, False, 4, 2, 8456.796929792416, 8427.315561968733]
[7, 7, 0.27, 0.023036186123921516, False, 6, 3, 25045.7176682631, 7635.964193309023]
[7, 7, 0.27, 0.023036186123921516, False, 8, 4, 24586.735977965698, 6792.209907152117]
[8, 7, 0.27, 0.021548378993417577, False, 2, 1, 9443.544934134845, 9425.028726919756]
[8, 7, 0.27, 0.021548378993417577, False, 4, 2, 9559.349419949313, 9519.777410832812]
[8, 7, 0.27, 0.021548378993417577, False, 6, 3, 8756.680384966923, 8702.893195234657]
[9, 7, 0.27, 0.020316006546431092, False, 2, 1, 10321.774016124942, 10297.863437560187]
[9, 7, 0.27, 0.020316006546431092, False, 4, 2, 10621.666991069413, 10570.383402664469]
[10, 7, 0.27, 0.019273456093684076, False, 2, 1, 11142.944086305368, 11113.007939511284]
[5, 8, 0.27, 0.027256783001490394, False, 2, 1, 7155.712987892871, 7147.032257055043]
[5, 8, 0.27, 0.027256783001490394, False, 4, 2, 6785.038774497546, 6765.493873125384]
[5, 8, 0.27, 0.027256783001490394, False, 6, 3, 24755.593360604613, 5964.915065257014]
[5, 8, 0.27, 0.027256783001490394, False, 8, 4, 24224.876948557125, 5233.479305342882]
[6, 8, 0.27, 0.024881924824899426, False, 2, 1, 8298.44060444877, 8285.63465061283]
[6, 8, 0.27, 0.024881924824899426, False, 4, 2, 8055.853073697077, 8026.937827818728]
[6, 8, 0.27, 0.024881924824899426, False, 6, 3, 24628.39889276646, 7133.764716159832]
[6, 8, 0.27, 0.024881924824899426, False, 8, 4, 24073.157590971354, 6265.666178942734]
[7, 8, 0.27, 0.023036186123921516, False, 2, 1, 9358.09044772833, 9339.29066283895]
[7, 8, 0.27, 0.023036186123921516, False, 4, 2, 9286.005464655951, 9245.758318052913]
[7, 8, 0.27, 0.023036186123921516, False, 6, 3, 24499.704825475674, 8285.79492391977]
[7, 8, 0.27, 0.023036186123921516, False, 8, 4, 23931.711949583376, 7287.944109305077]
[8, 8, 0.27, 0.021548378993417577, False, 2, 1, 10337.45721705424, 10312.57189261497]
[8, 8, 0.27, 0.021548378993417577, False, 4, 2, 10459.874295299267, 10406.342259535362]
[8, 8, 0.27, 0.021548378993417577, False, 6, 3, 9491.761901063235, 9419.109350028342]
[9, 8, 0.27, 0.020316006546431092, False, 2, 1, 11244.161842735979, 11212.450050153822]
[9, 8, 0.27, 0.020316006546431092, False, 4, 2, 11581.910023782173, 11513.16315830164]
[10, 8, 0.27, 0.019273456093684076, False, 2, 1, 12083.569536162688, 12044.358330520205]
[5, 9, 0.27, 0.027256783001490394, False, 2, 1, 7812.742433065053, 7801.325374548518]
[5, 9, 0.27, 0.027256783001490394, False, 4, 2, 7362.066776724222, 7336.402800085243]
[5, 9, 0.27, 0.027256783001490394, False, 6, 3, 24198.962811746715, 6392.701690436143]
[5, 9, 0.27, 0.027256783001490394, False, 8, 4, 23602.441632508097, 5552.754510349136]
[6, 9, 0.27, 0.024881924824899426, False, 2, 1, 9012.718054830091, 8995.017627182922]
[6, 9, 0.27, 0.024881924824899426, False, 4, 2, 8712.899892851616, 8675.224842530786]
[6, 9, 0.27, 0.024881924824899426, False, 6, 3, 24048.809191821852, 7627.707815304382]
[6, 9, 0.27, 0.024881924824899426, False, 8, 4, 23429.183819550206, 6635.052782807497]
[7, 9, 0.27, 0.023036186123921516, False, 2, 1, 10112.313366408076, 10088.026744204184]
[7, 9, 0.27, 0.023036186123921516, False, 4, 2, 10011.91338639558, 9959.878675265905]
[7, 9, 0.27, 0.023036186123921516, False, 6, 3, 23906.06948856051, 8840.36598548608]
[7, 9, 0.27, 0.023036186123921516, False, 8, 4, 23255.18091254422, 7702.027885472427]
[8, 9, 0.27, 0.021548378993417577, False, 2, 1, 11119.195058968187, 11087.447684581011]
[8, 9, 0.27, 0.021548378993417577, False, 4, 2, 11243.128609656382, 11173.232692750655]
[8, 9, 0.27, 0.021548378993417577, False, 6, 3, 10119.76100569673, 10028.199227757894]
[9, 9, 0.27, 0.020316006546431092, False, 2, 1, 12042.748016248148, 12002.76119141581]
[9, 9, 0.27, 0.020316006546431092, False, 4, 2, 12410.77531507029, 12321.562863638736]
[10, 9, 0.27, 0.019273456093684076, False, 2, 1, 12890.215058461923, 12841.30730636185]
[5, 1, 0.28375000000000006, 0.027256783001490394, False, 2, 1, 1061.9809591857509, 1062.0454045305808]
[5, 1, 0.28375000000000006, 0.027256783001490394, False, 4, 2, 1054.9121131650381, 1054.8402172225378]
[5, 1, 0.28375000000000006, 0.027256783001490394, False, 6, 3, 26551.686058916315, 1035.8688908511945]
[5, 1, 0.28375000000000006, 0.027256783001490394, False, 8, 4, 26543.53960121365, 1014.8033536723212]
[6, 1, 0.28375000000000006, 0.024881924824899426, False, 2, 1, 1294.8194801825598, 1294.7718985391343]
[6, 1, 0.28375000000000006, 0.024881924824899426, False, 4, 2, 1290.3545822106146, 1290.2423882609328]
[6, 1, 0.28375000000000006, 0.024881924824899426, False, 6, 3, 26549.785829621826, 1268.1497437219143]
[6, 1, 0.28375000000000006, 0.024881924824899426, False, 8, 4, 26541.008704822823, 1242.1118736992073]
[7, 1, 0.28375000000000006, 0.023036186123921516, False, 2, 1, 1532.7219772353014, 1532.6459981011124]
[7, 1, 0.28375000000000006, 0.023036186123921516, False, 4, 2, 1532.581476752308, 1532.4144559353763]
[7, 1, 0.28375000000000006, 0.023036186123921516, False, 6, 3, 26547.83021300951, 1507.6766200397342]
[7, 1, 0.28375000000000006, 0.023036186123921516, False, 8, 4, 26538.404252092023, 1476.4939320599522]
[8, 1, 0.28375000000000006, 0.021548378993417577, False, 2, 1, 1775.4284080880577, 1775.3132158598246]
[8, 1, 0.28375000000000006, 0.021548378993417577, False, 4, 2, 1781.0106388908591, 1780.7706374846366]
[8, 1, 0.28375000000000006, 0.021548378993417577, False, 6, 3, 26545.801911600094, 1754.3358347903595]
[9, 1, 0.28375000000000006, 0.020316006546431092, False, 2, 1, 2022.707096893995, 2022.539410772718]
[9, 1, 0.28375000000000006, 0.020316006546431092, False, 4, 2, 2035.563475492147, 2035.2288259275151]
[10, 1, 0.28375000000000006, 0.019273456093684076, False, 2, 1, 2274.3440936385814, 2274.107822007856]
[5, 2, 0.28375000000000006, 0.027256783001490394, False, 2, 1, 1921.2714237538642, 1921.098012667045]
[5, 2, 0.28375000000000006, 0.027256783001490394, False, 4, 2, 1897.4996897874828, 1897.0190014931563]
[5, 2, 0.28375000000000006, 0.027256783001490394, False, 6, 3, 26498.662304183996, 1835.5808938738764]
[5, 2, 0.28375000000000006, 0.027256783001490394, False, 8, 4, 26472.99435181699, 1769.1093280601742]
[6, 2, 0.28375000000000006, 0.024881924824899426, False, 2, 1, 2326.42180421343, 2326.1295632232273]
[6, 2, 0.28375000000000006, 0.024881924824899426, False, 4, 2, 2311.4563697493063, 2310.7268619442434]
[6, 2, 0.28375000000000006, 0.024881924824899426, False, 6, 3, 26492.669876789132, 2239.5940538249356]
[6, 2, 0.28375000000000006, 0.024881924824899426, False, 8, 4, 26465.03171034223, 2157.9120613434893]
[7, 2, 0.28375000000000006, 0.023036186123921516, False, 2, 1, 2734.925548482111, 2734.4662048259665]
[7, 2, 0.28375000000000006, 0.023036186123921516, False, 4, 2, 2733.7557743204934, 2732.6907447376416]
[7, 2, 0.28375000000000006, 0.023036186123921516, False, 6, 3, 26486.50606667973, 2653.4898151663238]
[7, 2, 0.28375000000000006, 0.023036186123921516, False, 8, 4, 26456.843441927882, 2556.2404263974418]
[8, 2, 0.28375000000000006, 0.021548378993417577, False, 2, 1, 3145.842833793303, 3145.157442216684]
[8, 2, 0.28375000000000006, 0.021548378993417577, False, 4, 2, 3162.551490167738, 3161.0454754903208]
[8, 2, 0.28375000000000006, 0.021548378993417577, False, 6, 3, 26480.116679009316, 3076.860783222007]
[9, 2, 0.28375000000000006, 0.020316006546431092, False, 2, 1, 3558.552147344088, 3557.5704376671165]
[9, 2, 0.28375000000000006, 0.020316006546431092, False, 4, 2, 3597.1329192970393, 3595.4650291005073]
[10, 2, 0.28375000000000006, 0.019273456093684076, False, 2, 1, 3972.4422618661374, 3971.0816299410853]
[5, 3, 0.28375000000000006, 0.027256783001490394, False, 2, 1, 2853.3610339035927, 2852.7598780778144]
[5, 3, 0.28375000000000006, 0.027256783001490394, False, 4, 2, 2799.6228249295486, 2798.4595929055017]
[5, 3, 0.28375000000000006, 0.027256783001490394, False, 6, 3, 26401.2969988743, 2664.5912711032706]
[5, 3, 0.28375000000000006, 0.027256783001490394, False, 8, 4, 26343.8656436233, 2523.7990936583437]
[6, 3, 0.28375000000000006, 0.024881924824899426, False, 2, 1, 3429.7640569722935, 3428.7692208040944]
[6, 3, 0.28375000000000006, 0.024881924824899426, False, 4, 2, 3395.2595693517364, 3393.436288300456]
[6, 3, 0.28375000000000006, 0.024881924824899426, False, 6, 3, 26387.868032736205, 3239.4108331921607]
[6, 3, 0.28375000000000006, 0.024881924824899426, False, 8, 4, 26326.097147526765, 3067.470177622465]
[7, 3, 0.28375000000000006, 0.023036186123921516, False, 2, 1, 4002.4821938933414, 4000.946470270199]
[7, 3, 0.28375000000000006, 0.023036186123921516, False, 4, 2, 3997.361256474167, 3994.678177903748]
[7, 3, 0.28375000000000006, 0.023036186123921516, False, 6, 3, 26374.06841149193, 3824.216949309445]
[7, 3, 0.28375000000000006, 0.023036186123921516, False, 8, 4, 26307.848610382953, 3620.765749216866]
[8, 3, 0.28375000000000006, 0.021548378993417577, False, 2, 1, 4570.0489940254765, 4567.798616211504]
[8, 3, 0.28375000000000006, 0.021548378993417577, False, 4, 2, 4602.13982013431, 4598.362668300122]
[8, 3, 0.28375000000000006, 0.021548378993417577, False, 6, 3, 26359.77808936535, 4418.196139237421]
[9, 3, 0.28375000000000006, 0.020316006546431092, False, 2, 1, 5131.1003221103865, 5128.4762078306285]
[9, 3, 0.28375000000000006, 0.020316006546431092, False, 4, 2, 5209.089931081652, 5203.95524630373]
[10, 3, 0.28375000000000006, 0.019273456093684076, False, 2, 1, 5685.644541192698, 5682.12386540566]
[5, 4, 0.28375000000000006, 0.027256783001490394, False, 2, 1, 3799.3538947722072, 3797.851341777809]
[5, 4, 0.28375000000000006, 0.027256783001490394, False, 4, 2, 3702.057660561045, 3699.3799620498576]
[5, 4, 0.28375000000000006, 0.027256783001490394, False, 6, 3, 26249.090286938223, 3465.126605179952]
[5, 4, 0.28375000000000006, 0.027256783001490394, False, 8, 4, 26143.05439591237, 3225.784291340258]
[6, 4, 0.28375000000000006, 0.024881924824899426, False, 2, 1, 4533.053228322343, 4530.614760153329]
[6, 4, 0.28375000000000006, 0.024881924824899426, False, 4, 2, 4469.648721757264, 4465.484665288597]
[6, 4, 0.28375000000000006, 0.024881924824899426, False, 6, 3, 26224.23615819164, 4197.647950299703]
[6, 4, 0.28375000000000006, 0.024881924824899426, False, 8, 4, 26110.383555634406, 3907.137161272296]
[7, 4, 0.28375000000000006, 0.023036186123921516, False, 2, 1, 5250.7217723882895, 5247.732424547013]
[7, 4, 0.28375000000000006, 0.023036186123921516, False, 4, 2, 5238.485787964146, 5232.4221023162645]
[7, 4, 0.28375000000000006, 0.023036186123921516, False, 6, 3, 26198.734370214144, 4937.78445678802]
[7, 4, 0.28375000000000006, 0.023036186123921516, False, 8, 4, 26076.896049336316, 4596.108400390059]
[8, 4, 0.28375000000000006, 0.021548378993417577, False, 2, 1, 5951.817555174391, 5947.584506521161]
[8, 4, 0.28375000000000006, 0.021548378993417577, False, 4, 2, 6002.423424483302, 5993.991956696823]
[8, 4, 0.28375000000000006, 0.021548378993417577, False, 6, 3, 26172.366576860215, 5684.305828230467]
[9, 4, 0.28375000000000006, 0.020316006546431092, False, 2, 1, 6635.360565032776, 6629.610214649801]
[9, 4, 0.28375000000000006, 0.020316006546431092, False, 4, 2, 6761.754912163647, 6749.691238099529]
[10, 4, 0.28375000000000006, 0.019273456093684076, False, 2, 1, 7300.74641666705, 7293.1917038891825]
[5, 5, 0.28375000000000006, 0.027256783001490394, False, 2, 1, 4720.556607099829, 4718.135719604201]
[5, 5, 0.28375000000000006, 0.027256783001490394, False, 4, 2, 4568.193234549588, 4562.628114813044]
[5, 5, 0.28375000000000006, 0.027256783001490394, False, 6, 3, 26033.869666922124, 4205.746681923421]
[5, 5, 0.28375000000000006, 0.027256783001490394, False, 8, 4, 25849.849308764984, 3850.702982306943]
[6, 5, 0.28375000000000006, 0.024881924824899426, False, 2, 1, 5591.359352108446, 5587.5605641212505]
[6, 5, 0.28375000000000006, 0.024881924824899426, False, 4, 2, 5491.606100114924, 5483.110147398024]
[6, 5, 0.28375000000000006, 0.024881924824899426, False, 6, 3, 25991.156567805043, 5077.361628668291]
[6, 5, 0.28375000000000006, 0.024881924824899426, False, 8, 4, 25793.29070472347, 4648.834866648525]
[7, 5, 0.28375000000000006, 0.023036186123921516, False, 2, 1, 6431.789635068824, 6426.233829327513]
[7, 5, 0.28375000000000006, 0.023036186123921516, False, 4, 2, 6408.435602745254, 6396.219597047792]
[7, 5, 0.28375000000000006, 0.023036186123921516, False, 6, 3, 25946.648587500953, 5952.142709749483]
[7, 5, 0.28375000000000006, 0.023036186123921516, False, 8, 4, 25735.50034481378, 5450.995778140094]
[8, 5, 0.28375000000000006, 0.021548378993417577, False, 2, 1, 7240.749914848304, 7233.041094534187]
[8, 5, 0.28375000000000006, 0.021548378993417577, False, 4, 2, 7310.0589440350395, 7293.2425652171705]
[8, 5, 0.28375000000000006, 0.021548378993417577, False, 6, 3, 25900.743920099914, 6828.558634538977]
[9, 5, 0.28375000000000006, 0.020316006546431092, False, 2, 1, 8018.62105222752, 8008.355647316483]
[9, 5, 0.28375000000000006, 0.020316006546431092, False, 4, 2, 8196.442705899135, 8174.077182887799]
[10, 5, 0.28375000000000006, 0.019273456093684076, False, 2, 1, 8765.588487636467, 8752.362327492761]
[5, 6, 0.28375000000000006, 0.027256783001490394, False, 2, 1, 5594.470456588794, 5590.402527509119]
[5, 6, 0.28375000000000006, 0.027256783001490394, False, 4, 2, 5376.442320785513, 5367.03384860195]
[5, 6, 0.28375000000000006, 0.027256783001490394, False, 6, 3, 25731.168647129183, 4871.047141762824]
[5, 6, 0.28375000000000006, 0.027256783001490394, False, 8, 4, 25457.14145015584, 4392.217969358034]
[6, 6, 0.28375000000000006, 0.024881924824899426, False, 2, 1, 6581.175495988898, 6574.919583976485]
[6, 6, 0.28375000000000006, 0.024881924824899426, False, 4, 2, 6436.59456180088, 6422.391363851129]
[6, 6, 0.28375000000000006, 0.024881924824899426, False, 6, 3, 25666.392041287472, 5861.7699781241645]
[6, 6, 0.28375000000000006, 0.024881924824899426, False, 8, 4, 25373.917778173207, 5287.030595852739]
[7, 6, 0.28375000000000006, 0.023036186123921516, False, 2, 1, 7520.74572155755, 7511.772743776663]
[7, 6, 0.28375000000000006, 0.023036186123921516, False, 4, 2, 7480.374044566626, 7460.167745937741]
[7, 6, 0.28375000000000006, 0.023036186123921516, False, 6, 3, 25600.278029402267, 6850.043423157708]
[7, 6, 0.28375000000000006, 0.023036186123921516, False, 8, 4, 25289.189486343806, 6181.446454119907]
[8, 6, 0.28375000000000006, 0.021548378993417577, False, 2, 1, 8413.243086256003, 8401.025293819319]
[8, 6, 0.28375000000000006, 0.021548378993417577, False, 4, 2, 8496.746170810338, 8469.22642754669]
[8, 6, 0.28375000000000006, 0.021548378993417577, False, 6, 3, 7871.991221619534, 7834.047693799208]
[9, 6, 0.28375000000000006, 0.020316006546431092, False, 2, 1, 9260.5715305283, 9244.594840902308]
[9, 6, 0.28375000000000006, 0.020316006546431092, False, 4, 2, 9485.524634763708, 9450.269588818805]
[10, 6, 0.28375000000000006, 0.019273456093684076, False, 2, 1, 10065.44018548978, 10043.966521044915]
[5, 7, 0.28375000000000006, 0.027256783001490394, False, 2, 1, 6408.1867262292835, 6402.017859206854]
[5, 7, 0.28375000000000006, 0.027256783001490394, False, 4, 2, 6115.390911839256, 6100.970543646117]
[5, 7, 0.28375000000000006, 0.027256783001490394, False, 6, 3, 25353.06177356695, 5458.620612633929]
[5, 7, 0.28375000000000006, 0.027256783001490394, False, 8, 4, 24974.25016779614, 4854.290015722016]
[6, 7, 0.28375000000000006, 0.024881924824899426, False, 2, 1, 7490.360607415716, 7481.050379766967]
[6, 7, 0.28375000000000006, 0.024881924824899426, False, 4, 2, 7292.695590753509, 7271.907428297083]
[6, 7, 0.28375000000000006, 0.024881924824899426, False, 6, 3, 25263.02198626587, 6549.6344023346965]
[6, 7, 0.28375000000000006, 0.024881924824899426, False, 8, 4, 24860.26857207826, 5827.829468416281]
[7, 7, 0.28375000000000006, 0.023036186123921516, False, 2, 1, 8508.06467176497, 8494.947571594534]
[7, 7, 0.28375000000000006, 0.023036186123921516, False, 4, 2, 8443.29394370207, 8414.027004869758]
[7, 7, 0.28375000000000006, 0.023036186123921516, False, 6, 3, 25171.44064425325, 7631.781568725405]
[7, 7, 0.28375000000000006, 0.023036186123921516, False, 8, 4, 24744.724551185023, 6796.133548146871]
[8, 7, 0.28375000000000006, 0.021548378993417577, False, 2, 1, 9464.153927910294, 9445.536623069442]
[8, 7, 0.28375000000000006, 0.021548378993417577, False, 4, 2, 9553.395364582433, 9514.006528260259]
[8, 7, 0.28375000000000006, 0.021548378993417577, False, 6, 3, 8756.701326275936, 8703.122084345921]
[9, 7, 0.28375000000000006, 0.020316006546431092, False, 2, 1, 10360.910407303325, 10336.753119348472]
[9, 7, 0.28375000000000006, 0.020316006546431092, False, 4, 2, 10624.894523073113, 10573.712721840011]
[10, 7, 0.28375000000000006, 0.019273456093684076, False, 2, 1, 11201.829188760505, 11171.445699204478]
[5, 8, 0.28375000000000006, 0.027256783001490394, False, 2, 1, 7156.04181612677, 7147.3742542962445]
[5, 8, 0.28375000000000006, 0.027256783001490394, False, 4, 2, 6782.03787224756, 6762.574924868875]
[5, 8, 0.28375000000000006, 0.027256783001490394, False, 6, 3, 24901.93885193774, 5971.501180751278]
[5, 8, 0.28375000000000006, 0.027256783001490394, False, 8, 4, 24406.937782010715, 5244.8768007266435]
[6, 8, 0.28375000000000006, 0.024881924824899426, False, 2, 1, 8315.007120481388, 8302.149165453427]
[6, 8, 0.28375000000000006, 0.024881924824899426, False, 4, 2, 8060.010673194878, 8031.140760406816]
[6, 8, 0.28375000000000006, 0.024881924824899426, False, 6, 3, 24783.53913126349, 7145.883111464034]
[6, 8, 0.28375000000000006, 0.024881924824899426, False, 8, 4, 24259.569864214704, 6281.897100946516]
[7, 8, 0.28375000000000006, 0.023036186123921516, False, 2, 1, 9393.576752456518, 9374.589689054415]
[7, 8, 0.28375000000000006, 0.023036186123921516, False, 4, 2, 9299.49647265748, 9259.209556626343]
[7, 8, 0.28375000000000006, 0.023036186123921516, False, 6, 3, 24663.59201116504, 8304.655353345495]
[7, 8, 0.28375000000000006, 0.023036186123921516, False, 8, 4, 24111.895515934528, 7308.833262070479]
[8, 8, 0.28375000000000006, 0.021548378993417577, False, 2, 1, 10393.998341007382, 10368.73640544328]
[8, 8, 0.28375000000000006, 0.021548378993417577, False, 4, 2, 10485.300271013437, 10431.57528441661]
[8, 8, 0.28375000000000006, 0.021548378993417577, False, 6, 3, 9518.827577151484, 9445.862722779935]
[9, 8, 0.28375000000000006, 0.020316006546431092, False, 2, 1, 11323.20259013389, 11290.856151666329]
[9, 8, 0.28375000000000006, 0.020316006546431092, False, 4, 2, 11620.722380818605, 11551.550695995165]
[10, 8, 0.28375000000000006, 0.019273456093684076, False, 2, 1, 12186.119547988286, 12145.942828147297]
[5, 9, 0.28375000000000006, 0.027256783001490394, False, 2, 1, 7835.988493503834, 7824.497184668644]
[5, 9, 0.28375000000000006, 0.027256783001490394, False, 4, 2, 7379.153160085915, 7353.411000542684]
[5, 9, 0.28375000000000006, 0.027256783001490394, False, 6, 3, 24382.70200902269, 6415.814847483249]
[5, 9, 0.28375000000000006, 0.027256783001490394, False, 8, 4, 23803.400693435982, 5575.719306167829]
[6, 9, 0.28375000000000006, 0.024881924824899426, False, 2, 1, 9057.214745431704, 9039.282987999692]
[6, 9, 0.28375000000000006, 0.024881924824899426, False, 4, 2, 8741.448369305564, 8703.560800260431]
[6, 9, 0.28375000000000006, 0.024881924824899426, False, 6, 3, 24233.97201912591, 7658.894078179381]
[6, 9, 0.28375000000000006, 0.024881924824899426, False, 8, 4, 23640.681599832675, 6665.484891877557]
[7, 9, 0.28375000000000006, 0.023036186123921516, False, 2, 1, 10180.275883322676, 10155.537933126157]
[7, 9, 0.28375000000000006, 0.023036186123921516, False, 4, 2, 10054.017920993976, 10001.560280003494]
[7, 9, 0.28375000000000006, 0.023036186123921516, False, 6, 3, 24087.90643775519, 8880.020786501971]
[8, 9, 0.28375000000000006, 0.021548378993417577, False, 2, 1, 11212.290211702777, 11179.789105999189]
[8, 9, 0.28375000000000006, 0.021548378993417577, False, 4, 2, 11301.33353913602, 11230.642029979355]
[9, 9, 0.28375000000000006, 0.020316006546431092, False, 2, 1, 12161.906454879892, 12120.777537409278]
[5, 1, 0.29750000000000004, 0.027256783001490394, False, 2, 1, 1036.2822910920818, 1036.3422682988592]
[5, 1, 0.29750000000000004, 0.027256783001490394, False, 4, 2, 1029.420878807448, 1029.3542185982087]
[5, 1, 0.29750000000000004, 0.027256783001490394, False, 6, 3, 26553.73592195758, 1011.470430207666]
[5, 1, 0.29750000000000004, 0.027256783001490394, False, 8, 4, 26546.27002259285, 991.5621222646213]
[6, 1, 0.29750000000000004, 0.024881924824899426, False, 2, 1, 1264.0706415584878, 1264.0264180816612]
[6, 1, 0.29750000000000004, 0.024881924824899426, False, 4, 2, 1259.4830593400068, 1259.378937376401]
[6, 1, 0.29750000000000004, 0.024881924824899426, False, 6, 3, 26551.99449678059, 1238.5073290261291]
[6, 1, 0.29750000000000004, 0.024881924824899426, False, 8, 4, 26543.950425809853, 1213.8828322903394]
[7, 1, 0.29750000000000004, 0.023036186123921516, False, 2, 1, 1497.0326236315127, 1496.9619218216126]
[7, 1, 0.29750000000000004, 0.023036186123921516, False, 4, 2, 1496.294205247164, 1496.1390731976403]
[7, 1, 0.29750000000000004, 0.023036186123921516, False, 6, 3, 26550.202276082746, 1472.7088855887953]
[7, 1, 0.29750000000000004, 0.023036186123921516, False, 8, 4, 26541.563348203388, 1443.1978308443736]
[8, 1, 0.29750000000000004, 0.021548378993417577, False, 2, 1, 1734.9298855770976, 1734.8225628182684]
[8, 1, 0.29750000000000004, 0.021548378993417577, False, 4, 2, 1739.3231056385152, 1739.10002915771]
[8, 1, 0.29750000000000004, 0.021548378993417577, False, 6, 3, 26548.343403934272, 1713.9710309183083]
[9, 1, 0.29750000000000004, 0.020316006546431092, False, 2, 1, 1977.5473077767654, 1977.390878676189]
[9, 1, 0.29750000000000004, 0.020316006546431092, False, 4, 2, 1988.4837981699388, 1988.172495087727]
[10, 1, 0.29750000000000004, 0.019273456093684076, False, 2, 1, 2224.691368992812, 2224.470670248026]
[5, 2, 0.29750000000000004, 0.027256783001490394, False, 2, 1, 1880.7394909678185, 1880.5771001816624]
[5, 2, 0.29750000000000004, 0.027256783001490394, False, 4, 2, 1857.5606193021072, 1857.111458514348]
[5, 2, 0.29750000000000004, 0.027256783001490394, False, 6, 3, 26505.130134856445, 1798.8188344532139]
[5, 2, 0.29750000000000004, 0.027256783001490394, False, 8, 4, 26481.59096622148, 1735.5377753156795]
[6, 2, 0.29750000000000004, 0.024881924824899426, False, 2, 1, 2279.1517882243625, 2278.877541019534]
[6, 2, 0.29750000000000004, 0.024881924824899426, False, 4, 2, 2263.741938953027, 2263.059209428515]
[6, 2, 0.29750000000000004, 0.024881924824899426, False, 6, 3, 26499.635268611786, 2195.4060106397837]
[6, 2, 0.29750000000000004, 0.024881924824899426, False, 8, 4, 26474.28740174503, 2117.57462091724]
[7, 2, 0.29750000000000004, 0.023036186123921516, False, 2, 1, 2681.4879618254113, 2681.0559634878964]
[7, 2, 0.29750000000000004, 0.023036186123921516, False, 4, 2, 2678.461164993059, 2677.4629892872617]
[7, 2, 0.29750000000000004, 0.023036186123921516, False, 6, 3, 26493.982883478493, 2601.929025758704]
[7, 2, 0.29750000000000004, 0.023036186123921516, False, 8, 4, 26466.776240024272, 2509.179129338967]
[8, 2, 0.29750000000000004, 0.021548378993417577, False, 2, 1, 3086.858657165315, 3086.2126500693867]
[8, 2, 0.29750000000000004, 0.021548378993417577, False, 4, 2, 3100.0105456638207, 3098.5971889589673]
[8, 2, 0.29750000000000004, 0.021548378993417577, False, 6, 3, 26488.123245405448, 3018.003472301144]
[9, 2, 0.29750000000000004, 0.020316006546431092, False, 2, 1, 3494.6564971024873, 3493.729122485488]
[9, 2, 0.29750000000000004, 0.020316006546431092, False, 4, 2, 3527.6707667260575, 3526.097231948152]
[10, 2, 0.29750000000000004, 0.019273456093684076, False, 2, 1, 3904.2953212763664, 3903.007063327807]
[5, 3, 0.29750000000000004, 0.027256783001490394, False, 2, 1, 2802.898999469867, 2802.3304702431724]
[5, 3, 0.29750000000000004, 0.027256783001490394, False, 4, 2, 2750.2323111188193, 2749.1284262693484]
[5, 3, 0.29750000000000004, 0.027256783001490394, False, 6, 3, 26415.805795656983, 2621.217396374502]
[5, 3, 0.29750000000000004, 0.027256783001490394, False, 8, 4, 26363.074145558734, 2486.1380232618185]
[6, 3, 0.29750000000000004, 0.024881924824899426, False, 2, 1, 3372.8145105821977, 3371.870750712165]
[6, 3, 0.29750000000000004, 0.024881924824899426, False, 4, 2, 3337.2587519559524, 3335.5260180361392]
[6, 3, 0.29750000000000004, 0.024881924824899426, False, 6, 3, 26403.47861675289, 3187.972465849005]
[6, 3, 0.29750000000000004, 0.024881924824899426, False, 8, 4, 26346.753187813774, 3022.8311068066528]
[7, 3, 0.29750000000000004, 0.023036186123921516, False, 2, 1, 3940.297349890357, 3938.8359074671216]
[7, 3, 0.29750000000000004, 0.023036186123921516, False, 4, 2, 3931.347628069378, 3928.793893944369]
[7, 3, 0.29750000000000004, 0.023036186123921516, False, 6, 3, 26390.809366055735, 3765.017874367638]
[7, 3, 0.29750000000000004, 0.023036186123921516, False, 8, 4, 26329.98811015786, 3569.399857795215]
[8, 3, 0.29750000000000004, 0.021548378993417577, False, 2, 1, 4503.915392016558, 4501.767144634057]
[8, 3, 0.29750000000000004, 0.021548378993417577, False, 4, 2, 4528.95666158779, 4525.355694412336]
[9, 3, 0.29750000000000004, 0.020316006546431092, False, 2, 1, 5062.294299406726, 5059.775389528664]
[5, 4, 0.29750000000000004, 0.027256783001490394, False, 2, 1, 3745.494221281361, 3744.0582497876926]
[5, 4, 0.29750000000000004, 0.027256783001490394, False, 4, 2, 3649.6071581429364, 3647.0386432479654]
[5, 4, 0.29750000000000004, 0.027256783001490394, False, 6, 3, 26275.984467568564, 3421.6086087835815]
[5, 4, 0.29750000000000004, 0.027256783001490394, False, 8, 4, 26178.444619884278, 3190.2058847062626]
[6, 4, 0.29750000000000004, 0.024881924824899426, False, 2, 1, 4474.85746776833, 4472.517731276779]
[6, 4, 0.29750000000000004, 0.024881924824899426, False, 4, 2, 4409.385389667808, 4405.384292865381]
[6, 4, 0.29750000000000004, 0.024881924824899426, False, 6, 3, 26253.13147695201, 4146.928024021175]
[6, 4, 0.29750000000000004, 0.024881924824899426, False, 8, 4, 26148.369716596382, 3865.716380868505]
[7, 4, 0.29750000000000004, 0.023036186123921516, False, 2, 1, 5190.177513752813, 5187.291383010648]
[7, 4, 0.29750000000000004, 0.023036186123921516, False, 4, 2, 5171.476192711369, 5165.6391671854235]
[7, 4, 0.29750000000000004, 0.023036186123921516, False, 6, 3, 26229.67678111754, 4880.455237479236]
[8, 4, 0.29750000000000004, 0.021548378993417577, False, 2, 1, 5890.8237548838415, 5886.721258762624]
[8, 4, 0.29750000000000004, 0.021548378993417577, False, 4, 2, 5930.076453538106, 5921.944143369525]
[9, 4, 0.29750000000000004, 0.020316006546431092, False, 2, 1, 6575.688877585374, 6570.09496294917]
[5, 5, 0.29750000000000004, 0.027256783001490394, False, 2, 1, 4670.034732084553, 4667.691351557021]
[5, 5, 0.29750000000000004, 0.027256783001490394, False, 4, 2, 4519.005585154074, 4513.624622819335]
[5, 5, 0.29750000000000004, 0.027256783001490394, False, 6, 3, 26077.895396948046, 4167.796377064396]
[5, 5, 0.29750000000000004, 0.027256783001490394, False, 8, 4, 25911.31510150301, 3822.2193272558848]
[6, 5, 0.29750000000000004, 0.024881924824899426, False, 2, 1, 5540.132194343134, 5536.438337532849]
[6, 5, 0.29750000000000004, 0.024881924824899426, False, 4, 2, 5436.757929666671, 5428.524875163022]
[6, 5, 0.29750000000000004, 0.024881924824899426, False, 6, 3, 26040.478781125064, 5034.387596831131]
[6, 5, 0.29750000000000004, 0.024881924824899426, False, 8, 4, 25859.067686516286, 4616.597965724277]
[7, 5, 0.29750000000000004, 0.023036186123921516, False, 2, 1, 6382.373942158818, 6376.947816726848]
[7, 5, 0.29750000000000004, 0.023036186123921516, False, 4, 2, 6349.427752107673, 6337.56350225306]
[7, 5, 0.29750000000000004, 0.023036186123921516, False, 6, 3, 26000.66621275148, 5904.990161979772]
[8, 5, 0.29750000000000004, 0.021548378993417577, False, 2, 1, 7195.512131184176, 7187.9511534477915]
[8, 5, 0.29750000000000004, 0.021548378993417577, False, 4, 2, 7248.802456022271, 7232.432812211322]
[9, 5, 0.29750000000000004, 0.020316006546431092, False, 2, 1, 7979.632187204789, 7969.522168312047]
[5, 6, 0.29750000000000004, 0.027256783001490394, False, 2, 1, 5553.298714674327, 5549.321798562433]
[5, 6, 0.29750000000000004, 0.027256783001490394, False, 4, 2, 5336.0616265534245, 5326.878303805224]
[5, 6, 0.29750000000000004, 0.027256783001490394, False, 6, 3, 25801.6464386418, 4843.323492053768]
[5, 6, 0.29750000000000004, 0.027256783001490394, False, 8, 4, 25547.927393598948, 4373.817692077233]
[6, 6, 0.29750000000000004, 0.024881924824899426, False, 2, 1, 6543.843209323855, 6537.69697239074]
[6, 6, 0.29750000000000004, 0.024881924824899426, False, 4, 2, 6393.985406295476, 6380.0879867394415]
[6, 6, 0.29750000000000004, 0.024881924824899426, False, 6, 3, 25741.733217627974, 5831.68065804558]
[6, 6, 0.29750000000000004, 0.024881924824899426, False, 8, 4, 25470.734373828585, 5267.388439875855]
[7, 6, 0.29750000000000004, 0.023036186123921516, False, 2, 1, 7490.092446782375, 7481.235149755172]
[7, 6, 0.29750000000000004, 0.023036186123921516, False, 4, 2, 7437.144440078241, 7417.325453819157]
[7, 6, 0.29750000000000004, 0.023036186123921516, False, 6, 3, 25680.542816921436, 6818.634307917905]
[8, 6, 0.29750000000000004, 0.021548378993417577, False, 2, 1, 8391.827553339597, 8379.712956243253]
[8, 6, 0.29750000000000004, 0.021548378993417577, False, 4, 2, 8455.183017528516, 8428.12350540955]
[9, 6, 0.29750000000000004, 0.020316006546431092, False, 2, 1, 9250.506322663572, 9234.596661634167]
[5, 7, 0.29750000000000004, 0.027256783001490394, False, 2, 1, 6381.301472691294, 6375.214724326854]
[5, 7, 0.29750000000000004, 0.027256783001490394, False, 4, 2, 6088.426695179979, 6074.224615335206]
[5, 7, 0.29750000000000004, 0.027256783001490394, False, 6, 3, 25451.379719549506, 5443.824414087086]
[5, 7, 0.29750000000000004, 0.027256783001490394, False, 8, 4, 25099.14965483181, 4847.614217516901]
[6, 7, 0.29750000000000004, 0.024881924824899426, False, 2, 1, 7472.286681157276, 7463.052713802564]
[6, 7, 0.29750000000000004, 0.024881924824899426, False, 4, 2, 7267.019571269202, 7246.491820177415]
[6, 7, 0.29750000000000004, 0.024881924824899426, False, 6, 3, 25367.7759965623, 6535.609353322857]
[6, 7, 0.29750000000000004, 0.024881924824899426, False, 8, 4, 24992.913305874543, 5822.559029978928]
[7, 7, 0.29750000000000004, 0.023036186123921516, False, 2, 1, 8501.705422212217, 8488.632425663973]
[7, 7, 0.29750000000000004, 0.023036186123921516, False, 4, 2, 8420.947868438989, 8391.977067654003]
[7, 7, 0.29750000000000004, 0.023036186123921516, False, 6, 3, 25282.66523824817, 7619.681238855582]
[8, 7, 0.29750000000000004, 0.021548378993417577, False, 2, 1, 9472.017334909331, 9453.373247801417]
[8, 7, 0.29750000000000004, 0.021548378993417577, False, 4, 2, 9536.880869835979, 9497.792699538351]
[9, 7, 0.29750000000000004, 0.020316006546431092, False, 2, 1, 10384.932194376213, 10360.629944983757]
[5, 8, 0.29750000000000004, 0.027256783001490394, False, 2, 1, 7147.334615285706, 7138.709977753465]
[5, 8, 0.29750000000000004, 0.027256783001490394, False, 4, 2, 6771.3478518375305, 6752.025230048968]
[5, 8, 0.29750000000000004, 0.027256783001490394, False, 6, 3, 25031.76548283647, 5971.2823428272695]
[5, 8, 0.29750000000000004, 0.027256783001490394, False, 8, 4, 24569.24761016859, 5250.4627893575125]
[6, 8, 0.29750000000000004, 0.024881924824899426, False, 2, 1, 8320.393438771276, 8307.531645130628]
[6, 8, 0.29750000000000004, 0.024881924824899426, False, 4, 2, 8054.6070166864765, 8025.8737475465205]
[6, 8, 0.29750000000000004, 0.024881924824899426, False, 6, 3, 24921.332506990188, 7149.672730626018]
[6, 8, 0.29750000000000004, 0.024881924824899426, False, 8, 4, 24431.1357300741, 6291.466666064388]
[7, 8, 0.29750000000000004, 0.023036186123921516, False, 2, 1, 9415.597574257086, 9396.502414127655]
[7, 8, 0.29750000000000004, 0.023036186123921516, False, 4, 2, 9301.509739253423, 9261.31606057702]
[7, 8, 0.29750000000000004, 0.023036186123921516, False, 6, 3, 24809.329345729682, 8313.638157429174]
[8, 8, 0.29750000000000004, 0.021548378993417577, False, 2, 1, 10434.895720116896, 10409.36670510572]
[8, 8, 0.29750000000000004, 0.021548378993417577, False, 4, 2, 10497.29321112084, 10443.559427607632]
[9, 8, 0.29750000000000004, 0.020316006546431092, False, 2, 1, 11384.55666918076, 11351.718823677315]
[5, 9, 0.29750000000000004, 0.027256783001490394, False, 2, 1, 7848.223464545131, 7836.7020547341735]
[5, 9, 0.29750000000000004, 0.027256783001490394, False, 4, 2, 7386.70072168423, 7360.967428323506]
[5, 9, 0.29750000000000004, 0.027256783001490394, False, 6, 3, 24546.54701606018, 6430.844165540428]
[5, 9, 0.29750000000000004, 0.027256783001490394, False, 8, 4, 23983.157267652132, 5592.075645408281]
[6, 9, 0.29750000000000004, 0.024881924824899426, False, 2, 1, 9088.174393256917, 9070.087684790235]
[6, 9, 0.29750000000000004, 0.024881924824899426, False, 4, 2, 8758.327912412797, 8720.360062688549]
[6, 9, 0.29750000000000004, 0.024881924824899426, False, 6, 3, 24407.126492353742, 7681.092129957589]
[6, 9, 0.29750000000000004, 0.024881924824899426, False, 8, 4, 23830.1636146557, 6687.92851921229]
[7, 9, 0.29750000000000004, 0.023036186123921516, False, 2, 1, 10232.331470143605, 10207.250672239747]
[7, 9, 0.29750000000000004, 0.023036186123921516, False, 4, 2, 10082.321605826442, 10029.628542143897]
[7, 9, 0.29750000000000004, 0.023036186123921516, False, 6, 3, 24266.313033509294, 8910.104112882835]
[8, 9, 0.29750000000000004, 0.021548378993417577, False, 2, 1, 11287.280912350647, 11254.170152585772]
[8, 9, 0.29750000000000004, 0.021548378993417577, False, 4, 2, 11343.605094406836, 11272.3837171782]
[9, 9, 0.29750000000000004, 0.020316006546431092, False, 2, 1, 12260.954722526953, 12218.865301138914]
[5, 1, 0.31125, 0.027256783001490394, False, 2, 1, 1012.087729173705, 1012.1436944869897]
[5, 1, 0.31125, 0.027256783001490394, False, 4, 2, 1005.427717229282, 1005.3657348167326]
[5, 1, 0.31125, 0.027256783001490394, False, 6, 3, 26555.533036896093, 988.4619388261469]
[5, 1, 0.31125, 0.027256783001490394, False, 8, 4, 26548.663978862038, 969.6006750387176]
[6, 1, 0.31125, 0.024881924824899426, False, 2, 1, 1235.0714423874508, 1235.030234171564]
[6, 1, 0.31125, 0.024881924824899426, False, 4, 2, 1230.4007969462768, 1230.30389910753]
[6, 1, 0.31125, 0.024881924824899426, False, 6, 3, 26553.93087224554, 1210.5360325558272]
[6, 1, 0.31125, 0.024881924824899426, False, 8, 4, 26546.52970913394, 1187.1917678969035]
[7, 1, 0.31125, 0.023036186123921516, False, 2, 1, 1463.3134562271377, 1463.2475046258085]
[7, 1, 0.31125, 0.023036186123921516, False, 4, 2, 1462.0794059765697, 1461.934930186101]
[7, 1, 0.31125, 0.023036186123921516, False, 6, 3, 26552.281944323848, 1439.6913474977923]
[8, 1, 0.31125, 0.021548378993417577, False, 2, 1, 1696.5950435709267, 1696.494822489019]
[8, 1, 0.31125, 0.021548378993417577, False, 4, 2, 1699.9774389500737, 1699.769555264707]
[9, 1, 0.31125, 0.020316006546431092, False, 2, 1, 1934.7164713659504, 1934.5702281992178]
[5, 2, 0.31125, 0.027256783001490394, False, 2, 1, 1842.0864103384831, 1841.9340682147479]
[5, 2, 0.31125, 0.027256783001490394, False, 4, 2, 1819.4951604623068, 1819.0746325385637]
[5, 2, 0.31125, 0.027256783001490394, False, 6, 3, 26510.80349837303, 1763.6532614679477]
[5, 2, 0.31125, 0.027256783001490394, False, 8, 4, 26489.133564556338, 1703.302102806571]
[6, 2, 0.31125, 0.024881924824899426, False, 2, 1, 2233.9166948293455, 2233.658932493251]
[6, 2, 0.31125, 0.024881924824899426, False, 4, 2, 2218.1893559020386, 2217.5492369335125]
[6, 2, 0.31125, 0.024881924824899426, False, 6, 3, 26505.745442660977, 2153.0848662343]
[6, 2, 0.31125, 0.024881924824899426, False, 8, 4, 26482.408915366497, 2078.7954641925935]
[7, 2, 0.31125, 0.023036186123921516, False, 2, 1, 2630.165580788638, 2629.758758035866]
[7, 2, 0.31125, 0.023036186123921516, False, 4, 2, 2625.5788971638713, 2624.6417919855367]
[7, 2, 0.31125, 0.023036186123921516, False, 6, 3, 26500.542093925556, 2552.4845453199505]
[8, 2, 0.31125, 0.021548378993417577, False, 2, 1, 3029.991899560252, 3029.382338940747]
[8, 2, 0.31125, 0.021548378993417577, False, 4, 2, 3040.080884854563, 3038.7524137009386]
[9, 2, 0.31125, 0.020316006546431092, False, 2, 1, 3432.804666114492, 3431.9278454776986]
[5, 3, 0.31125, 0.027256783001490394, False, 2, 1, 2753.9604498677095, 2753.4223526650057]
[5, 3, 0.31125, 0.027256783001490394, False, 4, 2, 2702.388423544685, 2701.340047961975]
[5, 3, 0.31125, 0.027256783001490394, False, 6, 3, 26428.54480710661, 2578.9499058699103]
[5, 3, 0.31125, 0.027256783001490394, False, 8, 4, 26379.94922791742, 2449.2088167546767]
[6, 3, 0.31125, 0.024881924824899426, False, 2, 1, 3317.2503576163876, 3316.354617990662]
[6, 3, 0.31125, 0.024881924824899426, False, 4, 2, 3280.913096250969, 3279.265354814069]
[6, 3, 0.31125, 0.024881924824899426, False, 6, 3, 26417.186852284303, 3137.7396925740886]
[6, 3, 0.31125, 0.024881924824899426, False, 8, 4, 26364.903164444655, 2978.966714571334]
[7, 3, 0.31125, 0.023036186123921516, False, 2, 1, 3879.2317405764416, 3877.8407246870056]
[7, 3, 0.31125, 0.023036186123921516, False, 4, 2, 3867.0232115562217, 3864.5913532705463]
[7, 3, 0.31125, 0.023036186123921516, False, 6, 3, 26405.512240868335, 3707.079884552716]
[8, 3, 0.31125, 0.021548378993417577, False, 2, 1, 4438.511405124373, 4436.460864941066]
[8, 3, 0.31125, 0.021548378993417577, False, 4, 2, 4457.401773325525, 4453.967534125034]
[9, 3, 0.31125, 0.020316006546431092, False, 2, 1, 4994.20044316358, 4991.299006483944]
[5, 4, 0.31125, 0.027256783001490394, False, 2, 1, 3692.0867668137807, 3690.7147022177965]
[5, 4, 0.31125, 0.027256783001490394, False, 4, 2, 3597.712481176016, 3595.248926735505]
[5, 4, 0.31125, 0.027256783001490394, False, 6, 3, 26299.633773443562, 3378.137482434479]
[5, 4, 0.31125, 0.027256783001490394, False, 8, 4, 26209.597413172705, 3154.3033991151856]
[6, 4, 0.31125, 0.024881924824899426, False, 2, 1, 4416.549476736918, 4414.30573018621]
[6, 4, 0.31125, 0.024881924824899426, False, 4, 2, 4349.476038872445, 4345.632447960721]
[6, 4, 0.31125, 0.024881924824899426, False, 6, 3, 26278.54671194272, 4096.077016755464]
[6, 4, 0.31125, 0.024881924824899426, False, 8, 4, 26181.81834495901, 3823.7585136199664]
[7, 4, 0.31125, 0.023036186123921516, False, 2, 1, 5128.80025191641, 5126.016156178192]
[7, 4, 0.31125, 0.023036186123921516, False, 4, 2, 5104.5157293799575, 5098.899068589242]
[7, 4, 0.31125, 0.023036186123921516, False, 6, 3, 26256.89940438873, 4822.756844808682]
[8, 4, 0.31125, 0.021548378993417577, False, 2, 1, 5828.138286922229, 5824.16689880285]
[8, 4, 0.31125, 0.021548378993417577, False, 4, 2, 5857.347920611318, 5849.508422523685]
[9, 4, 0.31125, 0.020316006546431092, False, 2, 1, 6513.354545741733, 6507.920612130775]
[5, 5, 0.31125, 0.027256783001490394, False, 2, 1, 4618.336370266337, 4616.070406428851]
[5, 5, 0.31125, 0.027256783001490394, False, 4, 2, 4468.890155851867, 4463.691777501445]
[5, 5, 0.31125, 0.027256783001490394, False, 6, 3, 26116.691183367795, 4128.490675221327]
[5, 5, 0.31125, 0.027256783001490394, False, 8, 4, 25965.594352253545, 3792.136923923519]
[6, 5, 0.31125, 0.024881924824899426, False, 2, 1, 5486.6963985777575, 5483.1096083099455]
[6, 5, 0.31125, 0.024881924824899426, False, 4, 2, 5380.404115750503, 5372.4340916182055]
[6, 5, 0.31125, 0.024881924824899426, False, 6, 3, 26082.094950908267, 4989.394508409603]
[6, 5, 0.31125, 0.024881924824899426, False, 8, 4, 25917.185484324076, 4582.274693659012]
[7, 5, 0.31125, 0.023036186123921516, False, 2, 1, 6329.5708254274905, 6324.2804712349225]
[7, 5, 0.31125, 0.023036186123921516, False, 4, 2, 6288.221525759099, 6276.712753299109]
[7, 5, 0.31125, 0.023036186123921516, False, 6, 3, 26046.642998175266, 5855.233098386178]
[8, 5, 0.31125, 0.021548378993417577, False, 2, 1, 7145.590587047639, 7138.189573910087]
[8, 5, 0.31125, 0.021548378993417577, False, 4, 2, 7184.519436342854, 7168.60659781818]
[9, 5, 0.31125, 0.020316006546431092, False, 2, 1, 7934.583986422467, 7924.649803213006]
[5, 6, 0.31125, 0.027256783001490394, False, 2, 1, 5508.972959621645, 5505.091969252246]
[5, 6, 0.31125, 0.027256783001490394, False, 4, 2, 5292.935683772599, 5283.986518450975]
[5, 6, 0.31125, 0.027256783001490394, False, 6, 3, 25863.954555448952, 4812.686292097809]
[5, 6, 0.31125, 0.027256783001490394, False, 8, 4, 25628.397573119342, 4352.558146985511]
[6, 6, 0.31125, 0.024881924824899426, False, 2, 1, 6501.887449873095, 6495.861826247239]
[6, 6, 0.31125, 0.024881924824899426, False, 4, 2, 6347.364693955301, 6333.790978270976]
[6, 6, 0.31125, 0.024881924824899426, False, 6, 3, 25808.381957139714, 5797.862213666663]
[6, 6, 0.31125, 0.024881924824899426, False, 8, 4, 25556.616791016804, 5244.153516701358]
[7, 6, 0.31125, 0.023036186123921516, False, 2, 1, 7453.241508080527, 7444.5197030490135]
[7, 6, 0.31125, 0.023036186123921516, False, 4, 2, 7389.0867783291515, 7369.685176707003]
[7, 6, 0.31125, 0.023036186123921516, False, 6, 3, 25751.591554524108, 6782.620035957825]
[8, 6, 0.31125, 0.021548378993417577, False, 2, 1, 8362.572707677107, 8350.593044144885]
[8, 6, 0.31125, 0.021548378993417577, False, 4, 2, 8407.640928018114, 8381.089662740058]
[9, 6, 0.31125, 0.020316006546431092, False, 2, 1, 9230.936934359856, 9215.140996733582]
[5, 7, 0.31125, 0.027256783001490394, False, 2, 1, 6349.129487960287, 6343.138207701415]
[5, 7, 0.31125, 0.027256783001490394, False, 4, 2, 6056.846251676819, 6042.890540403633]
[5, 7, 0.31125, 0.027256783001490394, False, 6, 3, 25538.61089747268, 5424.610086403252]
[5, 7, 0.31125, 0.027256783001490394, False, 8, 4, 25210.352950153865, 4836.93196187777]
[6, 7, 0.31125, 0.024881924824899426, False, 2, 1, 7447.09175974242, 7437.958412961635]
[6, 7, 0.31125, 0.024881924824899426, False, 4, 2, 7236.123036669293, 7215.178414400507]
[6, 7, 0.31125, 0.024881924824899426, False, 6, 3, 25460.795337715368, 6516.071828453107]
[6, 7, 0.31125, 0.024881924824899426, False, 8, 4, 25111.13514211346, 5812.343267302918]
[7, 7, 0.31125, 0.023036186123921516, False, 2, 1, 8486.350736891112, 8473.360920496678]
[7, 7, 0.31125, 0.023036186123921516, False, 4, 2, 8391.248071604037, 8362.639344400179]
[7, 7, 0.31125, 0.023036186123921516, False, 6, 3, 25381.514060855243, 7600.926798393972]
[8, 7, 0.31125, 0.021548378993417577, False, 2, 1, 9469.003223002486, 9450.396180808128]
[5, 8, 0.31125, 0.027256783001490394, False, 2, 1, 7131.0600696563615, 7122.503167282999]
[5, 8, 0.31125, 0.027256783001490394, False, 4, 2, 6754.1956056816025, 6735.0613789719555]
[5, 8, 0.31125, 0.027256783001490394, False, 6, 3, 25147.431833760093, 5965.268175907239]
[5, 8, 0.31125, 0.027256783001490394, False, 8, 4, 24714.498047106783, 5251.057612415775]
[6, 8, 0.31125, 0.024881924824899426, False, 2, 1, 8315.947968325208, 8303.123613042197]
[6, 8, 0.31125, 0.024881924824899426, False, 4, 2, 8041.105928710691, 8012.58562936181]
[6, 8, 0.31125, 0.024881924824899426, False, 6, 3, 25044.228534042748, 7146.33950776173]
[7, 8, 0.31125, 0.023036186123921516, False, 2, 1, 9425.974011587738, 9406.840046860303]
[7, 8, 0.31125, 0.023036186123921516, False, 4, 2, 9293.735908671413, 9253.748099949997]
[8, 8, 0.31125, 0.021548378993417577, False, 2, 1, 10462.138107500903, 10436.43966434694]
[5, 9, 0.31125, 0.027256783001490394, False, 2, 1, 7850.983548081926, 7839.470191556966]
[5, 9, 0.31125, 0.027256783001490394, False, 4, 2, 7386.06541076812, 7360.415401309957]
[5, 9, 0.31125, 0.027256783001490394, False, 6, 3, 24693.202722922793, 6438.874318420117]
[5, 9, 0.31125, 0.027256783001490394, False, 8, 4, 24147.54607707968, 5602.881420900532]
[6, 9, 0.31125, 0.024881924824899426, False, 2, 1, 9107.35205017136, 9089.178041379986]
[6, 9, 0.31125, 0.024881924824899426, False, 4, 2, 8765.137201812064, 8727.20341961109]
[6, 9, 0.31125, 0.024881924824899426, False, 6, 3, 24562.31810956164, 7694.776703108639]
[7, 9, 0.31125, 0.023036186123921516, False, 2, 1, 10270.413164757581, 10245.087448633]
[7, 9, 0.31125, 0.023036186123921516, False, 4, 2, 10098.650384675671, 10045.885687558295]
[8, 9, 0.31125, 0.021548378993417577, False, 2, 1, 11346.241041205825, 11312.65292071836]
[5, 1, 0.325, 0.027256783001490394, False, 2, 1, 989.2687288279367, 989.3210793968582]
[5, 1, 0.325, 0.027256783001490394, False, 4, 2, 982.8032824780508, 982.7454953068019]
[5, 1, 0.325, 0.027256783001490394, False, 6, 3, 26557.11773813815, 966.7285283313361]
[5, 1, 0.325, 0.027256783001490394, False, 8, 4, 26550.77512839136, 948.8183376904004]
[6, 1, 0.325, 0.024881924824899426, False, 2, 1, 1207.5595346170746, 1207.6404066612586]
[6, 1, 0.325, 0.024881924824899426, False, 4, 2, 1202.9564893761228, 1202.8660804563717]
[6, 1, 0.325, 0.024881924824899426, False, 6, 3, 26555.63840248163, 1184.0999416749187]
[6, 1, 0.325, 0.024881924824899426, False, 8, 4, 26548.80434317871, 1161.919760909655]
[7, 1, 0.325, 0.023036186123921516, False, 2, 1, 1431.4114603268856, 1431.3497974666266]
[7, 1, 0.325, 0.023036186123921516, False, 4, 2, 1429.7657452110423, 1429.6308543364355]
[7, 1, 0.325, 0.023036186123921516, False, 6, 3, 26554.115864339183, 1408.4680630314576]
[8, 1, 0.325, 0.021548378993417577, False, 2, 1, 1660.2654636475313, 1660.1716689697357]
[8, 1, 0.325, 0.021548378993417577, False, 4, 2, 1662.7850563077761, 1662.5908560457233]
[5, 2, 0.325, 0.027256783001490394, False, 2, 1, 1805.213271655634, 1805.0701066299116]
[5, 2, 0.325, 0.027256783001490394, False, 4, 2, 1783.1996537418338, 1782.8051783931955]
[5, 2, 0.325, 0.027256783001490394, False, 6, 3, 26515.808627594688, 1730.0125025911389]
[5, 2, 0.325, 0.027256783001490394, False, 8, 4, 26495.78926619121, 1672.3585961561732]
[6, 2, 0.325, 0.024881924824899426, False, 2, 1, 2190.632431265397, 2190.389786975415]
[6, 2, 0.325, 0.024881924824899426, False, 4, 2, 2174.689931993386, 2174.0886888189248]
[6, 2, 0.325, 0.024881924824899426, False, 6, 3, 26511.136217525018, 2112.5544240622726]
[6, 2, 0.325, 0.024881924824899426, False, 8, 4, 26489.575962787283, 2041.53073847786]
[7, 2, 0.325, 0.023036186123921516, False, 2, 1, 2580.8997046181303, 2580.516070598967]
[7, 2, 0.325, 0.023036186123921516, False, 4, 2, 2575.001243892651, 2574.1199987665586]
[7, 2, 0.325, 0.023036186123921516, False, 6, 3, 26506.329350791766, 2505.0792386247804]
[8, 2, 0.325, 0.021548378993417577, False, 2, 1, 2975.2196575658013, 2974.643819869053]
[5, 3, 0.325, 0.027256783001490394, False, 2, 1, 2706.58123032846, 2706.071487169994]
[5, 3, 0.325, 0.027256783001490394, False, 4, 2, 2656.1121327532974, 2655.115630552587]
[5, 3, 0.325, 0.027256783001490394, False, 6, 3, 26439.792988234847, 2537.8495133652764]
[5, 3, 0.325, 0.027256783001490394, False, 8, 4, 26394.856945334475, 2413.1006650870386]
[6, 3, 0.325, 0.024881924824899426, False, 2, 1, 3263.1735102793245, 3262.322824653395]
[6, 3, 0.325, 0.024881924824899426, False, 4, 2, 3226.2766056061423, 3224.708538803525]
[6, 3, 0.325, 0.024881924824899426, False, 6, 3, 26429.292256870172, 3088.8031222111094]
[7, 3, 0.325, 0.023036186123921516, False, 2, 1, 3819.467312683284, 3818.1428605586693]
[7, 3, 0.325, 0.023036186123921516, False, 4, 2, 3804.484510789663, 3802.167290538654]
[8, 3, 0.325, 0.021548378993417577, False, 2, 1, 4374.111368003582, 4372.153901961988]
[5, 4, 0.325, 0.027256783001490394, False, 2, 1, 3639.381163739469, 3638.0701465928037]
[5, 4, 0.325, 0.027256783001490394, False, 4, 2, 3546.5903514339143, 3544.2272924922263]
[5, 4, 0.325, 0.027256783001490394, False, 6, 3, 26320.543261980114, 3334.9567889659775]
[5, 4, 0.325, 0.027256783001490394, False, 8, 4, 26237.16653110692, 3118.3288350321964]
[6, 4, 0.325, 0.024881924824899426, False, 2, 1, 4358.501212472195, 4356.350178084362]
[6, 4, 0.325, 0.024881924824899426, False, 4, 2, 4290.217750033759, 4286.525670945013]
[6, 4, 0.325, 0.024881924824899426, False, 6, 3, 26301.022413500104, 4045.40884539098]
[7, 4, 0.325, 0.023036186123921516, False, 2, 1, 5067.0955483645275, 5064.4114583363935]
[7, 4, 0.325, 0.023036186123921516, False, 4, 2, 5037.992144723515, 5032.588541744261]
[8, 4, 0.325, 0.021548378993417577, False, 2, 1, 5764.408623842699, 5760.567442634473]
[5, 5, 0.325, 0.027256783001490394, False, 2, 1, 4565.963711237864, 4563.774285867121]
[5, 5, 0.325, 0.027256783001490394, False, 4, 2, 4418.291866346988, 4413.272903051631]
[5, 5, 0.325, 0.027256783001490394, False, 6, 3, 26151.056583065547, 4088.2657653256842]
[5, 5, 0.325, 0.027256783001490394, False, 8, 4, 26013.765706162216, 3760.865194344068]
[6, 5, 0.325, 0.024881924824899426, False, 2, 1, 5431.72338654994, 5428.244321345232]
[6, 5, 0.325, 0.024881924824899426, False, 4, 2, 5323.115740306344, 5315.406161409641]
[6, 5, 0.325, 0.024881924824899426, False, 6, 3, 26118.9715861408, 4943.092909186191]
[7, 5, 0.325, 0.023036186123921516, False, 2, 1, 6274.224602610476, 6269.073688031565]
[7, 5, 0.325, 0.023036186123921516, False, 4, 2, 6225.522393726511, 6214.368543100438]
[8, 5, 0.325, 0.021548378993417577, False, 2, 1, 7092.00199770535, 7084.769448303083]
[5, 6, 0.325, 0.027256783001490394, False, 2, 1, 5462.250096185023, 5458.468136374917]
[5, 6, 0.325, 0.027256783001490394, False, 4, 2, 5247.779881484603, 5239.069904510998]
[5, 6, 0.325, 0.027256783001490394, False, 6, 3, 25919.30703630093, 4779.748667844604]
[5, 6, 0.325, 0.027256783001490394, False, 8, 4, 25700.04977626508, 4328.97733301966]
[6, 6, 0.325, 0.024881924824899426, False, 2, 1, 6456.26519803153, 6450.368122040507]
[6, 6, 0.325, 0.024881924824899426, False, 4, 2, 6297.9113739786735, 6284.6725411944535]
[6, 6, 0.325, 0.024881924824899426, False, 6, 3, 25867.622945281924, 5761.065062773722]
[7, 6, 0.325, 0.023036186123921516, False, 2, 1, 7411.342955485858, 7402.771968187003]
[7, 6, 0.325, 0.023036186123921516, False, 4, 2, 7336.961684669111, 7317.998956328032]
[8, 6, 0.325, 0.021548378993417577, False, 2, 1, 8326.810870628782, 8314.991683376149]
[5, 7, 0.325, 0.027256783001490394, False, 2, 1, 6312.658566761325, 6306.7730354682735]
[5, 7, 0.325, 0.027256783001490394, False, 4, 2, 6021.5268143766125, 6007.8385883492365]
[5, 7, 0.325, 0.027256783001490394, False, 6, 3, 25616.35080570883, 5401.733237942224]
[5, 7, 0.325, 0.027256783001490394, False, 8, 4, 25309.7677689334, 4822.8780851775555]
[6, 7, 0.325, 0.024881924824899426, False, 2, 1, 7415.977612456985, 7406.964533158165]
[6, 7, 0.325, 0.024881924824899426, False, 4, 2, 7199.6144193057, 7179.025128967213]
[6, 7, 0.325, 0.024881924824899426, False, 6, 3, 25543.755770660486, 6491.935212085173]
[7, 7, 0.325, 0.023036186123921516, False, 2, 1, 8463.398479637415, 8450.524344346588]
[7, 7, 0.325, 0.023036186123921516, False, 4, 2, 8355.451273842893, 8327.257061038013]
[8, 7, 0.325, 0.021548378993417577, False, 2, 1, 9456.686286638915, 9438.170643469126]
[5, 8, 0.325, 0.027256783001490394, False, 2, 1, 7108.545741447716, 7100.0769950429185]
[5, 8, 0.325, 0.027256783001490394, False, 4, 2, 6731.623608346551, 6712.716917247831]
[5, 8, 0.325, 0.027256783001490394, False, 6, 3, 25250.897896541603, 5954.321702103654]
[5, 8, 0.325, 0.027256783001490394, False, 8, 4, 24844.94972850727, 5247.36421203377]
[6, 8, 0.325, 0.024881924824899426, False, 2, 1, 8303.256499788422, 8290.50459330265]
[6, 8, 0.325, 0.024881924824899426, False, 4, 2, 8020.757261779001, 7992.513125763954]
[6, 8, 0.325, 0.024881924824899426, False, 6, 3, 25154.268019088297, 7136.917034464805]
[7, 8, 0.325, 0.023036186123921516, False, 2, 1, 9425.94291829756, 9406.830584153942]
[7, 8, 0.325, 0.023036186123921516, False, 4, 2, 9277.625102579002, 9237.937749428886]
[8, 8, 0.325, 0.021548378993417577, False, 2, 1, 10477.467498023103, 10451.68599919475]
[5, 9, 0.325, 0.027256783001490394, False, 2, 1, 7845.599300299356, 7834.126716828468]
[5, 9, 0.325, 0.027256783001490394, False, 4, 2, 7378.416086086582, 7352.912503760548]
[5, 9, 0.325, 0.027256783001490394, False, 6, 3, 24824.94207610355, 6440.843597292692]
[5, 9, 0.325, 0.027256783001490394, False, 8, 4, 24311.032123189234, 5609.666974815908]
[6, 9, 0.325, 0.024881924824899426, False, 2, 1, 9116.282016027642, 9098.080149830077]
[6, 9, 0.325, 0.024881924824899426, False, 4, 2, 8763.260384912854, 8725.458868871188]
[6, 9, 0.325, 0.024881924824899426, False, 6, 3, 24701.890784381816, 7701.06349000107]
[7, 9, 0.325, 0.023036186123921516, False, 2, 1, 10296.224486669777, 10270.741553374599]
[7, 9, 0.325, 0.023036186123921516, False, 4, 2, 10104.591694634755, 10051.897510727846]
[8, 9, 0.325, 0.021548378993417577, False, 2, 1, 11391.011369397553, 11357.066359346183]
